year,month,date,nm_kecamatan,mean_ndvi,median_ndvi,min_ndvi,max_ndvi,std_ndvi
2001,1,2001-01,Ayah,0.4781231614859742,0.49195,0.0468,0.9062,0.13315811253535292
2001,1,2001-01,Buayan,0.5894518287243532,0.60195,0.15560000000000002,0.91785,0.13182777557066647
2001,1,2001-01,Puring,0.5745527397260274,0.5929,0.10830000000000001,0.93725,0.15383666188350759
2001,1,2001-01,Petanahan,0.7129336762688615,0.7402500000000001,0.271,0.9295,0.1254388856806614
2001,1,2001-01,Klirong,0.6831353623188406,0.7069500000000001,0.2048,0.8876000000000001,0.11516449169799316
2001,1,2001-01,Buluspesantren,0.6645871184371184,0.6831,0.15,0.8874500000000001,0.11661771315494497
2001,1,2001-01,Ambal,0.6747077603143418,0.71875,-0.020200000000000003,0.8833000000000001,0.1465580309731421
2001,1,2001-01,Mirit,0.5635282485875707,0.5726,-0.029900000000000003,0.8857,0.17107979551558894
2001,1,2001-01,Prembun,0.7013015189873417,0.71355,0.35200000000000004,0.91895,0.10846387439293136
2001,1,2001-01,Kutowinangun,0.7714161061946903,0.79435,0.41595000000000004,0.8885000000000001,0.07679400976170446
2001,1,2001-01,Alian,0.6253650480256137,0.638,0.2369,0.8596,0.12746299817918508
2001,1,2001-01,Kebumen,0.7054620078740157,0.7237,0.34505,0.8962,0.09224844497638764
2001,1,2001-01,Pejagoan,0.6521646048109966,0.6673,0.15480000000000002,0.8851,0.1257593134005367
2001,1,2001-01,Sruweng,0.7239769541778976,0.75295,0.35215,0.93655,0.11436557167135082
2001,1,2001-01,Adimulyo,0.6890680362116992,0.7147000000000001,0.31025,0.88065,0.10745760486775761
2001,1,2001-01,Kuwarasan,0.6638945392491469,0.6770750000000001,0.27105,0.8829,0.11321886806633052
2001,1,2001-01,Rowokele,0.6238518826135105,0.633,0.1867,0.89425,0.12205696225168002
2001,1,2001-01,Sempor,0.5713496904024769,0.59675,0.11945,0.86575,0.15519424945828256
2001,1,2001-01,Gombong,0.6736413897280967,0.6795,0.4053,0.8946000000000001,0.09152997854632663
2001,1,2001-01,Karanganyar,0.6728634951456312,0.6796,0.4136,0.8751500000000001,0.08782034556172091
2001,1,2001-01,Karanggayam,0.5421466703056769,0.546675,0.1706,0.8732000000000001,0.12739252735553622
2001,1,2001-01,Sadang,0.7011299793601651,0.70965,0.2661,0.9610500000000001,0.099247805805847
2001,1,2001-01,Bonorowo,0.6422887500000001,0.6644,0.22475,0.83645,0.12790457708274275
2001,1,2001-01,Padureso,0.6387661697247706,0.655675,0.1837,0.8442000000000001,0.10063394787276028
2001,1,2001-01,Poncowarno,0.6275742857142856,0.6278,0.2984,0.8748,0.12196824788698765
2001,1,2001-01,Karangsambung,0.5638187002652519,0.5760500000000001,0.12350000000000001,0.8948,0.12725271069877114
2001,2,2001-02,Ayah,0.7901935199386504,0.8186,-0.0337,0.9264,0.09886045328507077
2001,2,2001-02,Buayan,0.7813814171122994,0.7998500000000001,0.09340000000000001,0.9084500000000001,0.07783401104557554
2001,2,2001-02,Puring,0.7754677052423343,0.79905,0.0775,0.9249,0.09195542397323334
2001,2,2001-02,Petanahan,0.7432427236315087,0.7636000000000001,0.1071,0.86805,0.09492156007575242
2001,2,2001-02,Klirong,0.720504772079772,0.765075,-0.038200000000000005,0.87595,0.12707943343610298
2001,2,2001-02,Buluspesantren,0.7118629247572814,0.762175,0.2584,0.9008,0.13541932895250144
2001,2,2001-02,Ambal,0.7128860973187685,0.7654500000000001,0.12190000000000001,0.8699,0.1244282820692767
2001,2,2001-02,Mirit,0.6819790158371041,0.730775,-0.060200000000000004,0.8876000000000001,0.1441410202927848
2001,2,2001-02,Prembun,0.7534783544303798,0.7721,0.53885,0.8615,0.06387736970620535
2001,2,2001-02,Kutowinangun,0.7779629203539823,0.7897500000000001,0.47825,0.85275,0.053742651536060254
2001,2,2001-02,Alian,0.7932818569903949,0.8007500000000001,0.5532,0.8663500000000001,0.04160027260050498
2001,2,2001-02,Kebumen,0.7445344488188976,0.768575,0.33390000000000003,0.87675,0.0959406695709102
2001,2,2001-02,Pejagoan,0.7527953608247423,0.7923,0.37805,0.8718,0.09661250619380755
2001,2,2001-02,Sruweng,0.7674887466307279,0.793275,0.4474,0.9055500000000001,0.08001195504115141
2001,2,2001-02,Adimulyo,0.7261379526462396,0.7409749999999999,0.38825000000000004,0.90075,0.08540870399247748
2001,2,2001-02,Kuwarasan,0.7069251706484642,0.726975,0.31395,0.88275,0.11965020328210353
2001,2,2001-02,Rowokele,0.7429442967884828,0.7717,0.2928,0.89495,0.09058326894991581
2001,2,2001-02,Sempor,0.7017512074303407,0.73035,0.12715,0.8857,0.10757053887058222
2001,2,2001-02,Gombong,0.5478138972809667,0.5488500000000001,0.3245,0.80745,0.09191406421008064
2001,2,2001-02,Karanganyar,0.7643472815533982,0.78515,0.3947,0.868,0.07061276922112648
2001,2,2001-02,Karanggayam,0.7658576692139739,0.7804500000000001,0.30595,0.9095500000000001,0.07130806289177599
2001,2,2001-02,Sadang,0.7713951496388028,0.78985,0.43305000000000005,0.90895,0.0729521519412692
2001,2,2001-02,Bonorowo,0.6964251388888889,0.7004750000000001,0.35655000000000003,0.8905000000000001,0.10662209752455756
2001,2,2001-02,Padureso,0.7763599770642202,0.7962750000000001,0.10255,0.8619,0.07056339680116555
2001,2,2001-02,Poncowarno,0.7832220879120878,0.79895,0.50415,0.8816,0.06545798091043897
2001,2,2001-02,Karangsambung,0.7681520778072503,0.77985,0.2553,0.8743500000000001,0.06950500120431102
2001,3,2001-03,Ayah,0.7122586033950618,0.7374,0.11180000000000001,0.90475,0.1125354181612138
2001,3,2001-03,Buayan,0.6644683691756273,0.7039500000000001,0.10640000000000001,0.89675,0.14781147137277073
2001,3,2001-03,Puring,0.6004509625126647,0.6393500000000001,0.14955000000000002,0.88505,0.1714678387423846
2001,3,2001-03,Petanahan,0.5553730715287517,0.5589000000000001,0.1419,0.8577,0.18873100304900645
2001,3,2001-03,Klirong,0.6081285608308606,0.620175,0.2559,0.87685,0.15300157665691388
2001,3,2001-03,Buluspesantren,0.5676699157641396,0.55215,0.13290000000000002,0.8569,0.1566793485581742
2001,3,2001-03,Ambal,0.5616141843971632,0.5486,0.20935,0.8913500000000001,0.15091901958521248
2001,3,2001-03,Mirit,0.6354617579908676,0.645475,0.0152,0.8961,0.12275927153879643
2001,3,2001-03,Prembun,0.6429740506329115,0.64775,0.38380000000000003,0.8158000000000001,0.10193593336098243
2001,3,2001-03,Kutowinangun,0.6409984955752213,0.6798500000000001,0.29865,0.83945,0.12316977409230359
2001,3,2001-03,Alian,0.7214504802561366,0.7527,0.29285,0.87075,0.10760746239434196
2001,3,2001-03,Kebumen,0.5450792650918636,0.54505,0.2373,0.8592500000000001,0.10835051289618676
2001,3,2001-03,Pejagoan,0.6787053264604811,0.694975,0.3357,0.9102,0.1300937555356166
2001,3,2001-03,Sruweng,0.6450747978436658,0.718,0.1762,0.8924000000000001,0.18287935372026667
2001,3,2001-03,Adimulyo,0.4731281337047354,0.4817,-0.019100000000000002,0.80605,0.15712335105469277
2001,3,2001-03,Kuwarasan,0.5204829351535836,0.53955,0.1336,0.8365,0.15978691735538858
2001,3,2001-03,Rowokele,0.6726493355481729,0.7292500000000001,0.12825,0.9414,0.16481372516535378
2001,3,2001-03,Sempor,0.7253264086687308,0.7598,0.046150000000000004,0.89185,0.12129302842191174
2001,3,2001-03,Gombong,0.4454283987915408,0.4353,0.17215,0.84455,0.15455117596152973
2001,3,2001-03,Karanganyar,0.658933495145631,0.74475,-0.0112,0.8756,0.19707644756261583
2001,3,2001-03,Karanggayam,0.75618788209607,0.7711250000000001,0.3111,0.91285,0.07875674035749061
2001,3,2001-03,Sadang,0.759411403508772,0.7685500000000001,0.43835,0.91945,0.07524224803294913
2001,3,2001-03,Bonorowo,0.6725948611111111,0.6762,0.4441,0.8197500000000001,0.07238776586691242
2001,3,2001-03,Padureso,0.7539232798165137,0.7689,0.48550000000000004,0.86155,0.06172945162342723
2001,3,2001-03,Poncowarno,0.7194950549450551,0.7381000000000001,0.37220000000000003,0.8429500000000001,0.08388543340225937
2001,3,2001-03,Karangsambung,0.7603728116710876,0.77695,0.18925,0.92605,0.08164791198132205
2001,4,2001-04,Ayah,0.7088442307692308,0.764325,0.09335,0.91525,0.15315916795365023
2001,4,2001-04,Buayan,0.7126958370635632,0.74765,0.0854,0.9075000000000001,0.13864138229812475
2001,4,2001-04,Puring,0.5517055721393035,0.5786,-0.1106,0.85285,0.18945307581067508
2001,4,2001-04,Petanahan,0.5553729822161423,0.5904,0.07400000000000001,0.8577,0.20327453848032606
2001,4,2001-04,Klirong,0.5890848617176128,0.6082000000000001,0.1405,0.85945,0.1616046756666539
2001,4,2001-04,Buluspesantren,0.5404969424460432,0.5468500000000001,0.10500000000000001,0.8475,0.17535894706968894
2001,4,2001-04,Ambal,0.5314165350444224,0.5205000000000001,-0.0449,0.8787,0.18772009204423423
2001,4,2001-04,Mirit,0.5887848519362187,0.59045,-0.06670000000000001,0.89105,0.15224744292256182
2001,4,2001-04,Prembun,0.5684484810126582,0.5936,0.1887,0.8092,0.15992731520785125
2001,4,2001-04,Kutowinangun,0.6110751327433629,0.6598,0.167,0.8479,0.16123113435974232
2001,4,2001-04,Alian,0.6908415688367129,0.73285,0.20315,0.90725,0.13448064035028318
2001,4,2001-04,Kebumen,0.49423976377952755,0.48482500000000006,0.16195,0.9145500000000001,0.15471691597279588
2001,4,2001-04,Pejagoan,0.684235910652921,0.7317750000000001,0.21745,0.91605,0.15596799185608848
2001,4,2001-04,Sruweng,0.6285425876010782,0.6904750000000001,0.16205,0.9,0.18975722814266624
2001,4,2001-04,Adimulyo,0.48249422005571035,0.49555000000000005,0.00645,0.79925,0.15786784648798438
2001,4,2001-04,Kuwarasan,0.5665794368600683,0.6024,0.12075000000000001,0.8384,0.16132838986565673
2001,4,2001-04,Rowokele,0.7106057032115172,0.7449,0.1411,0.9348500000000001,0.13253287035864791
2001,4,2001-04,Sempor,0.7155238080495356,0.74305,-0.05645,0.9195500000000001,0.1139293271976776
2001,4,2001-04,Gombong,0.6302684290030212,0.62865,0.35225,0.8951,0.09288484948903915
2001,4,2001-04,Karanganyar,0.6705599029126214,0.69955,0.11655,0.93095,0.13959049036026666
2001,4,2001-04,Karanggayam,0.7258529475982533,0.7550749999999999,0.2346,0.91335,0.10732574631003498
2001,4,2001-04,Sadang,0.7750162022703819,0.8048500000000001,0.29765,0.9560000000000001,0.09304069792962952
2001,4,2001-04,Bonorowo,0.5573595833333334,0.577275,0.0998,0.8232,0.13761812006658036
2001,4,2001-04,Padureso,0.7497048165137615,0.76875,0.32170000000000004,0.87595,0.07841418605982625
2001,4,2001-04,Poncowarno,0.6861041758241759,0.7051000000000001,0.31525000000000003,0.8724500000000001,0.09939959340649075
2001,4,2001-04,Karangsambung,0.7049369142351901,0.72845,0.15405000000000002,0.89675,0.11433049316714776
2001,5,2001-05,Ayah,0.7321387747336378,0.7525250000000001,0.1685,0.8962,0.11281011470678406
2001,5,2001-05,Buayan,0.7913280214861237,0.80455,0.33530000000000004,0.918,0.07490630108170804
2001,5,2001-05,Puring,0.6833608508604208,0.719075,0.0026000000000000003,0.8823500000000001,0.13485064718146791
2001,5,2001-05,Petanahan,0.7464509472259813,0.76805,0.1487,0.88805,0.08538258434553413
2001,5,2001-05,Klirong,0.6887,0.72445,0.1383,0.8581500000000001,0.12264672051687965
2001,5,2001-05,Buluspesantren,0.6382405717761557,0.65605,0.2619,0.8812000000000001,0.1242348337977256
2001,5,2001-05,Ambal,0.5383611829025845,0.5279,0.08030000000000001,0.85895,0.15949701519014378
2001,5,2001-05,Mirit,0.5502463235294118,0.542025,-0.0456,0.875,0.15750489021551145
2001,5,2001-05,Prembun,0.6056793670886077,0.6522,0.0868,0.84275,0.1591981537274611
2001,5,2001-05,Kutowinangun,0.6333537168141593,0.68165,0.24255000000000002,0.8253,0.1388688435287032
2001,5,2001-05,Alian,0.7307360725720384,0.7585500000000001,0.13570000000000002,0.868,0.09800494978432157
2001,5,2001-05,Kebumen,0.6023211942257218,0.614725,0.30135,0.8713000000000001,0.11558729257580296
2001,5,2001-05,Pejagoan,0.7409158075601375,0.77905,0.28495000000000004,0.88405,0.1084614875318076
2001,5,2001-05,Sruweng,0.7855333557951483,0.800975,0.5001,0.9037000000000001,0.058057620055900934
2001,5,2001-05,Adimulyo,0.7580387186629526,0.784475,0.36015,0.8573000000000001,0.07885645551300194
2001,5,2001-05,Kuwarasan,0.7624955631399317,0.784225,0.46655,0.8557,0.0683785406888057
2001,5,2001-05,Rowokele,0.7736584717607975,0.79145,0.4924,0.9384,0.07369329730930665
2001,5,2001-05,Sempor,0.741446346749226,0.76495,-0.00755,0.90605,0.09450907712214941
2001,5,2001-05,Gombong,0.7308536253776435,0.75665,0.39330000000000004,0.8304,0.07984098690067375
2001,5,2001-05,Karanganyar,0.7831961165048544,0.79645,0.45155,0.873,0.052348715217457494
2001,5,2001-05,Karanggayam,0.7583084334061136,0.7773000000000001,0.29660000000000003,0.91735,0.0820720101895423
2001,5,2001-05,Sadang,0.7691686274509805,0.8059000000000001,0.29495,0.9223,0.10526918929552737
2001,5,2001-05,Bonorowo,0.5256054166666667,0.53715,0.16515000000000002,0.8063,0.1405832587130557
2001,5,2001-05,Padureso,0.7878552752293578,0.7989,0.28875,0.8711000000000001,0.055619422467859135
2001,5,2001-05,Poncowarno,0.7118229670329671,0.72035,0.4441,0.84035,0.06893620936435645
2001,5,2001-05,Karangsambung,0.7264449160035368,0.747,0.11895,0.89575,0.10564455064782109
2001,6,2001-06,Ayah,0.5961728438228439,0.6139,0.061900000000000004,0.9533,0.18473029161395246
2001,6,2001-06,Buayan,0.6154427158273381,0.63365,0.12390000000000001,0.93425,0.15437468931025797
2001,6,2001-06,Puring,0.6178553590010406,0.6536500000000001,0.15115,0.8872500000000001,0.1499705463448371
2001,6,2001-06,Petanahan,0.651465947075209,0.6703,0.12390000000000001,0.93335,0.13132540322383363
2001,6,2001-06,Klirong,0.6918145894428153,0.72555,0.2237,0.93125,0.12790647777266695
2001,6,2001-06,Buluspesantren,0.7081222017220172,0.74495,0.28835,0.8845000000000001,0.1176192764403666
2001,6,2001-06,Ambal,0.6314052899287895,0.6544,0.1506,0.8931,0.1415073903849652
2001,6,2001-06,Mirit,0.5241058125741399,0.5485,0.0152,0.885,0.1598507506798275
2001,6,2001-06,Prembun,0.6810217721518987,0.6973,0.41590000000000005,0.84235,0.08318556346513123
2001,6,2001-06,Kutowinangun,0.6797523008849559,0.7069500000000001,0.2954,0.8582500000000001,0.1089103561472547
2001,6,2001-06,Alian,0.7082006937033085,0.7409,0.21025000000000002,0.8912,0.10383421064343712
2001,6,2001-06,Kebumen,0.6864284120734908,0.704725,0.321,0.9058,0.09965458222136457
2001,6,2001-06,Pejagoan,0.680718556701031,0.6933,0.12645,0.9192,0.130568637461829
2001,6,2001-06,Sruweng,0.6833297169811321,0.7019500000000001,0.2626,0.9298500000000001,0.12465619239957042
2001,6,2001-06,Adimulyo,0.6320727019498608,0.6526000000000001,0.12335,0.879,0.12088264748809115
2001,6,2001-06,Kuwarasan,0.5559943686006825,0.5579500000000001,0.07050000000000001,0.8489,0.13753018350942883
2001,6,2001-06,Rowokele,0.618287707641196,0.63915,0.09870000000000001,0.9258000000000001,0.17512556746016425
2001,6,2001-06,Sempor,0.6280345820433437,0.6531,0.052250000000000005,0.92705,0.1599038658293734
2001,6,2001-06,Gombong,0.5475667673716011,0.53705,0.30485,0.86375,0.1017439850199383
2001,6,2001-06,Karanganyar,0.679504854368932,0.7052,0.0854,0.887,0.12376496483304322
2001,6,2001-06,Karanggayam,0.6176514465065502,0.65495,0.06670000000000001,0.9404,0.16289955353986157
2001,6,2001-06,Sadang,0.7065958720330238,0.7317,0.23925000000000002,0.9253,0.1277985194445819
2001,6,2001-06,Bonorowo,0.5827425,0.6055,0.1308,0.89615,0.168721047102656
2001,6,2001-06,Padureso,0.7103788990825689,0.7531000000000001,0.24095000000000003,0.86275,0.11823302665265968
2001,6,2001-06,Poncowarno,0.7149317582417583,0.7302500000000001,0.35685,0.9094000000000001,0.08718509618569327
2001,6,2001-06,Karangsambung,0.6121630415561451,0.6247,0.09165000000000001,0.92525,0.13655892703419095
2001,7,2001-07,Ayah,0.6919003393665158,0.71925,0.0478,0.89085,0.1412207641158214
2001,7,2001-07,Buayan,0.6610950490633364,0.6758000000000001,0.2189,0.9218500000000001,0.12571161000243525
2001,7,2001-07,Puring,0.60296171875,0.6109249999999999,-0.0453,0.8892500000000001,0.13609171218471097
2001,7,2001-07,Petanahan,0.5902330428954423,0.605275,0.00030000000000000003,0.85495,0.11977783801639968
2001,7,2001-07,Klirong,0.6411865303244006,0.6703,0.15910000000000002,0.81215,0.11340204081755396
2001,7,2001-07,Buluspesantren,0.6542446601941748,0.6831750000000001,0.21885000000000002,0.83115,0.12059709608086325
2001,7,2001-07,Ambal,0.6869514313919053,0.7361500000000001,-0.023200000000000002,0.86675,0.14128083795466825
2001,7,2001-07,Mirit,0.6437503401360545,0.6882,-0.044700000000000004,0.84645,0.15208696847728254
2001,7,2001-07,Prembun,0.7166437974683544,0.72135,0.51465,0.82675,0.05519489582216584
2001,7,2001-07,Kutowinangun,0.735186371681416,0.7475,0.4179,0.82825,0.057092325477495
2001,7,2001-07,Alian,0.7256445570971185,0.73945,0.4204,0.8324,0.062268798212109074
2001,7,2001-07,Kebumen,0.6734602362204725,0.6847000000000001,0.29325,0.8318000000000001,0.07111850559085876
2001,7,2001-07,Pejagoan,0.7189912371134021,0.742975,0.40315,0.86575,0.08268333643632643
2001,7,2001-07,Sruweng,0.6630652964959569,0.706775,0.24325000000000002,0.86455,0.14093671728888876
2001,7,2001-07,Adimulyo,0.5738021587743732,0.5872250000000001,0.3257,0.7807000000000001,0.1019115913088952
2001,7,2001-07,Kuwarasan,0.5676806313993173,0.578825,0.32335,0.7968000000000001,0.10333347143371946
2001,7,2001-07,Rowokele,0.6940071982281285,0.732,0.27665,0.90025,0.138500621145972
2001,7,2001-07,Sempor,0.7151744891640868,0.7367,0.14945,0.8744500000000001,0.09452587327085797
2001,7,2001-07,Gombong,0.5290043806646526,0.51895,0.30645,0.7987000000000001,0.10441940098737419
2001,7,2001-07,Karanganyar,0.6819425242718448,0.74165,0.29915,0.90805,0.12851579116994075
2001,7,2001-07,Karanggayam,0.7216694323144105,0.72985,0.33265,0.923,0.07318297555538866
2001,7,2001-07,Sadang,0.7556346233230135,0.7714000000000001,0.5084000000000001,0.8788,0.069419726535679
2001,7,2001-07,Bonorowo,0.7178133333333335,0.748475,0.34905,0.8429000000000001,0.09709324078202126
2001,7,2001-07,Padureso,0.7418739678899082,0.7606,0.1862,0.8411000000000001,0.08147663616588025
2001,7,2001-07,Poncowarno,0.7397506593406593,0.7448,0.5829,0.8297,0.04774533875879031
2001,7,2001-07,Karangsambung,0.7199295313881521,0.729,0.22145,0.8572000000000001,0.0773977007648706
2001,8,2001-08,Ayah,0.6904412320483749,0.71675,0.1691,0.9246000000000001,0.12249729402441685
2001,8,2001-08,Buayan,0.6745229017857144,0.6910750000000001,0.23600000000000002,0.8773500000000001,0.10795586525896489
2001,8,2001-08,Puring,0.5272962561576355,0.5068,0.1802,0.8884000000000001,0.15555431478442702
2001,8,2001-08,Petanahan,0.5290576,0.524775,0.11560000000000001,0.8587,0.159981415656861
2001,8,2001-08,Klirong,0.5299304034582133,0.532375,0.19720000000000001,0.8014,0.12187214457446854
2001,8,2001-08,Buluspesantren,0.5327608536585366,0.527625,0.1408,0.81435,0.1350888451931274
2001,8,2001-08,Ambal,0.5394329220138202,0.5437000000000001,-0.0557,0.80525,0.1367835174325293
2001,8,2001-08,Mirit,0.5950709223847019,0.6263500000000001,-0.066,0.8318500000000001,0.13623603180520508
2001,8,2001-08,Prembun,0.5986487341772152,0.60095,0.41195000000000004,0.8437,0.07403910606055285
2001,8,2001-08,Kutowinangun,0.6100621238938053,0.622,0.3929,0.7558,0.07839725731670152
2001,8,2001-08,Alian,0.6637140875133405,0.685,0.31585,0.7898000000000001,0.08387205716665677
2001,8,2001-08,Kebumen,0.527659908136483,0.5229250000000001,0.26745,0.79635,0.09486700597379737
2001,8,2001-08,Pejagoan,0.6548994845360825,0.6935,0.3377,0.80015,0.10142771603703946
2001,8,2001-08,Sruweng,0.6370020889487871,0.691225,0.3316,0.8032,0.12855866807733962
2001,8,2001-08,Adimulyo,0.5154293871866296,0.5301750000000001,0.30215000000000003,0.7330500000000001,0.0900376543787717
2001,8,2001-08,Kuwarasan,0.5824504266211604,0.595175,0.29315,0.7729,0.09191483591019568
2001,8,2001-08,Rowokele,0.6925532668881507,0.71135,0.3255,0.9121,0.10386859749609527
2001,8,2001-08,Sempor,0.6750610835913312,0.68735,0.29705000000000004,0.8235,0.0762233924610323
2001,8,2001-08,Gombong,0.6036117824773414,0.5913,0.39835000000000004,0.7676000000000001,0.07836917599649497
2001,8,2001-08,Karanganyar,0.6603510679611649,0.70215,0.38870000000000005,0.7858,0.0962065010712583
2001,8,2001-08,Karanggayam,0.6506871179039302,0.65325,0.3013,0.8062,0.07618000083899247
2001,8,2001-08,Sadang,0.7059130546955624,0.7150000000000001,0.3816,0.8387,0.08382949987249817
2001,8,2001-08,Bonorowo,0.6292477777777777,0.6430250000000001,0.33725,0.8307,0.10157722025935384
2001,8,2001-08,Padureso,0.7052183486238531,0.713825,0.3859,0.7991,0.052799224786909946
2001,8,2001-08,Poncowarno,0.6692441758241758,0.66635,0.49665000000000004,0.7805000000000001,0.057808064232032545
2001,8,2001-08,Karangsambung,0.6722669761273209,0.6808000000000001,0.2074,0.8307,0.0764112316128044
2001,9,2001-09,Ayah,0.5984678598629094,0.61685,-0.0407,0.88705,0.15193218470736022
2001,9,2001-09,Buayan,0.49908213012477726,0.4927,-0.0235,0.85675,0.1412305971221043
2001,9,2001-09,Puring,0.4973439334637966,0.504575,-0.0039000000000000003,0.9068,0.1748111954178907
2001,9,2001-09,Petanahan,0.499104255319149,0.48905,0.01805,0.8153,0.15518481381246452
2001,9,2001-09,Klirong,0.5481042203147354,0.53425,0.0665,0.8472000000000001,0.1200365650958674
2001,9,2001-09,Buluspesantren,0.5492142156862745,0.545425,0.2195,0.86655,0.1405350112512005
2001,9,2001-09,Ambal,0.4507384043607533,0.42410000000000003,-0.025900000000000003,0.9700000000000001,0.1571517928481017
2001,9,2001-09,Mirit,0.48789499431171784,0.47490000000000004,-0.056400000000000006,0.85385,0.15039137602192829
2001,9,2001-09,Prembun,0.5240110126582279,0.5189,0.23970000000000002,0.79285,0.10995031161525182
2001,9,2001-09,Kutowinangun,0.36448230088495576,0.3584,0.07895,0.8097500000000001,0.1256505797838421
2001,9,2001-09,Alian,0.48384172892209176,0.47935,0.09325,0.8380000000000001,0.14743822183057753
2001,9,2001-09,Kebumen,0.44593589238845144,0.43955,0.07955000000000001,0.8101,0.13283446856088196
2001,9,2001-09,Pejagoan,0.4301115120274914,0.424175,0.08535000000000001,0.88885,0.1412110804141601
2001,9,2001-09,Sruweng,0.4602479784366577,0.462525,0.09915,0.89395,0.12636502335156294
2001,9,2001-09,Adimulyo,0.3887774373259053,0.385625,0.10885,0.7319,0.12227045413636951
2001,9,2001-09,Kuwarasan,0.4657824232081911,0.45972500000000005,0.11420000000000001,0.8767,0.1494139582778589
2001,9,2001-09,Rowokele,0.46911384274640083,0.46125000000000005,0.07965,0.8380000000000001,0.16688159371244715
2001,9,2001-09,Sempor,0.3753888854489164,0.37045,0.0623,0.8237,0.13545164468655735
2001,9,2001-09,Gombong,0.34871933534743205,0.3398,0.131,0.8612000000000001,0.1173357347156018
2001,9,2001-09,Karanganyar,0.4435739805825243,0.45315,0.1332,0.8260000000000001,0.1382182755351909
2001,9,2001-09,Karanggayam,0.4672171670305677,0.469175,0.0814,0.8561500000000001,0.13978777101962767
2001,9,2001-09,Sadang,0.5649121775025799,0.5750000000000001,0.1136,0.8885000000000001,0.14217268481620787
2001,9,2001-09,Bonorowo,0.5502769444444444,0.5441,0.33140000000000003,0.8086,0.10286367385523867
2001,9,2001-09,Padureso,0.5206827981651376,0.522475,0.10015,0.9106000000000001,0.13731664577315622
2001,9,2001-09,Poncowarno,0.4004349450549451,0.38635,0.0707,0.775,0.1329330915265239
2001,9,2001-09,Karangsambung,0.4972762157382847,0.5064000000000001,0.09845000000000001,0.8575,0.17154925401150525
2001,10,2001-10,Ayah,0.42258379228953585,0.38620000000000004,-0.1115,0.9241,0.21494028011846578
2001,10,2001-10,Buayan,0.45131487826871053,0.459,-0.1567,0.9686,0.19477324154446632
2001,10,2001-10,Puring,0.49145428571428573,0.5760000000000001,-0.1957,0.8992,0.31740331574981945
2001,10,2001-10,Petanahan,0.4634733606557377,0.4577,-0.19290000000000002,0.8721,0.28899825634916726
2001,10,2001-10,Klirong,0.5345038235294117,0.5538000000000001,-0.1018,0.8799,0.19659098615735615
2001,10,2001-10,Buluspesantren,0.45465487959442336,0.4576,-0.17900000000000002,0.9824,0.24617784840747098
2001,10,2001-10,Ambal,0.4464445454545455,0.4534,-0.152,0.8817,0.24930065116695574
2001,10,2001-10,Mirit,0.49266733254994133,0.5308,-0.1393,0.8696,0.19454395082751355
2001,10,2001-10,Prembun,0.4849516709511568,0.5588000000000001,-0.1792,0.9770000000000001,0.22283953309514312
2001,10,2001-10,Kutowinangun,0.46221492007104803,0.4716,-0.19190000000000002,0.9325,0.22231989527307233
2001,10,2001-10,Alian,0.4605338313767343,0.43270000000000003,0.0766,0.9838,0.19457368432375027
2001,10,2001-10,Kebumen,0.38549540682414696,0.34400000000000003,-0.08170000000000001,0.9803000000000001,0.18729987014639252
2001,10,2001-10,Pejagoan,0.4948750859106529,0.4739,0.077,0.9239,0.20602652745466296
2001,10,2001-10,Sruweng,0.432089218328841,0.44255,-0.0589,0.9331,0.18696136661387436
2001,10,2001-10,Adimulyo,0.2672688350983358,0.2684,-0.1996,0.7206,0.2010234106913807
2001,10,2001-10,Kuwarasan,0.3500205776173285,0.36675,-0.1932,0.9462,0.2291872826209819
2001,10,2001-10,Rowokele,0.3895424141749724,0.4016,0.0465,0.9700000000000001,0.1957302129540896
2001,10,2001-10,Sempor,0.40247560371517027,0.40940000000000004,-0.008700000000000001,0.9629000000000001,0.1576277917433937
2001,10,2001-10,Gombong,0.3014833836858006,0.26330000000000003,0.0661,0.8907,0.151930881273766
2001,10,2001-10,Karanganyar,0.45532884990253414,0.4743,-0.1942,0.9731000000000001,0.20016528274215406
2001,10,2001-10,Karanggayam,0.500115884279476,0.5236000000000001,0.0468,0.9971000000000001,0.17206297292767989
2001,10,2001-10,Sadang,0.6482230134158927,0.6774,0.048100000000000004,0.9450000000000001,0.16158327268361156
2001,10,2001-10,Bonorowo,0.4630666666666667,0.4656,-0.0903,0.9105000000000001,0.21713817886825482
2001,10,2001-10,Padureso,0.5232802752293577,0.5897000000000001,0.0507,0.8259000000000001,0.20727663832284543
2001,10,2001-10,Poncowarno,0.47548703296703304,0.46440000000000003,0.0589,0.9600000000000001,0.17251620400716816
2001,10,2001-10,Karangsambung,0.5174844385499558,0.5513,0.0614,0.9877,0.1977595132939197
2001,11,2001-11,Ayah,0.47000637813211843,0.4692,0.0177,0.89685,0.1783981791280144
2001,11,2001-11,Buayan,0.5384038943598926,0.5469,0.10600000000000001,0.8806,0.18142556086885803
2001,11,2001-11,Puring,0.4759154187192119,0.47545000000000004,0.013600000000000001,0.8902500000000001,0.27754892703401157
2001,11,2001-11,Petanahan,0.4163762907608696,0.376975,0.11030000000000001,0.88875,0.18183550243004284
2001,11,2001-11,Klirong,0.5057042263610315,0.49107500000000004,0.09140000000000001,0.89615,0.21183560829742387
2001,11,2001-11,Buluspesantren,0.4630669451073986,0.424275,0.06065,0.8649,0.2166733190795077
2001,11,2001-11,Ambal,0.3787113077679449,0.36235,-0.018500000000000003,0.8813000000000001,0.17522475464688944
2001,11,2001-11,Mirit,0.4242439325842697,0.423225,-0.0066,0.7932,0.1616317008386519
2001,11,2001-11,Prembun,0.4699749367088608,0.47155,0.10575000000000001,0.7855500000000001,0.1302656667306987
2001,11,2001-11,Kutowinangun,0.4144301769911505,0.41735,0.0955,0.74405,0.13714997180583144
2001,11,2001-11,Alian,0.45658729989327645,0.45680000000000004,0.1428,0.85785,0.12937482554339924
2001,11,2001-11,Kebumen,0.3643160104986876,0.34347500000000003,0.1287,0.7993,0.12853569354076377
2001,11,2001-11,Pejagoan,0.4406442439862543,0.434325,0.13,0.8873500000000001,0.14869767284429225
2001,11,2001-11,Sruweng,0.4276952156334233,0.4134,0.1268,0.87,0.1473895387722913
2001,11,2001-11,Adimulyo,0.31319317548746517,0.304075,-0.062200000000000005,0.7595500000000001,0.1356590730869397
2001,11,2001-11,Kuwarasan,0.3662983788395905,0.359825,-0.0603,0.78395,0.1768469669036007
2001,11,2001-11,Rowokele,0.4648347729789591,0.47225,-0.0194,0.8384,0.18348609828762388
2001,11,2001-11,Sempor,0.40026857585139314,0.39925,-0.00795,0.7684000000000001,0.11549029877026948
2001,11,2001-11,Gombong,0.4017809667673717,0.37935,0.15055000000000002,0.72775,0.13492355416513369
2001,11,2001-11,Karanganyar,0.40495524271844663,0.40085000000000004,0.13365000000000002,0.7453500000000001,0.1283354292457791
2001,11,2001-11,Karanggayam,0.43380103711790396,0.43967500000000004,0.1125,0.8824000000000001,0.11898297082392068
2001,11,2001-11,Sadang,0.5266390092879257,0.53285,0.14425000000000002,0.9225000000000001,0.14544892876077245
2001,11,2001-11,Bonorowo,0.3528380555555556,0.348125,0.0874,0.73055,0.1251506397710696
2001,11,2001-11,Padureso,0.5985728211009175,0.619325,0.2026,0.8484,0.13461892030882874
2001,11,2001-11,Poncowarno,0.4607501098901099,0.4519,0.17625000000000002,0.81105,0.12116616981971137
2001,11,2001-11,Karangsambung,0.45182763041556145,0.45435000000000003,0.10450000000000001,0.76065,0.10978252887583916
2001,12,2001-12,Ayah,0.7261166666666666,0.785,0.11570000000000001,0.9860000000000001,0.15865545519338947
2001,12,2001-12,Buayan,0.7006484794275493,0.73275,0.3383,0.9269000000000001,0.11721537665181576
2001,12,2001-12,Puring,0.6166010679611651,0.6570750000000001,0.1463,0.8666,0.1543159114386177
2001,12,2001-12,Petanahan,0.6962924489795919,0.7009500000000001,0.33680000000000004,0.8995000000000001,0.10233538253122437
2001,12,2001-12,Klirong,0.6506110625909753,0.66245,0.36255000000000004,0.8924000000000001,0.09195029649019677
2001,12,2001-12,Buluspesantren,0.6004759828009828,0.616825,0.1131,0.9297000000000001,0.12711865550481194
2001,12,2001-12,Ambal,0.5718071071071071,0.5719000000000001,0.1012,0.9351,0.14174689957130499
2001,12,2001-12,Mirit,0.5287009049773755,0.521375,0.07690000000000001,0.93325,0.16090606926716303
2001,12,2001-12,Prembun,0.5977515189873418,0.5920500000000001,0.17645,0.86905,0.14016539203482062
2001,12,2001-12,Kutowinangun,0.5940335398230088,0.60145,0.2024,0.8779,0.1381818989844136
2001,12,2001-12,Alian,0.6810475453575241,0.6988000000000001,0.2034,0.9097500000000001,0.11471524738340208
2001,12,2001-12,Kebumen,0.5651122047244095,0.5625,0.23795000000000002,0.87995,0.11167964129090953
2001,12,2001-12,Pejagoan,0.6758763745704467,0.6963250000000001,0.18015,0.9248000000000001,0.1337212630120199
2001,12,2001-12,Sruweng,0.755711590296496,0.7842,0.44615000000000005,0.9168000000000001,0.09216629264046704
2001,12,2001-12,Adimulyo,0.6368835654596101,0.66585,0.19190000000000002,0.8974500000000001,0.15566613540458962
2001,12,2001-12,Kuwarasan,0.6009843003412969,0.607375,0.16695000000000002,0.88185,0.168150485053799
2001,12,2001-12,Rowokele,0.6272851605758584,0.64475,0.11765,0.9271,0.14348544678751793
2001,12,2001-12,Sempor,0.5340678637770898,0.5347500000000001,0.048350000000000004,0.8956500000000001,0.13673381770924
2001,12,2001-12,Gombong,0.7245771903323263,0.74395,0.40650000000000003,0.878,0.08908128489243765
2001,12,2001-12,Karanganyar,0.737893786407767,0.754,0.48825,0.8751500000000001,0.07899606251852118
2001,12,2001-12,Karanggayam,0.6257051037117903,0.6359,0.18675,0.90475,0.1380925594495111
2001,12,2001-12,Sadang,0.7270520639834882,0.7488,0.2669,0.9507000000000001,0.11268392776132422
2001,12,2001-12,Bonorowo,0.5215712499999999,0.5296000000000001,0.14880000000000002,0.85445,0.1367126817853322
2001,12,2001-12,Padureso,0.6506510321100918,0.664825,0.26715,0.9134,0.12319750242311144
2001,12,2001-12,Poncowarno,0.6672571428571429,0.68925,0.26125000000000004,0.8631500000000001,0.10474153373203982
2001,12,2001-12,Karangsambung,0.6349388594164458,0.6476500000000001,0.165,0.88465,0.11711128812389396
2002,1,2002-01,Ayah,0.7087698708206688,0.7449,0.0685,0.9369000000000001,0.1280920923575198
2002,1,2002-01,Buayan,0.7244446284691137,0.7441,0.18465,0.91515,0.10694885960155139
2002,1,2002-01,Puring,0.7006418065153012,0.7273000000000001,0.0252,0.92625,0.13402486579558387
2002,1,2002-01,Petanahan,0.7340736449864499,0.79505,0.032,0.89885,0.14150147599896196
2002,1,2002-01,Klirong,0.7476271223021583,0.7704000000000001,0.26705,0.9268000000000001,0.11071003428975298
2002,1,2002-01,Buluspesantren,0.761646022031824,0.80625,0.2298,0.904,0.12330638115980277
2002,1,2002-01,Ambal,0.7570956200787402,0.7965,0.043500000000000004,0.9164500000000001,0.11274962889933757
2002,1,2002-01,Mirit,0.6704572170900693,0.709025,-0.0408,0.87075,0.1325960948867157
2002,1,2002-01,Prembun,0.7574498734177215,0.7683500000000001,0.5286000000000001,0.9158000000000001,0.06510848653571452
2002,1,2002-01,Kutowinangun,0.7869126548672567,0.8022,0.47415,0.8924000000000001,0.06440520841382152
2002,1,2002-01,Alian,0.7601227854855923,0.7743,0.40175,0.9126500000000001,0.07789754628494013
2002,1,2002-01,Kebumen,0.7517082020997377,0.764575,0.34450000000000003,0.8863000000000001,0.07833308270108626
2002,1,2002-01,Pejagoan,0.7753105670103093,0.80035,0.4469,0.90225,0.08102962036915827
2002,1,2002-01,Sruweng,0.80542102425876,0.8235250000000001,0.47375,0.8883500000000001,0.06377050663278101
2002,1,2002-01,Adimulyo,0.8210525766016712,0.824775,0.55335,0.8882500000000001,0.0349948246817038
2002,1,2002-01,Kuwarasan,0.8179213310580206,0.8376000000000001,0.5181,0.9286000000000001,0.06527796085182434
2002,1,2002-01,Rowokele,0.7386706533776302,0.7766000000000001,0.32630000000000003,0.90375,0.10987090528247602
2002,1,2002-01,Sempor,0.7146161609907122,0.7418,0.076,0.9221,0.11331806287391831
2002,1,2002-01,Gombong,0.762722658610272,0.7857500000000001,0.41195000000000004,0.877,0.08467385304750602
2002,1,2002-01,Karanganyar,0.7947966990291263,0.81625,0.4475,0.8979,0.075371393319025
2002,1,2002-01,Karanggayam,0.7367758733624454,0.756275,0.36895,0.9085500000000001,0.08956044873991466
2002,1,2002-01,Sadang,0.7131031475748194,0.73045,0.26425000000000004,0.9279000000000001,0.1004539358253668
2002,1,2002-01,Bonorowo,0.6671897222222222,0.679875,0.41585,0.7956500000000001,0.0879693209933665
2002,1,2002-01,Padureso,0.7293989678899083,0.764575,0.27975,0.8654000000000001,0.1041880304126832
2002,1,2002-01,Poncowarno,0.7679274725274726,0.7887000000000001,0.51265,0.88505,0.06831809160730874
2002,1,2002-01,Karangsambung,0.719130857648099,0.74185,0.28665,0.9022,0.09315404103313447
2002,2,2002-02,Ayah,0.7737611111111111,0.7946250000000001,0.1447,0.9774,0.08173655409500424
2002,2,2002-02,Buayan,0.7481111011638317,0.76185,0.45420000000000005,0.9368000000000001,0.08445350480530305
2002,2,2002-02,Puring,0.7655972986748216,0.7917000000000001,0.3114,0.90185,0.084493769775216
2002,2,2002-02,Petanahan,0.7193668049792532,0.7372500000000001,0.1063,0.88305,0.10151681904078631
2002,2,2002-02,Klirong,0.7562716911764706,0.783625,0.1506,0.8994500000000001,0.09964000951628131
2002,2,2002-02,Buluspesantren,0.7574285024154589,0.792,0.261,0.8917,0.1041799465293986
2002,2,2002-02,Ambal,0.7443643353174604,0.7855000000000001,0.0645,0.8863500000000001,0.117374243833267
2002,2,2002-02,Mirit,0.7196526041666667,0.7530000000000001,0.0946,0.89475,0.12113429866096578
2002,2,2002-02,Prembun,0.7727670886075949,0.78015,0.5298,0.8723500000000001,0.049535758907188816
2002,2,2002-02,Kutowinangun,0.7911423893805309,0.7963,0.4768,0.9004000000000001,0.052763803164473995
2002,2,2002-02,Alian,0.7726493062966917,0.7769,0.33440000000000003,0.8841,0.049282082303053774
2002,2,2002-02,Kebumen,0.7578487532808398,0.773,0.3456,0.9155000000000001,0.07775118114669086
2002,2,2002-02,Pejagoan,0.7436768900343643,0.764275,0.33965,0.8855500000000001,0.087187482812778
2002,2,2002-02,Sruweng,0.7486896900269543,0.7775750000000001,0.5024500000000001,0.9001,0.07485572208508617
2002,2,2002-02,Adimulyo,0.6933121866295265,0.7023250000000001,0.4641,0.8430500000000001,0.08352661049020176
2002,2,2002-02,Kuwarasan,0.7017610068259386,0.7081500000000001,0.46005,0.8574,0.08550795700261495
2002,2,2002-02,Rowokele,0.7359137873754154,0.7633500000000001,0.19165000000000001,0.9165500000000001,0.10050130319781815
2002,2,2002-02,Sempor,0.7259335294117647,0.7447,0.1086,0.8724500000000001,0.08948960951804326
2002,2,2002-02,Gombong,0.5749980362537764,0.5653,0.36455000000000004,0.83165,0.0859908953450679
2002,2,2002-02,Karanganyar,0.7562304854368932,0.7721,0.51915,0.8827,0.06320945181532173
2002,2,2002-02,Karanggayam,0.7274859716157206,0.7372750000000001,0.26175000000000004,0.9176500000000001,0.07575277766489354
2002,2,2002-02,Sadang,0.7674398864809082,0.78745,0.38895,0.9162,0.07590179349539684
2002,2,2002-02,Bonorowo,0.7570208333333335,0.7698,0.4988,0.9076500000000001,0.07374691036371928
2002,2,2002-02,Padureso,0.7805653669724771,0.788575,0.33845000000000003,0.8560000000000001,0.048083156825214544
2002,2,2002-02,Poncowarno,0.787993186813187,0.7911,0.5384,0.8904000000000001,0.04634237561623605
2002,2,2002-02,Karangsambung,0.7409217064544652,0.7524500000000001,0.18155000000000002,0.9058,0.07848869730929942
2002,3,2002-03,Ayah,0.6766294410413477,0.7058,0.19025,0.91695,0.1227042796695704
2002,3,2002-03,Buayan,0.673041157989228,0.7183,0.15965000000000001,0.93945,0.15343955097619308
2002,3,2002-03,Puring,0.557173138832998,0.56975,0.0876,0.83855,0.14387213390120604
2002,3,2002-03,Petanahan,0.559013795423957,0.5656,0.1337,0.8560000000000001,0.17197641335700617
2002,3,2002-03,Klirong,0.6048547864506628,0.59955,0.1995,0.8404,0.13967752702786018
2002,3,2002-03,Buluspesantren,0.5769053658536586,0.5554250000000001,0.1768,0.8227,0.11459801227041229
2002,3,2002-03,Ambal,0.5955161224489797,0.58065,0.07200000000000001,0.8662500000000001,0.12493529586682839
2002,3,2002-03,Mirit,0.6642146002317497,0.677,0.055600000000000004,0.88795,0.10019231843447818
2002,3,2002-03,Prembun,0.6444335443037975,0.6536000000000001,0.41900000000000004,0.80115,0.07502563676669488
2002,3,2002-03,Kutowinangun,0.6587233628318584,0.67995,0.3996,0.7963,0.0862546826904864
2002,3,2002-03,Alian,0.7318188900747065,0.7523000000000001,0.38070000000000004,0.8925000000000001,0.0962405942161385
2002,3,2002-03,Kebumen,0.5552041338582677,0.541175,0.25270000000000004,0.88215,0.10913714390810206
2002,3,2002-03,Pejagoan,0.677590120274914,0.684525,0.28785,0.89505,0.12757483772045858
2002,3,2002-03,Sruweng,0.6325040431266846,0.659875,0.23535,0.89105,0.16961247058831175
2002,3,2002-03,Adimulyo,0.5035141364902507,0.5133,0.16195,0.7616,0.12488098319523541
2002,3,2002-03,Kuwarasan,0.509488481228669,0.5224,0.05505,0.8056500000000001,0.1604442648793539
2002,3,2002-03,Rowokele,0.614223477297896,0.63925,0.12535000000000002,0.88695,0.15813870685594367
2002,3,2002-03,Sempor,0.6682334674922602,0.7127,0.13225,0.9426500000000001,0.1453566486993403
2002,3,2002-03,Gombong,0.44762930513595167,0.43270000000000003,0.19090000000000001,0.83765,0.15970059397268105
2002,3,2002-03,Karanganyar,0.6457445631067961,0.68465,0.22355,0.89615,0.16363252587379518
2002,3,2002-03,Karanggayam,0.7357706331877729,0.7602,0.15365,0.9331,0.10559334506689173
2002,3,2002-03,Sadang,0.7388913312693499,0.7642,0.1521,0.922,0.10006481234139779
2002,3,2002-03,Bonorowo,0.6860568055555556,0.6962,0.3401,0.8255,0.07716549280652138
2002,3,2002-03,Padureso,0.7227638761467889,0.7434000000000001,0.23125,0.8969,0.08004190285262504
2002,3,2002-03,Poncowarno,0.726642087912088,0.73745,0.39125000000000004,0.8445,0.07942488131916661
2002,3,2002-03,Karangsambung,0.7492758178603006,0.7664500000000001,0.21525,0.9306500000000001,0.08260007418659404
2002,4,2002-04,Ayah,0.753750192159877,0.79545,0.0071,0.9452,0.12681765034584325
2002,4,2002-04,Buayan,0.7588526833631486,0.79945,0.0122,0.93615,0.12044557371338563
2002,4,2002-04,Puring,0.593614994984955,0.6335500000000001,-0.0946,0.9802000000000001,0.1845581055013399
2002,4,2002-04,Petanahan,0.5666778145695364,0.5792,0.0103,0.9219,0.1913064437970406
2002,4,2002-04,Klirong,0.6000427650429799,0.629575,0.1741,0.8958,0.16032383905128553
2002,4,2002-04,Buluspesantren,0.57745696125908,0.5968,0.1559,0.87065,0.1449058744026884
2002,4,2002-04,Ambal,0.5721696446700507,0.5709000000000001,0.1389,0.8712000000000001,0.15188300579430314
2002,4,2002-04,Mirit,0.6054406574394464,0.6196,0.075,0.86685,0.13491730135783478
2002,4,2002-04,Prembun,0.5984846835443038,0.6057,0.24635,0.8179500000000001,0.13861521743990635
2002,4,2002-04,Kutowinangun,0.6441769911504426,0.68745,0.24335,0.82735,0.1361439937601528
2002,4,2002-04,Alian,0.7115846851654216,0.7593500000000001,0.22635000000000002,0.8488,0.1298943011835787
2002,4,2002-04,Kebumen,0.5166303805774279,0.502875,0.22995000000000002,0.85985,0.13951617287029788
2002,4,2002-04,Pejagoan,0.7046048109965636,0.762,0.3099,0.8764500000000001,0.14395329250694375
2002,4,2002-04,Sruweng,0.6554982479784366,0.7569000000000001,0.2416,0.8677,0.18821206364071189
2002,4,2002-04,Adimulyo,0.5215454735376045,0.5255000000000001,0.18130000000000002,0.8147500000000001,0.1357290401635452
2002,4,2002-04,Kuwarasan,0.5674763651877134,0.6011500000000001,0.14835,0.80525,0.15088403877569673
2002,4,2002-04,Rowokele,0.763596234772979,0.81015,0.08320000000000001,0.91035,0.13109164613666177
2002,4,2002-04,Sempor,0.754902600619195,0.7735000000000001,0.10715000000000001,0.8884500000000001,0.0837233659292596
2002,4,2002-04,Gombong,0.6144271903323263,0.6142500000000001,0.3771,0.8375,0.08694457084636532
2002,4,2002-04,Karanganyar,0.7015215533980582,0.77485,0.1814,0.86775,0.1496987274219848
2002,4,2002-04,Karanggayam,0.7687472434497817,0.7832250000000001,0.29065,0.8867,0.0677628144497433
2002,4,2002-04,Sadang,0.7730120743034057,0.7919,0.39875,0.9068,0.07251715717225378
2002,4,2002-04,Bonorowo,0.5900634722222222,0.6038250000000001,0.29595,0.78315,0.10513600328410237
2002,4,2002-04,Padureso,0.764168004587156,0.7800750000000001,0.19435000000000002,0.85255,0.06941091745096949
2002,4,2002-04,Poncowarno,0.7194079120879121,0.7373500000000001,0.40755,0.8439000000000001,0.07782440267476892
2002,4,2002-04,Karangsambung,0.7322666224580018,0.75415,0.18395,0.87485,0.09536040879899291
2002,5,2002-05,Ayah,0.764360015060241,0.8073,0.0302,0.9382,0.12674056713135257
2002,5,2002-05,Buayan,0.7806458407871198,0.80225,0.2215,0.8974000000000001,0.08314366953463655
2002,5,2002-05,Puring,0.6919733816425121,0.73875,-0.043000000000000003,0.8939,0.1541443303495223
2002,5,2002-05,Petanahan,0.767643012211669,0.7895500000000001,0.27140000000000003,0.8953500000000001,0.08578361303467043
2002,5,2002-05,Klirong,0.6921133915574964,0.70355,0.39805,0.86155,0.09813825142480678
2002,5,2002-05,Buluspesantren,0.5930668491484186,0.609475,0.13785,0.8714500000000001,0.1640784548009066
2002,5,2002-05,Ambal,0.5315442213516162,0.5528500000000001,-0.059050000000000005,0.8655,0.1962176475161542
2002,5,2002-05,Mirit,0.5616379703534778,0.5608000000000001,-0.03225,0.8437,0.1433424134445828
2002,5,2002-05,Prembun,0.5729378481012658,0.60555,0.2311,0.8129000000000001,0.14740442891059258
2002,5,2002-05,Kutowinangun,0.6189040707964603,0.6862,0.14085,0.8371500000000001,0.16483579203986895
2002,5,2002-05,Alian,0.7196943970117397,0.75175,0.2212,0.8634000000000001,0.10116619863944223
2002,5,2002-05,Kebumen,0.5785981627296588,0.5762,0.26305,0.8632000000000001,0.1239936349671727
2002,5,2002-05,Pejagoan,0.7391481099656358,0.7845500000000001,0.34155,0.91085,0.10643339626296994
2002,5,2002-05,Sruweng,0.7751864555256065,0.795925,0.48465,0.8738,0.07263816903143923
2002,5,2002-05,Adimulyo,0.7343297353760445,0.7796750000000001,0.2656,0.88615,0.1271763398761862
2002,5,2002-05,Kuwarasan,0.7797283276450512,0.8111250000000001,0.3798,0.8995500000000001,0.0964301823489497
2002,5,2002-05,Rowokele,0.7935892026578073,0.8116,0.4218,0.9255,0.06991234970622999
2002,5,2002-05,Sempor,0.7523221362229102,0.7764000000000001,0.1749,0.89175,0.08361043976962809
2002,5,2002-05,Gombong,0.7721021148036253,0.7981,0.4214,0.8855000000000001,0.08868664929344894
2002,5,2002-05,Karanganyar,0.782887572815534,0.79335,0.5528500000000001,0.8908,0.057986899767052666
2002,5,2002-05,Karanggayam,0.7377022652838428,0.7578,0.30910000000000004,0.8773500000000001,0.08586093705558316
2002,5,2002-05,Sadang,0.7553024767801857,0.78605,0.36785,0.8998,0.09683641397892082
2002,5,2002-05,Bonorowo,0.5494679166666666,0.558675,0.08505,0.7674000000000001,0.1304142988276795
2002,5,2002-05,Padureso,0.7749474770642203,0.7859,0.39155,0.8609,0.05467005363338321
2002,5,2002-05,Poncowarno,0.7137307692307693,0.7309,0.35860000000000003,0.84155,0.07649070983209057
2002,5,2002-05,Karangsambung,0.7195507515473033,0.73555,0.19045,0.8953000000000001,0.09332319579999741
2002,6,2002-06,Ayah,0.7710353343465046,0.792825,0.28450000000000003,0.92415,0.09675120416203152
2002,6,2002-06,Buayan,0.7271560931899642,0.75605,0.19920000000000002,0.9014000000000001,0.10964617017079956
2002,6,2002-06,Puring,0.6375713855421687,0.6647750000000001,-0.051500000000000004,0.86645,0.14283323579432716
2002,6,2002-06,Petanahan,0.7196620320855616,0.7426,-0.07830000000000001,0.877,0.11353256053552647
2002,6,2002-06,Klirong,0.7181076319543509,0.76275,0.19720000000000001,0.8885500000000001,0.12718143305504884
2002,6,2002-06,Buluspesantren,0.674182793764988,0.73055,0.0796,0.8603000000000001,0.14438391082715565
2002,6,2002-06,Ambal,0.6403959900990099,0.6753750000000001,0.014100000000000001,0.8487,0.13604604442694293
2002,6,2002-06,Mirit,0.5749602064220183,0.5852250000000001,0.035,0.8631000000000001,0.1405186847625204
2002,6,2002-06,Prembun,0.6919253164556963,0.6978500000000001,0.4929,0.7977500000000001,0.059714983104563774
2002,6,2002-06,Kutowinangun,0.7118462831858408,0.71685,0.43595,0.86075,0.07053365778116574
2002,6,2002-06,Alian,0.731468463180363,0.74085,0.47050000000000003,0.83565,0.05560105413098778
2002,6,2002-06,Kebumen,0.7200385826771654,0.7348,0.33425,0.8629,0.08212918366377012
2002,6,2002-06,Pejagoan,0.7226709621993128,0.748675,0.42865000000000003,0.8506,0.08017627325178543
2002,6,2002-06,Sruweng,0.7557163746630727,0.7683500000000001,0.47805000000000003,0.8842500000000001,0.05350575199635277
2002,6,2002-06,Adimulyo,0.7086794568245126,0.7175750000000001,0.36565000000000003,0.84155,0.07102555480403008
2002,6,2002-06,Kuwarasan,0.6875627986348123,0.712875,0.33415,0.861,0.13043780106670172
2002,6,2002-06,Rowokele,0.7737509966777408,0.79315,0.35885,0.88415,0.08607523187097606
2002,6,2002-06,Sempor,0.7021900309597524,0.7254,-0.0621,0.8450500000000001,0.10214518576478113
2002,6,2002-06,Gombong,0.499930664652568,0.48915000000000003,0.3139,0.77875,0.09437193133409649
2002,6,2002-06,Karanganyar,0.7216254368932039,0.7408,0.3996,0.8437,0.0735186563968722
2002,6,2002-06,Karanggayam,0.7058081331877729,0.71725,0.3159,0.8610500000000001,0.08281107361403366
2002,6,2002-06,Sadang,0.762526676986584,0.7876000000000001,0.44060000000000005,0.8726,0.0811421050088242
2002,6,2002-06,Bonorowo,0.5851895833333334,0.610825,0.17375000000000002,0.82365,0.13763384337757173
2002,6,2002-06,Padureso,0.7487034403669726,0.7566250000000001,0.30410000000000004,0.8571000000000001,0.052605956530375926
2002,6,2002-06,Poncowarno,0.7217496703296703,0.728,0.54545,0.8935000000000001,0.07133766159210561
2002,6,2002-06,Karangsambung,0.7056040229885058,0.71555,0.2215,0.85945,0.08546553673914929
2002,7,2002-07,Ayah,0.6761314155942467,0.6980500000000001,-0.0212,0.91405,0.1432784532165736
2002,7,2002-07,Buayan,0.5914012969588552,0.6017,0.1578,0.8796,0.12538928388810128
2002,7,2002-07,Puring,0.5418505911330049,0.54415,-0.0689,0.84025,0.1568918201224189
2002,7,2002-07,Petanahan,0.5513858,0.5444,0.1187,0.8354,0.13124544749575126
2002,7,2002-07,Klirong,0.6151588064046579,0.6663,0.20700000000000002,0.82045,0.14071826330539833
2002,7,2002-07,Buluspesantren,0.6027958937198068,0.6578250000000001,0.041,0.8238500000000001,0.1609461196337689
2002,7,2002-07,Ambal,0.6328812187812187,0.7121000000000001,0.007,0.8394,0.17689251314204166
2002,7,2002-07,Mirit,0.6096622876557192,0.65175,-0.09390000000000001,0.82715,0.16458677525924317
2002,7,2002-07,Prembun,0.7115374683544303,0.7262000000000001,0.4611,0.8217500000000001,0.07000990500389258
2002,7,2002-07,Kutowinangun,0.7123608849557523,0.72465,0.44210000000000005,0.8321000000000001,0.06806730278886748
2002,7,2002-07,Alian,0.6754009605122733,0.6803,0.45015,0.8308500000000001,0.05780870400221519
2002,7,2002-07,Kebumen,0.6893506561679791,0.7019000000000001,0.37765000000000004,0.8615,0.07218945596181538
2002,7,2002-07,Pejagoan,0.6635135738831615,0.6757250000000001,0.3834,0.82715,0.0715082546092528
2002,7,2002-07,Sruweng,0.6455127358490567,0.664925,0.33855,0.8715,0.10543916321277919
2002,7,2002-07,Adimulyo,0.5694691504178274,0.5699750000000001,0.3413,0.76915,0.08664083523568264
2002,7,2002-07,Kuwarasan,0.5694081058020478,0.5685,0.3073,0.86245,0.08231875513571987
2002,7,2002-07,Rowokele,0.6087083056478405,0.627,0.117,0.94635,0.13701355983572117
2002,7,2002-07,Sempor,0.6128414241486069,0.6261,0.06760000000000001,0.8749,0.0957207789804385
2002,7,2002-07,Gombong,0.5400867069486406,0.5317500000000001,0.35685,0.8268000000000001,0.07944701528183463
2002,7,2002-07,Karanganyar,0.6221439805825243,0.644,0.35415,0.8379000000000001,0.10123928116667588
2002,7,2002-07,Karanggayam,0.6154322871179039,0.6165750000000001,0.2856,0.85185,0.09495488010837426
2002,7,2002-07,Sadang,0.691306604747162,0.70565,0.38455,0.8716,0.09277278594447012
2002,7,2002-07,Bonorowo,0.6813645833333333,0.711425,0.33645,0.8563000000000001,0.10346652593334367
2002,7,2002-07,Padureso,0.6826603211009175,0.6903250000000001,0.29810000000000003,0.8069500000000001,0.06194990556440082
2002,7,2002-07,Poncowarno,0.6503306593406593,0.64785,0.45645,0.78635,0.06746326570323653
2002,7,2002-07,Karangsambung,0.6448873563218391,0.6521,0.2427,0.86865,0.08406422400180183
2002,8,2002-08,Ayah,0.6775557488653555,0.7039000000000001,-0.0964,0.8427,0.11197480005872346
2002,8,2002-08,Buayan,0.6020589892665474,0.609,0.22935,0.82465,0.10762645404849848
2002,8,2002-08,Puring,0.4872782818532818,0.484425,0.0835,0.79045,0.15451163777482518
2002,8,2002-08,Petanahan,0.5000358592692828,0.52005,0.1774,0.77105,0.14817481133939733
2002,8,2002-08,Klirong,0.49229430835734866,0.49387500000000006,0.2519,0.861,0.11162136488795317
2002,8,2002-08,Buluspesantren,0.4998308252427185,0.49872500000000003,0.2081,0.7675000000000001,0.12283192843083358
2002,8,2002-08,Ambal,0.5430894605394606,0.5584,-0.0741,0.77615,0.13175893610706116
2002,8,2002-08,Mirit,0.5702689437428244,0.6222,-0.1101,0.80245,0.15221996368717003
2002,8,2002-08,Prembun,0.5602660759493671,0.56005,0.33265,0.7522000000000001,0.07314150790264522
2002,8,2002-08,Kutowinangun,0.5711438938053097,0.57545,0.34400000000000003,0.7334,0.07451848700283886
2002,8,2002-08,Alian,0.5431177694770544,0.5568500000000001,0.2888,0.72235,0.07246050576020546
2002,8,2002-08,Kebumen,0.46833956692913387,0.4685,0.28155,0.67535,0.07163912386161782
2002,8,2002-08,Pejagoan,0.550251202749141,0.55175,0.29610000000000003,0.7294,0.08374633806589316
2002,8,2002-08,Sruweng,0.5732798517520216,0.60505,0.2401,0.73145,0.0965540513211532
2002,8,2002-08,Adimulyo,0.5536768105849582,0.5918749999999999,0.26730000000000004,0.72465,0.11616404550685397
2002,8,2002-08,Kuwarasan,0.6290797781569967,0.6619250000000001,0.26245,0.85155,0.10545972625393489
2002,8,2002-08,Rowokele,0.6543447951273533,0.6706500000000001,0.29660000000000003,0.8422000000000001,0.12348854455924699
2002,8,2002-08,Sempor,0.5532543653250774,0.555,0.16235,0.77315,0.08651391016028911
2002,8,2002-08,Gombong,0.5767083081570997,0.57525,0.38255,0.7759,0.08679047328322845
2002,8,2002-08,Karanganyar,0.5767863106796117,0.5798,0.3632,0.73445,0.0672641647982086
2002,8,2002-08,Karanggayam,0.5260282205240175,0.519225,0.301,0.7866000000000001,0.09430677171942184
2002,8,2002-08,Sadang,0.605855056759546,0.6164000000000001,0.34095000000000003,0.8197500000000001,0.10544428091621638
2002,8,2002-08,Bonorowo,0.6590898611111111,0.667775,0.4248,0.7708,0.07009170987382364
2002,8,2002-08,Padureso,0.5880661697247707,0.59275,0.1956,0.7571,0.06926747500016006
2002,8,2002-08,Poncowarno,0.5515669230769231,0.5447500000000001,0.35005000000000003,0.77295,0.07590614056285519
2002,8,2002-08,Karangsambung,0.5433607427055702,0.5402,0.198,0.75865,0.08898015401760923
2002,9,2002-09,Ayah,0.5990836750189826,0.61695,-0.0318,0.84965,0.1300915673048668
2002,9,2002-09,Buayan,0.524293671454219,0.528725,0.19455,0.8278500000000001,0.12988765511557163
2002,9,2002-09,Puring,0.42989233830845774,0.40225,0.0094,0.8173,0.14605231140816172
2002,9,2002-09,Petanahan,0.4373670198675497,0.43565000000000004,-0.0172,0.7674000000000001,0.14578357936217856
2002,9,2002-09,Klirong,0.4797053755522828,0.49415000000000003,0.2248,0.74455,0.113811227273193
2002,9,2002-09,Buluspesantren,0.4454880514705883,0.43755,0.22105000000000002,0.7153,0.12849103809254672
2002,9,2002-09,Ambal,0.4193450704225352,0.409875,0.1165,0.6969000000000001,0.1168090765223021
2002,9,2002-09,Mirit,0.44837312138728325,0.45225000000000004,0.12000000000000001,0.7045,0.10922035031096014
2002,9,2002-09,Prembun,0.4446496202531645,0.4449,0.2625,0.7562500000000001,0.0797855270248972
2002,9,2002-09,Kutowinangun,0.4437628318584071,0.43745,0.19175,0.6632,0.09575927663159914
2002,9,2002-09,Alian,0.45831163287086446,0.47185000000000005,0.21135,0.67715,0.0848783697740366
2002,9,2002-09,Kebumen,0.40147795275590553,0.38945,0.19265000000000002,0.6949500000000001,0.09575543630604216
2002,9,2002-09,Pejagoan,0.46370627147766325,0.467425,0.15505000000000002,0.7815000000000001,0.09420160825384112
2002,9,2002-09,Sruweng,0.48516024258760115,0.49175,0.2232,0.7383000000000001,0.10018143693389815
2002,9,2002-09,Adimulyo,0.44546051532033426,0.45727500000000004,0.22305,0.7467,0.09568694967026396
2002,9,2002-09,Kuwarasan,0.47611493174061437,0.4766,0.21695,0.7443000000000001,0.11928353823818237
2002,9,2002-09,Rowokele,0.510621650055371,0.5134500000000001,0.1877,0.796,0.11295838422250393
2002,9,2002-09,Sempor,0.4255511145510836,0.42685,0.08420000000000001,0.7330500000000001,0.09340898435317078
2002,9,2002-09,Gombong,0.3810438066465257,0.3783,0.22820000000000001,0.66435,0.07963690836938178
2002,9,2002-09,Karanganyar,0.4810108737864078,0.48965000000000003,0.24725000000000003,0.66335,0.07740506247846293
2002,9,2002-09,Karanggayam,0.438000191048035,0.4344,0.18560000000000001,0.7592,0.09449258903102743
2002,9,2002-09,Sadang,0.5407771413828689,0.5422,0.29545,0.77195,0.1018350596137917
2002,9,2002-09,Bonorowo,0.5158520833333333,0.5222,0.3156,0.6956,0.08297345284851153
2002,9,2002-09,Padureso,0.5369314220183486,0.55415,0.2174,0.71765,0.09244773311978524
2002,9,2002-09,Poncowarno,0.4425956043956044,0.44145,0.22940000000000002,0.7290500000000001,0.09653914956255354
2002,9,2002-09,Karangsambung,0.48718510167992934,0.48105000000000003,0.25715,0.7199500000000001,0.08719363266254385
2002,10,2002-10,Ayah,0.6221442879499218,0.62435,0.27030000000000004,0.9389000000000001,0.11138306061489837
2002,10,2002-10,Buayan,0.5360995499549955,0.5485,0.22970000000000002,0.7954,0.111397961648243
2002,10,2002-10,Puring,0.3970690851735016,0.38530000000000003,0.20320000000000002,0.7001000000000001,0.11778935006864677
2002,10,2002-10,Petanahan,0.4241242090784044,0.4229,0.1124,0.8357,0.12656339454579635
2002,10,2002-10,Klirong,0.459792784992785,0.4782,0.1579,0.8357,0.1180980552550057
2002,10,2002-10,Buluspesantren,0.4020555421686747,0.38780000000000003,0.014400000000000001,0.6654,0.1231602322449652
2002,10,2002-10,Ambal,0.370784004127967,0.35650000000000004,0.1359,0.6335000000000001,0.10274881895054398
2002,10,2002-10,Mirit,0.385329405034325,0.38480000000000003,0.0154,0.6667000000000001,0.10605899039811968
2002,10,2002-10,Prembun,0.46029240506329117,0.4691,0.23450000000000001,0.6196,0.06274817859508339
2002,10,2002-10,Kutowinangun,0.45602230088495577,0.4549,0.2106,0.672,0.08348672576390048
2002,10,2002-10,Alian,0.4434053361792956,0.45,0.2338,0.6254000000000001,0.06090985039773093
2002,10,2002-10,Kebumen,0.4129059055118111,0.4113,0.1918,0.6473,0.07745447772711772
2002,10,2002-10,Pejagoan,0.4506063573883163,0.4529,0.22160000000000002,0.6282,0.06789140796694981
2002,10,2002-10,Sruweng,0.4824246630727763,0.48550000000000004,0.1635,0.6436000000000001,0.07933692847108528
2002,10,2002-10,Adimulyo,0.44660668523676883,0.45035000000000003,0.2104,0.5997,0.09058970644352966
2002,10,2002-10,Kuwarasan,0.4792764505119454,0.47490000000000004,0.2209,0.6795,0.0933673006156931
2002,10,2002-10,Rowokele,0.6165503875968993,0.614,0.26130000000000003,0.9660000000000001,0.11298519134517107
2002,10,2002-10,Sempor,0.472875665634675,0.47400000000000003,0.2531,0.7092,0.08836468423653517
2002,10,2002-10,Gombong,0.3888054380664653,0.38770000000000004,0.2315,0.5756,0.06241566806479172
2002,10,2002-10,Karanganyar,0.45665378640776705,0.4671,0.2374,0.6011000000000001,0.06999061102243775
2002,10,2002-10,Karanggayam,0.42702494541484715,0.41800000000000004,0.1898,0.6886,0.08660406640385086
2002,10,2002-10,Sadang,0.5152555211558307,0.516,0.2858,0.7803,0.10689411875456761
2002,10,2002-10,Bonorowo,0.44320000000000004,0.4408,0.2073,0.6279,0.08652991839692084
2002,10,2002-10,Padureso,0.5081270642201835,0.5129,0.23070000000000002,0.6498,0.06133635946401309
2002,10,2002-10,Poncowarno,0.4774279120879122,0.47700000000000004,0.2441,0.642,0.06972070396643087
2002,10,2002-10,Karangsambung,0.44693183023872685,0.4398,0.1898,0.6607000000000001,0.08145388400965084
2002,11,2002-11,Ayah,0.49398836239575444,0.4837,0.03435,0.86905,0.14790020807813217
2002,11,2002-11,Buayan,0.4529472370766489,0.45085000000000003,0.0733,0.84145,0.12052804255926668
2002,11,2002-11,Puring,0.43025258536585365,0.42315,0.0187,0.9314,0.178671786260481
2002,11,2002-11,Petanahan,0.46078872679045096,0.44945,0.0257,0.8278000000000001,0.20823485446556267
2002,11,2002-11,Klirong,0.5033220524017468,0.5007,0.0509,0.8255,0.14513082856315077
2002,11,2002-11,Buluspesantren,0.43819932762836183,0.436275,0.050800000000000005,0.78735,0.13826034066090742
2002,11,2002-11,Ambal,0.38141121541501977,0.36750000000000005,-0.0427,0.76805,0.1409570330393134
2002,11,2002-11,Mirit,0.4014977990970655,0.399725,-0.023200000000000002,0.66525,0.11023811135159184
2002,11,2002-11,Prembun,0.3716208860759494,0.37225,0.1482,0.6772,0.0793574275306235
2002,11,2002-11,Kutowinangun,0.42064389380530975,0.42485,0.045450000000000004,0.78835,0.11972989347659978
2002,11,2002-11,Alian,0.42965229455709714,0.4363,-0.038,0.7171500000000001,0.12202996437998877
2002,11,2002-11,Kebumen,0.35290111548556435,0.34147500000000003,0.10555,0.73765,0.10525293813613235
2002,11,2002-11,Pejagoan,0.41220197594501723,0.41455000000000003,0.1268,0.7494500000000001,0.11818027680984529
2002,11,2002-11,Sruweng,0.4178864555256065,0.42107500000000003,0.09985000000000001,0.7576,0.1276005545893386
2002,11,2002-11,Adimulyo,0.39660835654596105,0.3879,0.084,0.7665000000000001,0.13759049852850067
2002,11,2002-11,Kuwarasan,0.4040544368600683,0.40465,0.1107,0.78295,0.14624152277560312
2002,11,2002-11,Rowokele,0.4256838316722038,0.4229,0.07980000000000001,0.8381000000000001,0.13056805597600712
2002,11,2002-11,Sempor,0.35338287925696593,0.35050000000000003,-0.0639,0.71455,0.12198133047302749
2002,11,2002-11,Gombong,0.36197190332326284,0.34505,0.11065000000000001,0.7384000000000001,0.11934413742647439
2002,11,2002-11,Karanganyar,0.41729330097087375,0.4141,0.09155,0.7886500000000001,0.1391277598188456
2002,11,2002-11,Karanggayam,0.36435644104803494,0.364525,0.07155,0.8170000000000001,0.11010052352539157
2002,11,2002-11,Sadang,0.4514008771929825,0.45475000000000004,0.12895,0.77615,0.13020892016827187
2002,11,2002-11,Bonorowo,0.41629124999999995,0.405675,0.25295,0.7533500000000001,0.09175887672677627
2002,11,2002-11,Padureso,0.4607201834862385,0.45937500000000003,0.0961,0.7987000000000001,0.10769444737913189
2002,11,2002-11,Poncowarno,0.462851098901099,0.4766,0.10365,0.76305,0.12250495764312588
2002,11,2002-11,Karangsambung,0.38933815207780725,0.3806,0.09155,0.8206,0.12451054804683392
2002,12,2002-12,Ayah,0.5452412012241775,0.55665,0.019100000000000002,0.896,0.21277377640679104
2002,12,2002-12,Buayan,0.5927321653189578,0.62695,0.0412,0.8781500000000001,0.17511915692643384
2002,12,2002-12,Puring,0.5542274177467598,0.5362,-0.056900000000000006,0.9426,0.25693567637762005
2002,12,2002-12,Petanahan,0.5327195504087194,0.53025,0.09870000000000001,0.8984000000000001,0.14884305823109567
2002,12,2002-12,Klirong,0.5263161360347323,0.51365,0.1442,0.8388500000000001,0.17547047884843317
2002,12,2002-12,Buluspesantren,0.536064225181598,0.542625,0.0584,0.8472500000000001,0.19033924612183942
2002,12,2002-12,Ambal,0.4885569721115538,0.4645,0.038700000000000005,0.8719,0.20296283006904658
2002,12,2002-12,Mirit,0.5384474330357144,0.545375,-0.019700000000000002,0.9074000000000001,0.1984338098759706
2002,12,2002-12,Prembun,0.5373759493670887,0.5428000000000001,0.1689,0.8551000000000001,0.13502439996579885
2002,12,2002-12,Kutowinangun,0.5110976106194691,0.51685,0.1519,0.8455,0.14116436014071285
2002,12,2002-12,Alian,0.5457957844183565,0.56,0.1409,0.8746,0.1350118598523803
2002,12,2002-12,Kebumen,0.4368007217847769,0.42132500000000006,0.11715,0.88165,0.12299084588720904
2002,12,2002-12,Pejagoan,0.5136590206185567,0.51735,0.15825,0.78685,0.13327186941443983
2002,12,2002-12,Sruweng,0.5022051886792454,0.5097750000000001,0.11075,0.775,0.13218177384810986
2002,12,2002-12,Adimulyo,0.4034457520891365,0.407275,-0.082,0.74095,0.13285971754718767
2002,12,2002-12,Kuwarasan,0.4170886518771332,0.4224,0.08275,0.86895,0.15890186196377493
2002,12,2002-12,Rowokele,0.5212152823920266,0.5439,0.06165,0.9459500000000001,0.19560199499880268
2002,12,2002-12,Sempor,0.4875025077399381,0.4964,-0.05865,0.8842500000000001,0.15382813085894415
2002,12,2002-12,Gombong,0.39789531722054383,0.3937,0.1102,0.8111,0.14359242910263142
2002,12,2002-12,Karanganyar,0.5678148543689321,0.5779000000000001,-0.0109,0.9186000000000001,0.18214074489045728
2002,12,2002-12,Karanggayam,0.5525808951965065,0.5655749999999999,0.08120000000000001,0.9135500000000001,0.13945988085693656
2002,12,2002-12,Sadang,0.6369298761609907,0.6637000000000001,0.08105,0.8822500000000001,0.1266647815129875
2002,12,2002-12,Bonorowo,0.5153315277777777,0.53365,0.0791,0.83025,0.1354270846214109
2002,12,2002-12,Padureso,0.5341963302752295,0.5238750000000001,0.15615,0.8915500000000001,0.10799693589699028
2002,12,2002-12,Poncowarno,0.5611065934065935,0.56405,0.22030000000000002,0.8752000000000001,0.1290675111290772
2002,12,2002-12,Karangsambung,0.5853977011494254,0.6029,0.12925,0.8414,0.12268861579119514
2003,1,2003-01,Ayah,0.7239492792109257,0.7593750000000001,-0.0692,0.9252,0.12797515966886924
2003,1,2003-01,Buayan,0.7628889982110914,0.78395,0.2097,0.931,0.10172351958227616
2003,1,2003-01,Puring,0.6781591528724441,0.7049500000000001,0.07590000000000001,0.9134500000000001,0.13267764239168695
2003,1,2003-01,Petanahan,0.7748096075778078,0.8035,0.31020000000000003,0.94045,0.10761284926615522
2003,1,2003-01,Klirong,0.7317646762589929,0.7539,0.2114,0.9294,0.1009683242964155
2003,1,2003-01,Buluspesantren,0.6974360000000001,0.7262500000000001,0.16840000000000002,0.9177500000000001,0.11577020368633614
2003,1,2003-01,Ambal,0.6937898194583753,0.7326,0.15410000000000001,0.9277000000000001,0.1346634312399154
2003,1,2003-01,Mirit,0.6055826212471132,0.6253,0.09920000000000001,0.91395,0.1504651133134268
2003,1,2003-01,Prembun,0.6578501265822786,0.67655,0.26405,0.8696,0.12334654508144233
2003,1,2003-01,Kutowinangun,0.7029238053097346,0.74105,0.3174,0.8835500000000001,0.11726680393439845
2003,1,2003-01,Alian,0.7175117395944505,0.7477,0.20195000000000002,0.89475,0.11879313484230102
2003,1,2003-01,Kebumen,0.5748286745406824,0.5713250000000001,0.25025000000000003,0.8836,0.1336962587642629
2003,1,2003-01,Pejagoan,0.7159384020618557,0.755325,0.22010000000000002,0.9275500000000001,0.12584140030727325
2003,1,2003-01,Sruweng,0.7637453504043128,0.799675,0.4338,0.8993500000000001,0.09122618052263198
2003,1,2003-01,Adimulyo,0.6951571727019498,0.71085,0.35275,0.9177000000000001,0.10815372947774433
2003,1,2003-01,Kuwarasan,0.6627341296928329,0.680275,0.19765000000000002,0.8378500000000001,0.09834844747197082
2003,1,2003-01,Rowokele,0.73593073089701,0.7639,0.3471,0.91315,0.10910604151127891
2003,1,2003-01,Sempor,0.6781481424148608,0.71235,0.033850000000000005,0.9004000000000001,0.12428765705507437
2003,1,2003-01,Gombong,0.6378583081570998,0.643,0.33565,0.8383,0.08320256311871874
2003,1,2003-01,Karanganyar,0.7373222330097088,0.77485,0.42960000000000004,0.86385,0.10418321942413171
2003,1,2003-01,Karanggayam,0.69042942139738,0.7187000000000001,0.2109,0.9317500000000001,0.12860019239381548
2003,1,2003-01,Sadang,0.7074042827657379,0.7246,0.33095,0.92745,0.11598401964018697
2003,1,2003-01,Bonorowo,0.5081208333333334,0.506675,0.07885,0.80935,0.1453905568608414
2003,1,2003-01,Padureso,0.7793588302752293,0.7971,0.24125000000000002,0.87595,0.07253797468772395
2003,1,2003-01,Poncowarno,0.7365479120879119,0.7502500000000001,0.3421,0.8893000000000001,0.08937821292792822
2003,1,2003-01,Karangsambung,0.6597780725022104,0.67855,0.24725000000000003,0.92815,0.11937059864055204
2003,2,2003-02,Ayah,0.7345608465608466,0.7593500000000001,0.07100000000000001,0.926,0.10130982049777254
2003,2,2003-02,Buayan,0.7399583333333334,0.7603500000000001,0.3467,0.9820000000000001,0.08798925589483253
2003,2,2003-02,Puring,0.7475560353287537,0.78335,0.14120000000000002,0.91125,0.10336647128090648
2003,2,2003-02,Petanahan,0.7394014075067025,0.7559,0.0888,0.8863500000000001,0.09963179283472362
2003,2,2003-02,Klirong,0.7103275495750708,0.744175,0.1345,0.8816,0.1242690302208911
2003,2,2003-02,Buluspesantren,0.7323422289156626,0.7761750000000001,0.0863,0.8903000000000001,0.12094333340217446
2003,2,2003-02,Ambal,0.7573727182539682,0.8119500000000001,0.101,0.9097000000000001,0.1295730206229872
2003,2,2003-02,Mirit,0.7101728506787329,0.757175,0.0786,0.94115,0.1437487233994713
2003,2,2003-02,Prembun,0.746393670886076,0.75715,0.5097,0.8814500000000001,0.0627119444173161
2003,2,2003-02,Kutowinangun,0.7794389380530973,0.78625,0.5152,0.8865500000000001,0.05146751924199735
2003,2,2003-02,Alian,0.7635532017075775,0.77185,0.4843,0.87785,0.05534868240495568
2003,2,2003-02,Kebumen,0.7413319553805776,0.75,0.3885,0.88105,0.07116852517491712
2003,2,2003-02,Pejagoan,0.7754405498281788,0.796475,0.49660000000000004,0.89175,0.07816455858158729
2003,2,2003-02,Sruweng,0.8008020889487871,0.8168,0.528,0.90995,0.06240826933360521
2003,2,2003-02,Adimulyo,0.7596543175487466,0.7720750000000001,0.4001,0.9097000000000001,0.0745339280917793
2003,2,2003-02,Kuwarasan,0.7558795221843003,0.7816500000000001,0.3104,0.8973000000000001,0.09336481954925273
2003,2,2003-02,Rowokele,0.6988519933554819,0.7403000000000001,0.14455,0.9429500000000001,0.13174056608078916
2003,2,2003-02,Sempor,0.7213065325077399,0.7427,0.09765,0.88865,0.10218680059499013
2003,2,2003-02,Gombong,0.7264006042296073,0.7437,0.39445,0.8744500000000001,0.09452897276220558
2003,2,2003-02,Karanganyar,0.7655452427184466,0.77,0.48050000000000004,0.90795,0.07762732229497975
2003,2,2003-02,Karanggayam,0.7591266375545853,0.766375,0.28335,0.9085000000000001,0.0678646130080886
2003,2,2003-02,Sadang,0.7503500000000001,0.7678,0.44110000000000005,0.8991,0.07459580679317619
2003,2,2003-02,Bonorowo,0.7054475,0.72745,0.3834,0.85155,0.08666550019647701
2003,2,2003-02,Padureso,0.7828165137614679,0.78815,0.24465,0.86645,0.052703909515453534
2003,2,2003-02,Poncowarno,0.7553593406593407,0.7662,0.52885,0.8731500000000001,0.060712546140858976
2003,2,2003-02,Karangsambung,0.7342227674624227,0.7459,0.2487,0.8862,0.07317535414793268
2003,3,2003-03,Ayah,0.7713676403641881,0.786225,0.0694,0.9174500000000001,0.08615825743508294
2003,3,2003-03,Buayan,0.7685428189116861,0.79145,0.26455,0.91585,0.08919545612375224
2003,3,2003-03,Puring,0.7357493902439024,0.7658,0.2753,0.923,0.10813591323577712
2003,3,2003-03,Petanahan,0.6368935742971887,0.6193500000000001,0.1258,0.9485,0.16816707983183124
2003,3,2003-03,Klirong,0.6823787965616045,0.6858250000000001,0.0443,0.90485,0.10538466948221416
2003,3,2003-03,Buluspesantren,0.7271207434052757,0.7536,0.093,0.8992,0.09459229119819229
2003,3,2003-03,Ambal,0.7050688565697092,0.7211500000000001,0.14500000000000002,0.8695,0.11026591327508085
2003,3,2003-03,Mirit,0.7381980504587157,0.774575,0.0582,0.92815,0.1222950284640589
2003,3,2003-03,Prembun,0.7658337974683544,0.7783,0.52885,0.85145,0.052316828531597276
2003,3,2003-03,Kutowinangun,0.7589104424778761,0.7736500000000001,0.435,0.8604,0.05949248466539804
2003,3,2003-03,Alian,0.7716187299893277,0.7825000000000001,0.5262,0.8721500000000001,0.04941475663942831
2003,3,2003-03,Kebumen,0.7278526246719161,0.7404000000000001,0.34765,0.88895,0.08535163455952376
2003,3,2003-03,Pejagoan,0.745759793814433,0.77805,0.4423,0.9218000000000001,0.09587433587968086
2003,3,2003-03,Sruweng,0.7062438679245283,0.762675,0.2828,0.8938,0.1377341788459593
2003,3,2003-03,Adimulyo,0.6515032729805014,0.6735,0.33130000000000004,0.7822,0.0873990929085506
2003,3,2003-03,Kuwarasan,0.6807710750853242,0.69165,0.2651,0.80735,0.0782588333914645
2003,3,2003-03,Rowokele,0.7632032115171652,0.7774500000000001,0.44815000000000005,0.90325,0.07608627753193957
2003,3,2003-03,Sempor,0.7384714860681115,0.76705,0.0128,0.8794500000000001,0.09041498897775374
2003,3,2003-03,Gombong,0.58392250755287,0.57785,0.40525,0.81945,0.0734298497842091
2003,3,2003-03,Karanganyar,0.7612320388349515,0.776,0.5423,0.89385,0.05999663099537014
2003,3,2003-03,Karanggayam,0.7697307314410481,0.7818750000000001,0.28275,0.8854500000000001,0.05749909824534915
2003,3,2003-03,Sadang,0.7798152218782249,0.79345,0.4572,0.8904500000000001,0.0646171666268863
2003,3,2003-03,Bonorowo,0.73278625,0.77205,0.18560000000000001,0.8939,0.12445870967957272
2003,3,2003-03,Padureso,0.7584910550458717,0.7766000000000001,0.24300000000000002,0.8705,0.08290526067729025
2003,3,2003-03,Poncowarno,0.7601609890109889,0.7722,0.44215000000000004,0.87585,0.06849148034056234
2003,3,2003-03,Karangsambung,0.7643866489832009,0.7793,0.082,0.89325,0.07582826630733185
2003,4,2003-04,Ayah,0.7579737860394538,0.80145,0.1496,0.91395,0.11447020240923521
2003,4,2003-04,Buayan,0.7259326203208556,0.7787250000000001,-0.12300000000000001,0.92035,0.13312538671613722
2003,4,2003-04,Puring,0.568068469785575,0.5912999999999999,0.059500000000000004,0.8841,0.1640433141004831
2003,4,2003-04,Petanahan,0.5351635704874835,0.5491,0.031400000000000004,0.8479,0.20035895248825877
2003,4,2003-04,Klirong,0.6072058610709117,0.6357,0.1587,0.8566,0.1585702005890511
2003,4,2003-04,Buluspesantren,0.5647340193704601,0.55585,0.07830000000000001,0.8579,0.1612667388089443
2003,4,2003-04,Ambal,0.5514504486540378,0.5548000000000001,0.01065,0.84665,0.16674070504571067
2003,4,2003-04,Mirit,0.6087032947976879,0.6139,0.16025,0.83645,0.10798585691011818
2003,4,2003-04,Prembun,0.6117364556962025,0.6205,0.34190000000000004,0.80235,0.12311656059916158
2003,4,2003-04,Kutowinangun,0.6344421238938054,0.6631,0.23500000000000001,0.8774000000000001,0.13401980472092914
2003,4,2003-04,Alian,0.7333799893276414,0.76875,0.30765000000000003,0.8652500000000001,0.10901074627736781
2003,4,2003-04,Kebumen,0.5491614173228346,0.53555,0.25025000000000003,0.8617,0.12023136071468014
2003,4,2003-04,Pejagoan,0.7007912371134021,0.7401500000000001,0.13815,0.91305,0.13793619313588462
2003,4,2003-04,Sruweng,0.6325382749326146,0.7145250000000001,0.1008,0.85755,0.1954619456762269
2003,4,2003-04,Adimulyo,0.4587993036211699,0.45992500000000003,0.1014,0.7986500000000001,0.13627101417079213
2003,4,2003-04,Kuwarasan,0.524194795221843,0.539925,0.18180000000000002,0.8755000000000001,0.12839489238340357
2003,4,2003-04,Rowokele,0.7340065337763012,0.7784000000000001,0.29585,0.9176500000000001,0.12030323875149102
2003,4,2003-04,Sempor,0.6857791950464397,0.71585,0.022500000000000003,0.90885,0.11884219818188274
2003,4,2003-04,Gombong,0.4817998489425982,0.47405,0.2016,0.8198500000000001,0.12205528763703133
2003,4,2003-04,Karanganyar,0.6683676699029126,0.7493500000000001,0.1993,0.88215,0.17244861111120116
2003,4,2003-04,Karanggayam,0.7113393286026202,0.73375,0.25125000000000003,0.9158000000000001,0.10206027964737253
2003,4,2003-04,Sadang,0.7436805469556244,0.7607,0.4111,0.8867,0.07854331616207663
2003,4,2003-04,Bonorowo,0.6329427777777777,0.642625,0.35605000000000003,0.7866500000000001,0.08286871622267997
2003,4,2003-04,Padureso,0.7573463302752295,0.768875,0.36145,0.8426,0.06568216831256062
2003,4,2003-04,Poncowarno,0.7330171428571429,0.749,0.38135,0.8346,0.06798870852091712
2003,4,2003-04,Karangsambung,0.7351672413793103,0.755,0.1293,0.89325,0.0889508753784149
2003,5,2003-05,Ayah,0.7656294852384558,0.8068500000000001,0.0008,0.9516,0.12297991553324752
2003,5,2003-05,Buayan,0.7744796064400715,0.801725,-0.0717,0.9059,0.09523098183697373
2003,5,2003-05,Puring,0.6095382612966602,0.6367750000000001,0.0674,0.9044000000000001,0.1839303114811545
2003,5,2003-05,Petanahan,0.6964619302949062,0.7387,0.022000000000000002,0.8527,0.13136596163555772
2003,5,2003-05,Klirong,0.6397103719599428,0.6571,0.1998,0.882,0.1334124190560002
2003,5,2003-05,Buluspesantren,0.54244375,0.56785,0.1178,0.894,0.17725557070093997
2003,5,2003-05,Ambal,0.5109427135678393,0.5381,-0.11635000000000001,0.8732500000000001,0.19571749799078322
2003,5,2003-05,Mirit,0.5220190366972477,0.530225,0.0262,0.8502500000000001,0.1523923137953111
2003,5,2003-05,Prembun,0.5743282278481013,0.5942000000000001,0.15895,0.81825,0.15572101959496323
2003,5,2003-05,Kutowinangun,0.6130394690265487,0.6752,0.0999,0.8350000000000001,0.17961614870557788
2003,5,2003-05,Alian,0.7002259338313768,0.74565,0.2373,0.8418,0.12600188109422297
2003,5,2003-05,Kebumen,0.4988279527559056,0.4917,0.1694,0.8576,0.16247052106772714
2003,5,2003-05,Pejagoan,0.7078220790378007,0.757625,0.23205,0.86605,0.13342416168861584
2003,5,2003-05,Sruweng,0.7167930592991916,0.7743,0.28235,0.9186500000000001,0.13046597514096026
2003,5,2003-05,Adimulyo,0.5900371169916435,0.6402,0.06985000000000001,0.8363,0.15795497846069415
2003,5,2003-05,Kuwarasan,0.6782311433447099,0.7281500000000001,0.1545,0.8443,0.13544500911219529
2003,5,2003-05,Rowokele,0.7833303433001108,0.8098000000000001,0.3794,0.8985000000000001,0.08244935936020131
2003,5,2003-05,Sempor,0.7515633436532508,0.76675,-0.14750000000000002,0.89395,0.08260577770835044
2003,5,2003-05,Gombong,0.7071235649546829,0.72395,0.341,0.83735,0.08084143848182525
2003,5,2003-05,Karanganyar,0.7138349514563107,0.761,0.3317,0.84375,0.11628333467882132
2003,5,2003-05,Karanggayam,0.7227442412663756,0.745175,0.23120000000000002,0.8672000000000001,0.08734594242526637
2003,5,2003-05,Sadang,0.7676689886480909,0.79495,0.3917,0.9036500000000001,0.08787016873647126
2003,5,2003-05,Bonorowo,0.5218129166666667,0.5404,-0.0763,0.77195,0.15078002900138904
2003,5,2003-05,Padureso,0.7557552752293579,0.7687,0.1373,0.8531500000000001,0.06737798525099932
2003,5,2003-05,Poncowarno,0.7212329670329671,0.7363500000000001,0.46605,0.8489500000000001,0.07727677210249746
2003,5,2003-05,Karangsambung,0.7100515915119363,0.73265,0.14905000000000002,0.87855,0.10297404666083385
2003,6,2003-06,Ayah,0.7710857906799083,0.79125,0.2194,0.8964000000000001,0.09127956538607937
2003,6,2003-06,Buayan,0.7631935368043089,0.775375,0.36645,0.90995,0.06567203153345867
2003,6,2003-06,Puring,0.6737237804878049,0.7121999999999999,0.24760000000000001,0.86185,0.13004447964256174
2003,6,2003-06,Petanahan,0.7854690131578949,0.80515,0.0092,0.9174500000000001,0.10041707774891384
2003,6,2003-06,Klirong,0.7162939198855508,0.7512000000000001,0.2656,0.9062,0.11709169164078707
2003,6,2003-06,Buluspesantren,0.6182307125307125,0.6355250000000001,0.16640000000000002,0.8227500000000001,0.12369572662481793
2003,6,2003-06,Ambal,0.5645584661354582,0.577475,0.1206,0.8622500000000001,0.16632678485618446
2003,6,2003-06,Mirit,0.517504061784897,0.5110250000000001,0.0068000000000000005,0.8323,0.1546180759807881
2003,6,2003-06,Prembun,0.6208254430379748,0.6323500000000001,0.267,0.7917500000000001,0.09576207160969803
2003,6,2003-06,Kutowinangun,0.6440197345132743,0.6805,0.2149,0.83125,0.12639737970889528
2003,6,2003-06,Alian,0.701730522945571,0.7269,0.23720000000000002,0.8159500000000001,0.08550053893395998
2003,6,2003-06,Kebumen,0.5613047244094488,0.568025,0.2514,0.8178000000000001,0.12235970123723867
2003,6,2003-06,Pejagoan,0.7164586769759451,0.7523000000000001,0.3744,0.83135,0.09206878114568297
2003,6,2003-06,Sruweng,0.7646159703504043,0.7780750000000001,0.46180000000000004,0.88615,0.059068523963696565
2003,6,2003-06,Adimulyo,0.750782520891365,0.777325,0.38130000000000003,0.866,0.0851015509069305
2003,6,2003-06,Kuwarasan,0.7813767918088738,0.7979750000000001,0.38065000000000004,0.87805,0.07259069805639713
2003,6,2003-06,Rowokele,0.7917928571428571,0.8016500000000001,0.5503,0.8955500000000001,0.05004267145291703
2003,6,2003-06,Sempor,0.7429318575851392,0.7585500000000001,-0.1121,0.8511000000000001,0.08104412414141872
2003,6,2003-06,Gombong,0.7397919939577039,0.76925,0.40535000000000004,0.8568,0.0927707918615026
2003,6,2003-06,Karanganyar,0.7583612621359224,0.76505,0.4405,0.863,0.05291905358552433
2003,6,2003-06,Karanggayam,0.6963148744541485,0.7097,0.30435,0.84845,0.08446925223234583
2003,6,2003-06,Sadang,0.7267685758513932,0.7577,0.33245,0.86295,0.09189384734693365
2003,6,2003-06,Bonorowo,0.5091383333333334,0.513225,0.18335,0.7683500000000001,0.12583972269650523
2003,6,2003-06,Padureso,0.743174885321101,0.754025,0.27855,0.8435,0.052898169712493864
2003,6,2003-06,Poncowarno,0.7091429670329671,0.7168,0.48715,0.8753000000000001,0.07640832404590751
2003,6,2003-06,Karangsambung,0.6864646330680813,0.7000500000000001,0.19475,0.83755,0.09177735493175551
2003,7,2003-07,Ayah,0.7021537735849056,0.7105,0.0526,0.8912,0.10228094061053189
2003,7,2003-07,Buayan,0.6376403673835126,0.6495250000000001,-0.0492,0.8641500000000001,0.10242423079825465
2003,7,2003-07,Puring,0.5712085686465433,0.59875,-0.0022,0.8391000000000001,0.1521449132717402
2003,7,2003-07,Petanahan,0.6019787837837838,0.5991500000000001,-0.012100000000000001,0.8261000000000001,0.11317966918174124
2003,7,2003-07,Klirong,0.6422859486447933,0.6789000000000001,0.17300000000000001,0.8243,0.13912179797071725
2003,7,2003-07,Buluspesantren,0.6460943099273608,0.708825,0.1296,0.8673500000000001,0.16030921281884097
2003,7,2003-07,Ambal,0.6150842052313883,0.6501,0.128,0.84075,0.13962777400526058
2003,7,2003-07,Mirit,0.5756621683967705,0.5977,-0.0337,0.82825,0.13532544575109198
2003,7,2003-07,Prembun,0.6850591139240506,0.6908000000000001,0.40675,0.8451000000000001,0.08713083748585815
2003,7,2003-07,Kutowinangun,0.6816021238938054,0.6888000000000001,0.43460000000000004,0.8431500000000001,0.07135185187085602
2003,7,2003-07,Alian,0.6776239594450373,0.6844,0.37785,0.84135,0.0625932726822129
2003,7,2003-07,Kebumen,0.6883194881889764,0.702025,0.2889,0.8583500000000001,0.09721564371036956
2003,7,2003-07,Pejagoan,0.6631623711340207,0.6742250000000001,0.43170000000000003,0.81505,0.07243873043160456
2003,7,2003-07,Sruweng,0.682604986522911,0.701225,0.43015000000000003,0.81105,0.06923146483437301
2003,7,2003-07,Adimulyo,0.6558001392757661,0.6566000000000001,0.4112,0.81745,0.0844868144183787
2003,7,2003-07,Kuwarasan,0.5798107508532423,0.598975,0.27705,0.77705,0.11578386159677936
2003,7,2003-07,Rowokele,0.6974156146179402,0.7142000000000001,0.35895,0.8259500000000001,0.08658696106838816
2003,7,2003-07,Sempor,0.6314449845201239,0.65035,-0.0835,0.79735,0.09190387514064156
2003,7,2003-07,Gombong,0.4836859516616315,0.46540000000000004,0.31735,0.7539,0.08712768804862533
2003,7,2003-07,Karanganyar,0.6819655339805825,0.69045,0.46875,0.8106,0.05978068413449826
2003,7,2003-07,Karanggayam,0.603980594978166,0.60505,0.33275,0.75475,0.07514471410695413
2003,7,2003-07,Sadang,0.6552565015479875,0.6706500000000001,0.36560000000000004,0.83155,0.10042081976025294
2003,7,2003-07,Bonorowo,0.59943375,0.6103750000000001,0.2546,0.80515,0.10923123112916497
2003,7,2003-07,Padureso,0.6843120412844037,0.69335,0.24005,0.84175,0.06324283854158083
2003,7,2003-07,Poncowarno,0.6406202197802198,0.64475,0.42200000000000004,0.82145,0.07426697177517738
2003,7,2003-07,Karangsambung,0.6273384173297968,0.63705,0.2748,0.8806,0.08048037592585067
2003,8,2003-08,Ayah,0.6236003393665158,0.63375,-0.0123,0.8667,0.11857153813146816
2003,8,2003-08,Buayan,0.5589046387154326,0.5607,0.1428,0.8220000000000001,0.10137400531010186
2003,8,2003-08,Puring,0.4808552736318408,0.46695000000000003,0.2139,0.7762,0.1378637055771837
2003,8,2003-08,Petanahan,0.4745981258366801,0.47640000000000005,-0.020200000000000003,0.762,0.14114054199110332
2003,8,2003-08,Klirong,0.48463433382137633,0.47445000000000004,0.20670000000000002,0.79085,0.11062503702837072
2003,8,2003-08,Buluspesantren,0.5475144831730769,0.56345,-0.0051,0.7821,0.13042497222918198
2003,8,2003-08,Ambal,0.5872481262327416,0.653875,0.0417,0.82765,0.1629057789552041
2003,8,2003-08,Mirit,0.5868397597254005,0.644625,-0.030500000000000003,0.8316,0.15929529943121512
2003,8,2003-08,Prembun,0.6009849367088608,0.6135,0.3008,0.7598,0.07785341976624914
2003,8,2003-08,Kutowinangun,0.5984294690265487,0.60375,0.36910000000000004,0.80595,0.08065188037837447
2003,8,2003-08,Alian,0.5883270544290289,0.5868,0.35015,0.7955500000000001,0.06611035776737592
2003,8,2003-08,Kebumen,0.5817189632545932,0.585675,0.27845000000000003,0.77995,0.08928225137950069
2003,8,2003-08,Pejagoan,0.554975,0.5629250000000001,0.3124,0.82875,0.0817135848332812
2003,8,2003-08,Sruweng,0.568986320754717,0.59165,0.31515000000000004,0.7485,0.08735734704702222
2003,8,2003-08,Adimulyo,0.485966364902507,0.49575,0.24025000000000002,0.69035,0.0803607068821711
2003,8,2003-08,Kuwarasan,0.535455204778157,0.5481,0.2953,0.74575,0.08762274366596792
2003,8,2003-08,Rowokele,0.5999808970099668,0.6085,0.30205000000000004,0.9121,0.11511098721495133
2003,8,2003-08,Sempor,0.5686288235294118,0.5746,0.046700000000000005,0.7507,0.08487635733541603
2003,8,2003-08,Gombong,0.5190785498489426,0.5179,0.3065,0.7117,0.07771939217824386
2003,8,2003-08,Karanganyar,0.565384077669903,0.57735,0.33295,0.74295,0.0886144568344897
2003,8,2003-08,Karanggayam,0.536962172489083,0.532525,0.2817,0.76825,0.09036112385259905
2003,8,2003-08,Sadang,0.5993209494324045,0.6082500000000001,0.29350000000000004,0.8501000000000001,0.11418437783296208
2003,8,2003-08,Bonorowo,0.6593650000000001,0.67415,0.39905,0.8119500000000001,0.07565481146115045
2003,8,2003-08,Padureso,0.6053596330275229,0.610325,0.20965,0.7993,0.06537885348408043
2003,8,2003-08,Poncowarno,0.5726973626373627,0.5692,0.37395,0.76985,0.08567536038826859
2003,8,2003-08,Karangsambung,0.5604506189213085,0.56415,0.19315000000000002,0.77515,0.0850311159282854
2003,9,2003-09,Ayah,0.5327611624326406,0.5347500000000001,0.031100000000000003,0.8086,0.14878005778727388
2003,9,2003-09,Buayan,0.43423195187165775,0.43755,0.018000000000000002,0.8400500000000001,0.15313530376268455
2003,9,2003-09,Puring,0.47350877450980394,0.4595250000000001,-0.038400000000000004,0.7804500000000001,0.15819474969897612
2003,9,2003-09,Petanahan,0.49552042440318306,0.4839,0.0071,0.79405,0.13863340236972124
2003,9,2003-09,Klirong,0.49127691751085384,0.49965000000000004,0.1744,0.7465,0.12651656312251483
2003,9,2003-09,Buluspesantren,0.4509492656058751,0.4419,0.0936,0.77835,0.12297056145089684
2003,9,2003-09,Ambal,0.4854987708947886,0.47385000000000005,-0.01875,0.77185,0.1372577518339455
2003,9,2003-09,Mirit,0.49306843291995495,0.5134500000000001,-0.0733,0.77405,0.14849454289116973
2003,9,2003-09,Prembun,0.37853126582278485,0.373,0.09795000000000001,0.6703,0.11035830701633483
2003,9,2003-09,Kutowinangun,0.35037982300884957,0.35485,0.0755,0.6877,0.11739692281612128
2003,9,2003-09,Alian,0.35576115261472785,0.35395000000000004,0.06860000000000001,0.7808,0.11378763742654757
2003,9,2003-09,Kebumen,0.33414534120734907,0.330225,0.10805000000000001,0.7906500000000001,0.08932100016689992
2003,9,2003-09,Pejagoan,0.3642295532646048,0.35907500000000003,0.07780000000000001,0.7285,0.10859171861468286
2003,9,2003-09,Sruweng,0.38242547169811314,0.38255,0.06825,0.7343000000000001,0.12532623072846721
2003,9,2003-09,Adimulyo,0.4364466573816156,0.4358,0.17945,0.78745,0.10281322534759645
2003,9,2003-09,Kuwarasan,0.4677601535836177,0.46782500000000005,0.13390000000000002,0.8452500000000001,0.1294256209903887
2003,9,2003-09,Rowokele,0.4037802879291252,0.3971,0.050800000000000005,0.87165,0.1538165712656812
2003,9,2003-09,Sempor,0.31531219814241485,0.3039,0.0392,0.77115,0.11892494832530918
2003,9,2003-09,Gombong,0.37496042296072507,0.37465000000000004,0.1188,0.6801,0.10542939120726583
2003,9,2003-09,Karanganyar,0.3919249514563107,0.38165000000000004,0.08615,0.83545,0.11230548843130402
2003,9,2003-09,Karanggayam,0.35168165938864626,0.34330000000000005,0.03605,0.9431,0.13239398174448525
2003,9,2003-09,Sadang,0.47099922600619193,0.46795000000000003,0.12385,0.80555,0.12790710931747312
2003,9,2003-09,Bonorowo,0.5439663888888889,0.549675,0.28005,0.81155,0.10767735413036221
2003,9,2003-09,Padureso,0.3882940366972477,0.40685000000000004,0.0688,0.6776,0.10550842127456872
2003,9,2003-09,Poncowarno,0.33158472527472527,0.30910000000000004,0.08265,0.8215,0.13847837678898225
2003,9,2003-09,Karangsambung,0.36830981432360743,0.36215,0.07675,0.84485,0.12377445361572006
2003,10,2003-10,Ayah,0.5463026421136911,0.5772,0.0415,0.9989,0.2020517564854706
2003,10,2003-10,Buayan,0.43271002685765453,0.4434,0.0409,0.9775,0.2096918381148341
2003,10,2003-10,Puring,0.4889447115384616,0.5216000000000001,0.0228,0.7739,0.18467405660668917
2003,10,2003-10,Petanahan,0.49588061497326213,0.5383,-0.024,0.782,0.17393180162408298
2003,10,2003-10,Klirong,0.5258679767103348,0.5514,0.057,0.8049000000000001,0.1451731742850768
2003,10,2003-10,Buluspesantren,0.49447231707317074,0.4981,0.10260000000000001,0.7437,0.12212113808756413
2003,10,2003-10,Ambal,0.47582803643724697,0.47335000000000005,0.0825,0.7662,0.1196712776302931
2003,10,2003-10,Mirit,0.4983821428571429,0.5032,0.0036000000000000003,0.8791,0.11840827796958087
2003,10,2003-10,Prembun,0.4027179746835443,0.41140000000000004,0.0707,0.7484000000000001,0.14390832351064664
2003,10,2003-10,Kutowinangun,0.40223362831858406,0.4012,0.053500000000000006,0.9013,0.15388078284604997
2003,10,2003-10,Alian,0.3854663820704376,0.38780000000000003,0.038,0.9228000000000001,0.18551248376854776
2003,10,2003-10,Kebumen,0.3667248031496063,0.34955,0.038200000000000005,0.9662000000000001,0.1714431569488669
2003,10,2003-10,Pejagoan,0.40848608247422685,0.38685,0.0534,0.9743,0.22099686947631178
2003,10,2003-10,Sruweng,0.30719824797843664,0.2787,0.0374,0.8198000000000001,0.17206637129028407
2003,10,2003-10,Adimulyo,0.3483179665738162,0.30765,0.023700000000000002,0.9936,0.1954682238715477
2003,10,2003-10,Kuwarasan,0.33697372013651883,0.2922,0.055,0.9056000000000001,0.2007691892795712
2003,10,2003-10,Rowokele,0.4149735326688815,0.40650000000000003,0.0327,0.9985,0.22649804283482786
2003,10,2003-10,Sempor,0.3333866253869969,0.32,0.038700000000000005,0.9688,0.17976957750851594
2003,10,2003-10,Gombong,0.2246111782477342,0.1968,0.0318,0.6802,0.13058048864213823
2003,10,2003-10,Karanganyar,0.4102858252427185,0.392,0.0444,0.9909,0.21871356551623367
2003,10,2003-10,Karanggayam,0.44434743449781666,0.454,0.039,0.9929,0.18461926103101092
2003,10,2003-10,Sadang,0.47528730650154805,0.4904,0.0409,0.9885,0.1809996390701348
2003,10,2003-10,Bonorowo,0.506245,0.5158,0.21330000000000002,0.7002,0.09165641201732092
2003,10,2003-10,Padureso,0.4850178899082569,0.5164,0.0671,0.9908,0.18698868827374693
2003,10,2003-10,Poncowarno,0.394578021978022,0.39280000000000004,0.027100000000000003,0.8666,0.1899220717009067
2003,10,2003-10,Karangsambung,0.4311827586206896,0.44780000000000003,0.037200000000000004,0.9736,0.18973259472516402
2003,11,2003-11,Ayah,0.4906399233716476,0.49025,0.0494,0.9056500000000001,0.1992570740606529
2003,11,2003-11,Buayan,0.48858926024955435,0.493775,0.0216,0.8863500000000001,0.1460781012505324
2003,11,2003-11,Puring,0.4149525169409487,0.40940000000000004,-0.0944,0.9004000000000001,0.23478058291456672
2003,11,2003-11,Petanahan,0.4531750338294993,0.39715,0.075,0.9451,0.23737926033382994
2003,11,2003-11,Klirong,0.5622850724637682,0.55945,0.1322,0.9258500000000001,0.20595904657024705
2003,11,2003-11,Buluspesantren,0.5341721200980393,0.5338750000000001,0.03815,0.8929,0.20546792129887975
2003,11,2003-11,Ambal,0.456309813542689,0.43895,0.042050000000000004,0.8324,0.184033169602919
2003,11,2003-11,Mirit,0.5080218325791855,0.5244500000000001,-0.0066,0.8759,0.14808720174180676
2003,11,2003-11,Prembun,0.45671101265822794,0.4505,0.10665000000000001,0.7552,0.13461393094341245
2003,11,2003-11,Kutowinangun,0.4786890265486725,0.4763,0.115,0.83245,0.16129922475366099
2003,11,2003-11,Alian,0.4556623799359659,0.45915,0.07150000000000001,0.8124,0.11483156188758334
2003,11,2003-11,Kebumen,0.4037636482939633,0.397825,-0.0053,0.78595,0.13253145804969926
2003,11,2003-11,Pejagoan,0.4331019759450172,0.43305000000000005,0.1467,0.70955,0.11329631014355125
2003,11,2003-11,Sruweng,0.3949780997304582,0.39470000000000005,0.1043,0.8854500000000001,0.12300006747648216
2003,11,2003-11,Adimulyo,0.3251585654596101,0.335425,-0.0032,0.6854,0.12999348759573084
2003,11,2003-11,Kuwarasan,0.3546543515358362,0.364375,-0.020300000000000002,0.7604500000000001,0.1495171591531714
2003,11,2003-11,Rowokele,0.40072956810631233,0.3966,0.12185,0.7758,0.12440557075961708
2003,11,2003-11,Sempor,0.37293461300309605,0.3682,0.09430000000000001,0.7778,0.108581383411761
2003,11,2003-11,Gombong,0.3825519637462236,0.37345,0.11620000000000001,0.7887500000000001,0.1301628355753895
2003,11,2003-11,Karanganyar,0.4516696116504854,0.45455,0.11475,0.9394,0.1303388687708718
2003,11,2003-11,Karanggayam,0.46392041484716157,0.463075,0.0978,0.8665,0.14886346138171067
2003,11,2003-11,Sadang,0.534576625386997,0.5427500000000001,0.11625,0.8571000000000001,0.14026876124012808
2003,11,2003-11,Bonorowo,0.48250652777777786,0.474175,0.12725,0.81125,0.13571562299692572
2003,11,2003-11,Padureso,0.5801540137614679,0.591675,0.2417,0.8259500000000001,0.11589295243072334
2003,11,2003-11,Poncowarno,0.48353329670329676,0.4848,0.14405,0.76,0.12270642690795118
2003,11,2003-11,Karangsambung,0.49818863837312116,0.49925,0.07535,0.8317,0.13779600430808644
2003,12,2003-12,Ayah,0.5379320776255708,0.531325,0.0056,0.9297000000000001,0.1804591362911555
2003,12,2003-12,Buayan,0.5997716397849461,0.6251,0.0199,0.90525,0.13939463867426288
2003,12,2003-12,Puring,0.5275132309217047,0.5558000000000001,-0.00495,0.8470000000000001,0.15918048310036817
2003,12,2003-12,Petanahan,0.6180453315290934,0.6451,0.08095000000000001,0.7613500000000001,0.08720975737449162
2003,12,2003-12,Klirong,0.5695436246418338,0.5765750000000001,0.169,0.87,0.1458526149415431
2003,12,2003-12,Buluspesantren,0.549028102189781,0.54205,0.083,0.9116000000000001,0.18420527659211844
2003,12,2003-12,Ambal,0.5068619739478959,0.49807500000000005,0.07740000000000001,0.86165,0.19921997582307158
2003,12,2003-12,Mirit,0.48853589449541285,0.48120000000000007,0.02495,0.87055,0.16481571080482274
2003,12,2003-12,Prembun,0.5138550632911393,0.5279,0.14435,0.73375,0.10241950732498276
2003,12,2003-12,Kutowinangun,0.5095076991150442,0.52735,0.16475,0.76705,0.11744654117360794
2003,12,2003-12,Alian,0.5450960512273212,0.55155,0.2283,0.7705000000000001,0.08778197049545926
2003,12,2003-12,Kebumen,0.4253811679790026,0.420825,0.1559,0.7116,0.11123809156389532
2003,12,2003-12,Pejagoan,0.5356963917525773,0.554325,0.20605,0.8359000000000001,0.10265765159985754
2003,12,2003-12,Sruweng,0.5471244609164421,0.568425,0.23705,0.71145,0.08614131050421305
2003,12,2003-12,Adimulyo,0.47223983286908083,0.4748,0.05545,0.7020500000000001,0.11163716406648694
2003,12,2003-12,Kuwarasan,0.4680649317406144,0.483375,0.0821,0.7152000000000001,0.11375846333775805
2003,12,2003-12,Rowokele,0.5160619601328904,0.5426500000000001,0.08295000000000001,0.8993,0.1476539928759648
2003,12,2003-12,Sempor,0.4603287925696595,0.47785,0.061200000000000004,0.82725,0.1658112622098749
2003,12,2003-12,Gombong,0.5230512084592145,0.5311,0.1819,0.74165,0.09234944241930182
2003,12,2003-12,Karanganyar,0.5869955339805826,0.5850500000000001,0.14375000000000002,0.8159500000000001,0.0934909954620329
2003,12,2003-12,Karanggayam,0.4867992085152839,0.50335,0.09825,0.8935500000000001,0.14428746929101743
2003,12,2003-12,Sadang,0.5483956656346749,0.5647,0.1338,0.84385,0.14984220663884396
2003,12,2003-12,Bonorowo,0.45660013888888895,0.46495000000000003,0.09275,0.7887500000000001,0.14867582027587045
2003,12,2003-12,Padureso,0.573134747706422,0.5819500000000001,0.21080000000000002,0.82565,0.10431728958388926
2003,12,2003-12,Poncowarno,0.5390263736263736,0.528,0.28945000000000004,0.8597,0.08747977798999655
2003,12,2003-12,Karangsambung,0.5229943854995579,0.52615,0.07415000000000001,0.94915,0.139605240692699
2004,1,2004-01,Ayah,0.625392568597561,0.6717000000000001,0.081,0.9233,0.15671557052751686
2004,1,2004-01,Buayan,0.7053304035874439,0.7358,0.12195,0.9367000000000001,0.11447748716080931
2004,1,2004-01,Puring,0.6630661100196464,0.6716,0.11180000000000001,0.8868,0.10991370161784034
2004,1,2004-01,Petanahan,0.7013678184281843,0.722475,0.1434,0.9026000000000001,0.10055948611753032
2004,1,2004-01,Klirong,0.6420550775740479,0.67245,0.0985,0.89515,0.13230680332825062
2004,1,2004-01,Buluspesantren,0.6605553268765133,0.671,0.2616,0.9041,0.11570776184859768
2004,1,2004-01,Ambal,0.6293161322645292,0.649275,0.1081,0.9042,0.11065022985518173
2004,1,2004-01,Mirit,0.5511488175675676,0.567725,0.0814,0.87465,0.13510536225137337
2004,1,2004-01,Prembun,0.6605444303797469,0.66895,0.28575,0.8405,0.11123390064419945
2004,1,2004-01,Kutowinangun,0.6383897345132743,0.6778500000000001,0.18975,0.8633000000000001,0.1285278762880464
2004,1,2004-01,Alian,0.6959535752401281,0.71375,0.1145,0.9015500000000001,0.09759706131483861
2004,1,2004-01,Kebumen,0.5943349081364829,0.60195,0.3028,0.8722000000000001,0.11010323231852148
2004,1,2004-01,Pejagoan,0.6721636597938144,0.68485,0.25225000000000003,0.9255,0.12582874447542686
2004,1,2004-01,Sruweng,0.6997433288409702,0.7194,0.4431,0.90125,0.0771134070474518
2004,1,2004-01,Adimulyo,0.7371591922005571,0.7501,0.49495,0.8505,0.06859867691143373
2004,1,2004-01,Kuwarasan,0.7246594709897611,0.743325,0.40225,0.8939,0.09104237906920172
2004,1,2004-01,Rowokele,0.6644808970099668,0.7277,0.09935000000000001,0.90205,0.1721041543759445
2004,1,2004-01,Sempor,0.5998235294117648,0.60805,0.05075,0.94225,0.1636777976585914
2004,1,2004-01,Gombong,0.7592465256797584,0.78285,0.38765,0.89705,0.08912256400834498
2004,1,2004-01,Karanganyar,0.7398211650485437,0.74785,0.33085000000000003,0.9249,0.08732427480097645
2004,1,2004-01,Karanggayam,0.6138346069868996,0.6313500000000001,0.1253,0.9124,0.13311960524960478
2004,1,2004-01,Sadang,0.6796607843137256,0.68725,0.2464,0.93035,0.11564612178898939
2004,1,2004-01,Bonorowo,0.5187095833333334,0.52195,0.08405,0.78725,0.12899973852727056
2004,1,2004-01,Padureso,0.7235933486238533,0.75485,0.32345,0.86165,0.10222192068311237
2004,1,2004-01,Poncowarno,0.7269945054945055,0.7453500000000001,0.41295000000000004,0.876,0.09005192282775112
2004,1,2004-01,Karangsambung,0.6825198496905394,0.69155,0.2553,0.93145,0.09237793040772341
2004,2,2004-02,Ayah,0.7265391205458681,0.7474500000000001,0.20980000000000001,0.9142,0.09659761937687508
2004,2,2004-02,Buayan,0.7509045495093667,0.7603500000000001,0.3173,0.9085000000000001,0.06732547518656509
2004,2,2004-02,Puring,0.7274877413127414,0.763125,0.12445,0.8624,0.1102906871635777
2004,2,2004-02,Petanahan,0.7135143236074272,0.7341500000000001,0.08660000000000001,0.8639,0.08799715433746762
2004,2,2004-02,Klirong,0.7069361151079137,0.7513500000000001,0.08170000000000001,0.8732500000000001,0.12756674635200066
2004,2,2004-02,Buluspesantren,0.7083785098522167,0.739525,0.1433,0.89525,0.11496292116152618
2004,2,2004-02,Ambal,0.6536872855701312,0.7109000000000001,0.040400000000000005,0.87355,0.1585137231556186
2004,2,2004-02,Mirit,0.6367110599078342,0.6684,0.096,0.8459,0.14062773955887511
2004,2,2004-02,Prembun,0.7676692405063291,0.77825,0.5256500000000001,0.87175,0.05902170452034117
2004,2,2004-02,Kutowinangun,0.7726192920353983,0.78125,0.4388,0.8732500000000001,0.049961286246378724
2004,2,2004-02,Alian,0.752070651013874,0.7601,0.38525000000000004,0.8893500000000001,0.061581934972395745
2004,2,2004-02,Kebumen,0.7257965223097114,0.74765,0.3297,0.8686,0.08723677161550153
2004,2,2004-02,Pejagoan,0.7425274914089346,0.76575,0.4305,0.87495,0.07663223685448632
2004,2,2004-02,Sruweng,0.7664320754716982,0.7826000000000001,0.4433,0.84855,0.05654321090039828
2004,2,2004-02,Adimulyo,0.784299094707521,0.790875,0.6104,0.87305,0.03481297907981509
2004,2,2004-02,Kuwarasan,0.7687210750853243,0.780425,0.5699000000000001,0.8632000000000001,0.04544746662051727
2004,2,2004-02,Rowokele,0.7025160575858251,0.73695,0.17245000000000002,0.8899,0.11545107678997922
2004,2,2004-02,Sempor,0.717323374613003,0.7378,0.28725,0.87285,0.09119208068146303
2004,2,2004-02,Gombong,0.7104055891238671,0.7309,0.42755000000000004,0.8279000000000001,0.07561516031036167
2004,2,2004-02,Karanganyar,0.7816404854368932,0.79,0.54455,0.8883000000000001,0.04250885249616897
2004,2,2004-02,Karanggayam,0.7299767740174674,0.7345,0.4324,0.90585,0.06201491124145206
2004,2,2004-02,Sadang,0.7512336945304439,0.7683500000000001,0.46155,0.9379500000000001,0.0709748872896078
2004,2,2004-02,Bonorowo,0.7087568055555555,0.7464250000000001,0.22815000000000002,0.8712500000000001,0.12571056804804515
2004,2,2004-02,Padureso,0.7666103211009174,0.78885,0.3385,0.8582000000000001,0.06977300709888935
2004,2,2004-02,Poncowarno,0.7549317582417583,0.7666000000000001,0.4849,0.86375,0.061758696386227004
2004,2,2004-02,Karangsambung,0.7331620247568523,0.7359,0.32630000000000003,0.85565,0.06133398452925245
2004,3,2004-03,Ayah,0.6790583081570998,0.7089750000000001,0.1047,0.9118,0.14279268018903024
2004,3,2004-03,Buayan,0.6749441465594281,0.7102,0.1971,0.89365,0.13298745442036325
2004,3,2004-03,Puring,0.6150490099009902,0.6674,0.1144,0.88975,0.16342260822850618
2004,3,2004-03,Petanahan,0.5532520974289581,0.5484,0.16765000000000002,0.8540500000000001,0.1816379626378901
2004,3,2004-03,Klirong,0.6337704906204906,0.6436000000000001,0.0849,0.8702000000000001,0.1208211815596413
2004,3,2004-03,Buluspesantren,0.6403591019417475,0.6418250000000001,0.1899,0.8734500000000001,0.12712841382007045
2004,3,2004-03,Ambal,0.6515547856430708,0.6722,0.0181,0.85395,0.11956198179003322
2004,3,2004-03,Mirit,0.6795668208092487,0.6971,0.0954,0.8705,0.10634372250079584
2004,3,2004-03,Prembun,0.6461824050632912,0.66205,0.30045,0.88095,0.09562905668026556
2004,3,2004-03,Kutowinangun,0.685459115044248,0.70015,0.4055,0.915,0.08938773074682237
2004,3,2004-03,Alian,0.6933416755602988,0.71245,0.29460000000000003,0.8847,0.10330467829792796
2004,3,2004-03,Kebumen,0.60498687664042,0.6117250000000001,0.32715,0.8965000000000001,0.09130836467165006
2004,3,2004-03,Pejagoan,0.6571310137457045,0.6643749999999999,0.24445,0.85295,0.10133152843930252
2004,3,2004-03,Sruweng,0.5943616576819407,0.5960000000000001,0.24995,0.88965,0.12209028687466864
2004,3,2004-03,Adimulyo,0.5329681754874652,0.5454000000000001,0.20695000000000002,0.8390500000000001,0.11554595502774134
2004,3,2004-03,Kuwarasan,0.5473837883959045,0.555275,0.1715,0.8439000000000001,0.11898794175570472
2004,3,2004-03,Rowokele,0.687465946843854,0.71585,0.1792,0.9246500000000001,0.13902840508369782
2004,3,2004-03,Sempor,0.6430456037151703,0.6642,0.196,0.92645,0.13364819312495146
2004,3,2004-03,Gombong,0.4653703927492448,0.45830000000000004,0.1715,0.8452500000000001,0.11260154148393679
2004,3,2004-03,Karanganyar,0.6394246601941749,0.6448,0.29385,0.9114500000000001,0.09145450311191702
2004,3,2004-03,Karanggayam,0.6971828329694323,0.7103250000000001,0.24755000000000002,0.9056500000000001,0.09719743486436397
2004,3,2004-03,Sadang,0.679962435500516,0.68435,0.32335,0.92195,0.10050683444177781
2004,3,2004-03,Bonorowo,0.6649516666666666,0.6719250000000001,0.18615,0.8904000000000001,0.11044287040014046
2004,3,2004-03,Padureso,0.7684795871559633,0.7906,0.31935,0.9356000000000001,0.07747195294986604
2004,3,2004-03,Poncowarno,0.7181172527472527,0.7313500000000001,0.39065,0.91825,0.09294122929809792
2004,3,2004-03,Karangsambung,0.7045938992042441,0.7210500000000001,0.33440000000000003,0.90915,0.09700960587539503
2004,4,2004-04,Ayah,0.7378088905775076,0.7855000000000001,0.2049,0.9686,0.131158958469344
2004,4,2004-04,Buayan,0.7370581177520071,0.7637,0.14850000000000002,0.9076500000000001,0.11715134133336828
2004,4,2004-04,Puring,0.611877006937562,0.64165,-0.0683,0.9119,0.16713764762102623
2004,4,2004-04,Petanahan,0.5879621313672923,0.607975,0.04,0.8573000000000001,0.17190993738582663
2004,4,2004-04,Klirong,0.5930373913043477,0.610425,0.22310000000000002,0.8649,0.14465835433427948
2004,4,2004-04,Buluspesantren,0.5452525547445256,0.55095,0.1968,0.8159000000000001,0.14780732754568815
2004,4,2004-04,Ambal,0.53774005994006,0.54025,0.1383,0.83335,0.15202619054289762
2004,4,2004-04,Mirit,0.5713464082098062,0.55725,0.09140000000000001,0.8816,0.12349198518989496
2004,4,2004-04,Prembun,0.5794137974683545,0.5986,0.07135,0.8148500000000001,0.13515161605503687
2004,4,2004-04,Kutowinangun,0.6099600884955753,0.6514,0.21710000000000002,0.8229000000000001,0.14571453622190153
2004,4,2004-04,Alian,0.6912923159018143,0.7242500000000001,0.21780000000000002,0.8864000000000001,0.1269088165197032
2004,4,2004-04,Kebumen,0.5068083989501312,0.490175,0.18745,0.8629,0.1395494221724699
2004,4,2004-04,Pejagoan,0.6302628006872852,0.6518,0.19385000000000002,0.8962,0.1319136037430008
2004,4,2004-04,Sruweng,0.615709770889488,0.651025,0.22615000000000002,0.9036500000000001,0.1768572825140356
2004,4,2004-04,Adimulyo,0.5005188022284122,0.507125,0.1258,0.7562,0.1270020982004308
2004,4,2004-04,Kuwarasan,0.5691997440273038,0.6051500000000001,0.08815,0.81,0.1429731660988775
2004,4,2004-04,Rowokele,0.7162383720930232,0.7351500000000001,0.21945,0.897,0.11382533263177487
2004,4,2004-04,Sempor,0.6779037151702787,0.69025,0.14245,0.9187500000000001,0.10720698019390612
2004,4,2004-04,Gombong,0.5984549848942599,0.5879500000000001,0.32835000000000003,0.83245,0.08752927338162807
2004,4,2004-04,Karanganyar,0.6802645631067963,0.7492500000000001,0.24630000000000002,0.8540500000000001,0.15270864215838498
2004,4,2004-04,Karanggayam,0.66617317139738,0.6754249999999999,0.33045,0.89,0.1082679502798108
2004,4,2004-04,Sadang,0.7276851909184726,0.7313500000000001,0.35605000000000003,0.911,0.08807026726570971
2004,4,2004-04,Bonorowo,0.5685159722222223,0.5885750000000001,0.15655,0.7689,0.1168094648783475
2004,4,2004-04,Padureso,0.7416361238532112,0.7606250000000001,0.23445000000000002,0.8734500000000001,0.07967766504049777
2004,4,2004-04,Poncowarno,0.6972546153846154,0.71155,0.43520000000000003,0.8811,0.08348214805952402
2004,4,2004-04,Karangsambung,0.693448673740053,0.7097,0.20495000000000002,0.8833000000000001,0.09986858895635387
2004,5,2004-05,Ayah,0.7676647280966769,0.8067250000000001,0.13540000000000002,0.9075000000000001,0.11823558255332296
2004,5,2004-05,Buayan,0.7672298214285714,0.78395,0.162,0.8966000000000001,0.09141382736707114
2004,5,2004-05,Puring,0.6602783743842364,0.7543500000000001,-0.0969,0.9033,0.20300073301286703
2004,5,2004-05,Petanahan,0.7773182744565218,0.795175,0.1461,0.90935,0.08039395152111947
2004,5,2004-05,Klirong,0.6889048480463097,0.71535,0.1602,0.9006500000000001,0.11431037566404866
2004,5,2004-05,Buluspesantren,0.5731260416666667,0.5783,0.15380000000000002,0.8494,0.1572220536481021
2004,5,2004-05,Ambal,0.5176770564915759,0.5219,-0.012450000000000001,0.8541500000000001,0.19897900903619098
2004,5,2004-05,Mirit,0.5323731428571429,0.52225,-0.08020000000000001,0.8562500000000001,0.16105927350373533
2004,5,2004-05,Prembun,0.5804150632911393,0.5938,0.24100000000000002,0.7929,0.11926123260394045
2004,5,2004-05,Kutowinangun,0.5987549557522124,0.64005,0.18945,0.81935,0.15247338024522553
2004,5,2004-05,Alian,0.7000344183564569,0.7343500000000001,0.2676,0.84755,0.10063335326966252
2004,5,2004-05,Kebumen,0.5354692257217848,0.5324,0.26735000000000003,0.87265,0.12919880939926612
2004,5,2004-05,Pejagoan,0.6902659793814433,0.7398750000000001,0.2745,0.86795,0.13099296898442117
2004,5,2004-05,Sruweng,0.7212287735849057,0.7579,0.4055,0.8743000000000001,0.10509657372566085
2004,5,2004-05,Adimulyo,0.692323955431755,0.746975,0.10205,0.8754000000000001,0.15008112109133329
2004,5,2004-05,Kuwarasan,0.739489505119454,0.7883,0.01725,0.8849,0.14090729447563924
2004,5,2004-05,Rowokele,0.7981137873754153,0.8127500000000001,0.3809,0.9205000000000001,0.05956386998679805
2004,5,2004-05,Sempor,0.7583074303405573,0.7735500000000001,0.064,0.8663500000000001,0.07054022606128829
2004,5,2004-05,Gombong,0.7448069486404834,0.76765,0.41585,0.87995,0.09257822484832408
2004,5,2004-05,Karanganyar,0.7589599029126214,0.7797000000000001,0.45595,0.88015,0.07166188164270527
2004,5,2004-05,Karanggayam,0.723606058951965,0.7411750000000001,0.34195000000000003,0.8734500000000001,0.08504063297278174
2004,5,2004-05,Sadang,0.7642926728586171,0.80145,0.38630000000000003,0.8767,0.09231925502447355
2004,5,2004-05,Bonorowo,0.4825155555555556,0.487675,0.09595000000000001,0.7785000000000001,0.15530767230716305
2004,5,2004-05,Padureso,0.7468485091743119,0.75695,0.33635000000000004,0.8351000000000001,0.05621833362544176
2004,5,2004-05,Poncowarno,0.6971682417582418,0.70615,0.45295,0.85255,0.08012854437266544
2004,5,2004-05,Karangsambung,0.7131627763041556,0.7295,0.2157,0.8589,0.09299288452325882
2004,6,2004-06,Ayah,0.7773124903920062,0.8058000000000001,0.0881,0.91115,0.09500417432687892
2004,6,2004-06,Buayan,0.7524080197132617,0.7776000000000001,0.4066,0.8812000000000001,0.087521264009806
2004,6,2004-06,Puring,0.6956643564356436,0.735325,0.1375,0.8454,0.11450869728666375
2004,6,2004-06,Petanahan,0.7741800397877983,0.7907000000000001,0.2031,0.8636,0.07274313718893764
2004,6,2004-06,Klirong,0.7498771631205674,0.7864,0.2504,0.86785,0.10211738602276466
2004,6,2004-06,Buluspesantren,0.706210411622276,0.7572750000000001,0.1193,0.8704500000000001,0.139082216789895
2004,6,2004-06,Ambal,0.6298745197168857,0.6486500000000001,0.1227,0.8741500000000001,0.1582355769536333
2004,6,2004-06,Mirit,0.5973247732426304,0.611675,0.0623,0.88215,0.1688460822163898
2004,6,2004-06,Prembun,0.7061584810126583,0.7229,0.3408,0.82935,0.07601682032534789
2004,6,2004-06,Kutowinangun,0.7144691150442478,0.7348,0.42285,0.8379500000000001,0.08261235399651297
2004,6,2004-06,Alian,0.7492742262540022,0.7647,0.38845,0.8436,0.0639407836212566
2004,6,2004-06,Kebumen,0.6931416010498688,0.697425,0.3652,0.8665,0.09334951134333974
2004,6,2004-06,Pejagoan,0.749286941580756,0.77735,0.4879,0.85895,0.07743398902250981
2004,6,2004-06,Sruweng,0.7859518194070081,0.7941,0.52805,0.85975,0.04474468617344231
2004,6,2004-06,Adimulyo,0.752808844011142,0.77335,0.36970000000000003,0.84645,0.07135741203661615
2004,6,2004-06,Kuwarasan,0.7128872866894198,0.733175,0.35825,0.8465,0.09764958655263599
2004,6,2004-06,Rowokele,0.7826838870431895,0.8008500000000001,0.44830000000000003,0.886,0.07094060883046051
2004,6,2004-06,Sempor,0.7433077708978328,0.7594500000000001,0.13435,0.8368500000000001,0.0704024383240104
2004,6,2004-06,Gombong,0.6129525679758309,0.6268,0.36515000000000003,0.8084,0.08212996664371627
2004,6,2004-06,Karanganyar,0.7664017475728155,0.77295,0.43785,0.8465,0.051668621365768934
2004,6,2004-06,Karanggayam,0.7376377456331878,0.7449,0.3658,0.8513000000000001,0.0606020934638358
2004,6,2004-06,Sadang,0.7684269865841072,0.7885000000000001,0.4873,0.9104000000000001,0.07415840858096906
2004,6,2004-06,Bonorowo,0.59379,0.62485,0.12340000000000001,0.8228000000000001,0.16112032640407467
2004,6,2004-06,Padureso,0.7705814220183488,0.7783500000000001,0.3139,0.85375,0.04685280347908141
2004,6,2004-06,Poncowarno,0.7370704395604396,0.74695,0.5567,0.84175,0.0625755324671157
2004,6,2004-06,Karangsambung,0.7407807250221045,0.748,0.2383,0.8771500000000001,0.0735932437818309
2004,7,2004-07,Ayah,0.6922187212863706,0.7159,0.155,0.9853000000000001,0.1251536649503675
2004,7,2004-07,Buayan,0.6609652096342551,0.6768000000000001,0.14800000000000002,0.9135500000000001,0.1231944940386596
2004,7,2004-07,Puring,0.6232218934911243,0.6365500000000001,0.22290000000000001,0.8853000000000001,0.1266685005341833
2004,7,2004-07,Petanahan,0.5691719298245614,0.5697,0.20215,0.8512000000000001,0.15701476836485745
2004,7,2004-07,Klirong,0.6348644622093024,0.65615,0.0951,0.8464,0.11487077910357336
2004,7,2004-07,Buluspesantren,0.6662985276073621,0.69575,0.0341,0.87355,0.12269145543637448
2004,7,2004-07,Ambal,0.6979798786653186,0.73845,0.2308,0.9127500000000001,0.12485532897920294
2004,7,2004-07,Mirit,0.6747665903890161,0.70985,0.031200000000000002,0.83745,0.12530249608716632
2004,7,2004-07,Prembun,0.7445732911392405,0.7524500000000001,0.51,0.8611000000000001,0.05382187712745472
2004,7,2004-07,Kutowinangun,0.7400545132743364,0.76095,0.43455000000000005,0.87805,0.07822808886014027
2004,7,2004-07,Alian,0.713804962646745,0.7332500000000001,0.31035,0.86,0.08128430289379557
2004,7,2004-07,Kebumen,0.664277624671916,0.6819500000000001,0.31035,0.87055,0.09943495286062423
2004,7,2004-07,Pejagoan,0.7084725085910654,0.728075,0.36105000000000004,0.88115,0.1038848077123506
2004,7,2004-07,Sruweng,0.6460366576819406,0.6527000000000001,0.3042,0.8723500000000001,0.11265830690382037
2004,7,2004-07,Adimulyo,0.5473706824512535,0.5642,0.20435,0.76685,0.11070638046022414
2004,7,2004-07,Kuwarasan,0.5561091296928328,0.562725,0.1366,0.78685,0.11078470152310464
2004,7,2004-07,Rowokele,0.6462700442967885,0.6633,0.24380000000000002,0.92825,0.12868479015944817
2004,7,2004-07,Sempor,0.6562485758513933,0.6804,0.0857,0.8867,0.11326090344309371
2004,7,2004-07,Gombong,0.5000625377643504,0.49960000000000004,0.21530000000000002,0.7985500000000001,0.10971026117118023
2004,7,2004-07,Karanganyar,0.6488634951456311,0.6588,0.27285000000000004,0.8747,0.12567327224480151
2004,7,2004-07,Karanggayam,0.702627865720524,0.71385,0.33080000000000004,0.9057000000000001,0.08392513422686468
2004,7,2004-07,Sadang,0.7455791021671827,0.75895,0.43585,0.9024500000000001,0.07308958863116798
2004,7,2004-07,Bonorowo,0.7091156944444444,0.737725,0.3437,0.8600500000000001,0.10502943011929758
2004,7,2004-07,Padureso,0.725472018348624,0.7436,0.2495,0.8552500000000001,0.07419210448830343
2004,7,2004-07,Poncowarno,0.7110862637362638,0.72155,0.46095,0.8535,0.07891588952173932
2004,7,2004-07,Karangsambung,0.713753934571176,0.7313000000000001,0.1874,0.9054500000000001,0.08233205103039187
2004,8,2004-08,Ayah,0.7094529344512196,0.73075,0.1237,0.87905,0.10581625496197941
2004,8,2004-08,Buayan,0.6720754683318466,0.6819000000000001,0.3058,0.9125000000000001,0.10131770114794682
2004,8,2004-08,Puring,0.5500390162368672,0.5409,-0.1346,0.82535,0.1401548158147674
2004,8,2004-08,Petanahan,0.5427536842105263,0.578175,-0.0002,0.80725,0.1617294590173917
2004,8,2004-08,Klirong,0.5411410638297872,0.55055,0.1297,0.7877000000000001,0.12394792451294555
2004,8,2004-08,Buluspesantren,0.5446164855072464,0.53725,0.15940000000000001,0.80505,0.12909526627543566
2004,8,2004-08,Ambal,0.6096216417910448,0.6282,-0.0106,0.8237,0.12580870467076738
2004,8,2004-08,Mirit,0.6231874715261959,0.65885,0.0339,0.8408,0.13872924767209707
2004,8,2004-08,Prembun,0.5772922784810126,0.5878,0.32830000000000004,0.7514000000000001,0.08378701440050419
2004,8,2004-08,Kutowinangun,0.6192734513274336,0.6327,0.3265,0.7826000000000001,0.08742730448495063
2004,8,2004-08,Alian,0.6492742796157952,0.6725,0.30625,0.7947000000000001,0.09419191757998455
2004,8,2004-08,Kebumen,0.5047431102362204,0.4902,0.2854,0.7897500000000001,0.10704704610816644
2004,8,2004-08,Pejagoan,0.6349314432989692,0.6773750000000001,0.34040000000000004,0.7922,0.10893776754920295
2004,8,2004-08,Sruweng,0.6240109838274932,0.6743750000000001,0.30185,0.8037500000000001,0.12689848062160758
2004,8,2004-08,Adimulyo,0.5729861420612813,0.59675,0.27815,0.7723500000000001,0.12435934856722025
2004,8,2004-08,Kuwarasan,0.6476580204778157,0.669025,0.32885000000000003,0.8169000000000001,0.10242762172209523
2004,8,2004-08,Rowokele,0.7004292912513843,0.7246,0.368,0.8662500000000001,0.10425514002825242
2004,8,2004-08,Sempor,0.6577371517027863,0.66935,0.054900000000000004,0.8049000000000001,0.08490664540536545
2004,8,2004-08,Gombong,0.6232681268882175,0.6334500000000001,0.32415,0.8462000000000001,0.10326419788908325
2004,8,2004-08,Karanganyar,0.6468019417475729,0.6784,0.32395,0.79135,0.10297272339420721
2004,8,2004-08,Karanggayam,0.6360566593886462,0.634525,0.23045000000000002,0.8168000000000001,0.07565440851106493
2004,8,2004-08,Sadang,0.7006640866873065,0.7149,0.40115,0.84345,0.08299601243866483
2004,8,2004-08,Bonorowo,0.6742936111111111,0.69155,0.40435000000000004,0.80435,0.0859188728346811
2004,8,2004-08,Padureso,0.6951552752293579,0.70295,0.28885,0.8198000000000001,0.061694627661277764
2004,8,2004-08,Poncowarno,0.6621794505494506,0.6636000000000001,0.41700000000000004,0.80325,0.07186820470104184
2004,8,2004-08,Karangsambung,0.6605993368700266,0.6677500000000001,0.2252,0.8166,0.08081299740733626
2004,9,2004-09,Ayah,0.6683155555555557,0.68655,-0.0408,0.87555,0.11341400504185489
2004,9,2004-09,Buayan,0.5697200892857144,0.57965,0.17220000000000002,0.86355,0.13264908593053448
2004,9,2004-09,Puring,0.5206665346534654,0.5059,0.2474,0.7594000000000001,0.1253043470316217
2004,9,2004-09,Petanahan,0.5053943537414967,0.52,0.23645000000000002,0.7773,0.14423822584408882
2004,9,2004-09,Klirong,0.5477340057636888,0.570775,0.1336,0.7709,0.12042373276980424
2004,9,2004-09,Buluspesantren,0.5222541262135922,0.5293,0.157,0.75615,0.1247656340815859
2004,9,2004-09,Ambal,0.49250235470941894,0.48635,0.058,0.7716500000000001,0.14041344036607503
2004,9,2004-09,Mirit,0.5018289687137891,0.50165,0.09195,0.7614000000000001,0.10762529482187247
2004,9,2004-09,Prembun,0.5187354430379747,0.518,0.20965,0.7392500000000001,0.10109044031726191
2004,9,2004-09,Kutowinangun,0.5117381415929203,0.5226000000000001,0.2147,0.8175,0.125550230159114
2004,9,2004-09,Alian,0.5504478655282817,0.5696,0.2026,0.8134,0.11361646644252232
2004,9,2004-09,Kebumen,0.4646252624671916,0.468125,0.20675000000000002,0.7875000000000001,0.10040928791698868
2004,9,2004-09,Pejagoan,0.5000018900343642,0.50395,0.21555000000000002,0.8268500000000001,0.11224848587993703
2004,9,2004-09,Sruweng,0.5157660377358491,0.5211250000000001,0.1542,0.9605,0.12382551323522237
2004,9,2004-09,Adimulyo,0.4797907381615599,0.48652500000000004,0.1315,0.7967500000000001,0.11343429221487995
2004,9,2004-09,Kuwarasan,0.5139875426621161,0.5139,0.1557,0.8882,0.12880568654945654
2004,9,2004-09,Rowokele,0.5282498338870432,0.5403,0.12225000000000001,0.9059,0.1392238606121802
2004,9,2004-09,Sempor,0.47065479876160987,0.47040000000000004,0.05935,0.8430500000000001,0.12362425328466782
2004,9,2004-09,Gombong,0.40321570996978856,0.38780000000000003,0.1211,0.84045,0.12345388192218205
2004,9,2004-09,Karanganyar,0.5055671844660196,0.5114000000000001,0.187,0.82635,0.10740091143705281
2004,9,2004-09,Karanggayam,0.4785859170305677,0.47455,0.1584,0.8494,0.10898764506884487
2004,9,2004-09,Sadang,0.5447304437564501,0.54945,0.22675,0.8641500000000001,0.12401966313482524
2004,9,2004-09,Bonorowo,0.5404009722222223,0.5454,0.28315,0.7423000000000001,0.09612043642049227
2004,9,2004-09,Padureso,0.6555857798165138,0.6758250000000001,0.27615,0.78625,0.08136764527051861
2004,9,2004-09,Poncowarno,0.6229375824175825,0.6294000000000001,0.28885,0.8146,0.09570619300113592
2004,9,2004-09,Karangsambung,0.5470201149425288,0.55805,0.1628,0.84835,0.12074098460096068
2004,10,2004-10,Ayah,0.5459413277052956,0.5467500000000001,0.08370000000000001,0.9072,0.13352495225864672
2004,10,2004-10,Buayan,0.5183733957219252,0.5119,0.23035,0.9430000000000001,0.11302474903033864
2004,10,2004-10,Puring,0.4844960278053625,0.47885,0.0726,0.88765,0.1501246263279297
2004,10,2004-10,Petanahan,0.4707657784011221,0.45335000000000003,0.1317,0.9156000000000001,0.1599734973228768
2004,10,2004-10,Klirong,0.49176541244573085,0.48210000000000003,0.15860000000000002,0.8659,0.14036906923607428
2004,10,2004-10,Buluspesantren,0.4867523493975904,0.47765,0.18155000000000002,0.8233,0.13580906672945703
2004,10,2004-10,Ambal,0.4034624624624624,0.3899,0.01365,0.7725000000000001,0.13708283704225668
2004,10,2004-10,Mirit,0.4443328,0.4486,0.0468,0.8121,0.12555831275269214
2004,10,2004-10,Prembun,0.3956212658227848,0.39045,0.13315000000000002,0.8081,0.10959174413799527
2004,10,2004-10,Kutowinangun,0.43346522123893805,0.42735,0.16125,0.73595,0.12187635609663398
2004,10,2004-10,Alian,0.44289242262540024,0.44105,0.12430000000000001,0.7585500000000001,0.1179305853579167
2004,10,2004-10,Kebumen,0.40139993438320215,0.39775000000000005,0.09315000000000001,0.76085,0.11998186905076254
2004,10,2004-10,Pejagoan,0.42105996563573883,0.417675,0.09275,0.78215,0.1372477278224987
2004,10,2004-10,Sruweng,0.41400330188679246,0.40395000000000003,0.1062,0.8424,0.13609495584808284
2004,10,2004-10,Adimulyo,0.3574017409470753,0.358525,0.09390000000000001,0.6864,0.09763153680121436
2004,10,2004-10,Kuwarasan,0.40460409556314,0.398525,0.1371,0.8149000000000001,0.08826627599546108
2004,10,2004-10,Rowokele,0.5071650055370986,0.509,0.10915000000000001,0.8358,0.14010222732732117
2004,10,2004-10,Sempor,0.4109989164086687,0.4182,0.016900000000000002,0.6915,0.10703978803829926
2004,10,2004-10,Gombong,0.3552972809667674,0.35760000000000003,0.08080000000000001,0.66035,0.09046352751986833
2004,10,2004-10,Karanganyar,0.42635757281553405,0.44375000000000003,0.0893,0.7653500000000001,0.12960563087421378
2004,10,2004-10,Karanggayam,0.42480619541484715,0.42790000000000006,0.08975000000000001,0.77335,0.10527012991481854
2004,10,2004-10,Sadang,0.4623032507739938,0.45455,0.09365000000000001,0.80805,0.10610106531097557
2004,10,2004-10,Bonorowo,0.4052141666666666,0.39537500000000003,0.16695000000000002,0.7018,0.09631743529066907
2004,10,2004-10,Padureso,0.41558325688073394,0.4055,0.0879,0.7906500000000001,0.12555140863603897
2004,10,2004-10,Poncowarno,0.38657912087912094,0.3905,0.06520000000000001,0.67895,0.11458247959437944
2004,10,2004-10,Karangsambung,0.4424540671971706,0.44625000000000004,0.1323,0.77715,0.11700459827690819
2004,11,2004-11,Ayah,0.4369613406079501,0.40490000000000004,-0.0033,0.9664,0.2058139684385833
2004,11,2004-11,Buayan,0.5908589077887199,0.6304000000000001,0.031200000000000002,0.9799,0.19608110147638638
2004,11,2004-11,Puring,0.5090108193277311,0.5398000000000001,-0.1105,0.914,0.26313888866030266
2004,11,2004-11,Petanahan,0.4212706536856745,0.403,-0.0275,0.9808,0.22653224822638163
2004,11,2004-11,Klirong,0.5450856938483548,0.5618000000000001,0.027800000000000002,0.9603,0.1805417281902933
2004,11,2004-11,Buluspesantren,0.520848296836983,0.5458000000000001,-0.0375,0.8801,0.20841018128916458
2004,11,2004-11,Ambal,0.4750941538461539,0.48800000000000004,-0.006,0.9585,0.1993724724888953
2004,11,2004-11,Mirit,0.5015442922374429,0.5135000000000001,-0.17980000000000002,0.8938,0.17409777012733926
2004,11,2004-11,Prembun,0.4938392405063291,0.517,0.061000000000000006,0.9276000000000001,0.17428843866587287
2004,11,2004-11,Kutowinangun,0.522143185840708,0.5472,0.049600000000000005,0.9952000000000001,0.18372178594428692
2004,11,2004-11,Alian,0.654215901814301,0.6907,0.1216,0.9555,0.14357284346283308
2004,11,2004-11,Kebumen,0.5030879265091863,0.49435,0.16790000000000002,0.8539,0.14178994874643588
2004,11,2004-11,Pejagoan,0.6546611683848798,0.69675,0.075,0.9575,0.16967627952165812
2004,11,2004-11,Sruweng,0.5958805929919138,0.6913,0.0453,0.9906,0.22285573373827683
2004,11,2004-11,Adimulyo,0.33697855153203343,0.32730000000000004,-0.1165,0.7711,0.18215698091468271
2004,11,2004-11,Kuwarasan,0.4317250853242321,0.43855,0.0204,0.8787,0.18538418452616984
2004,11,2004-11,Rowokele,0.5570086378737542,0.6147,0.051500000000000004,0.9953000000000001,0.17580080042900245
2004,11,2004-11,Sempor,0.5791133126934984,0.6162000000000001,-0.038900000000000004,0.9644,0.17239022761801248
2004,11,2004-11,Gombong,0.37971722054380663,0.3619,0.0748,0.808,0.1658775928393341
2004,11,2004-11,Karanganyar,0.5989483495145631,0.665,-0.0815,0.8891,0.2142234149363338
2004,11,2004-11,Karanggayam,0.5893482532751092,0.6343,0.028200000000000003,0.9797,0.18909968411365327
2004,11,2004-11,Sadang,0.6260702786377709,0.6454000000000001,0.1405,0.9836,0.16542710086545057
2004,11,2004-11,Bonorowo,0.48471583333333335,0.5048,-0.16140000000000002,0.8415,0.18201516267539364
2004,11,2004-11,Padureso,0.662681880733945,0.712,0.08710000000000001,0.995,0.1591736956368777
2004,11,2004-11,Poncowarno,0.568372087912088,0.6014,0.0269,0.9227000000000001,0.17605218404390682
2004,11,2004-11,Karangsambung,0.6135051282051283,0.6587000000000001,0.0849,0.9872000000000001,0.15787215174165645
2004,12,2004-12,Ayah,0.6942829389312977,0.7551000000000001,0.0511,0.9019,0.17068488613777877
2004,12,2004-12,Buayan,0.63806342010772,0.690175,-0.0148,0.9115000000000001,0.183665699935826
2004,12,2004-12,Puring,0.5001422660098522,0.51505,-0.1577,0.9405,0.2466894084435223
2004,12,2004-12,Petanahan,0.6169146029609691,0.61765,0.068,0.9244,0.1576150616221216
2004,12,2004-12,Klirong,0.5927167625899281,0.58275,0.055900000000000005,0.9041,0.16740495330687635
2004,12,2004-12,Buluspesantren,0.5415652068126521,0.53405,0.07485,0.8904000000000001,0.1944945740551118
2004,12,2004-12,Ambal,0.5612984095427437,0.5594,0.08965000000000001,0.8833500000000001,0.18599993639627613
2004,12,2004-12,Mirit,0.5144768665158371,0.509375,0.0349,0.88615,0.2075343207031217
2004,12,2004-12,Prembun,0.49599721518987344,0.5086,0.1342,0.7732,0.13958694746872732
2004,12,2004-12,Kutowinangun,0.5362196460176991,0.5605,0.1899,0.7911,0.1435268879680257
2004,12,2004-12,Alian,0.5952749199573107,0.6148,0.03645,0.86175,0.12499683881005526
2004,12,2004-12,Kebumen,0.4565683727034121,0.453375,0.09280000000000001,0.84975,0.13559786827340442
2004,12,2004-12,Pejagoan,0.6077231099656357,0.619275,0.14075000000000001,0.92015,0.13568457766552958
2004,12,2004-12,Sruweng,0.5969078167115903,0.61955,0.09095,0.9187500000000001,0.14812134865750226
2004,12,2004-12,Adimulyo,0.38581692200557105,0.4047,-0.182,0.7452000000000001,0.16893155524589284
2004,12,2004-12,Kuwarasan,0.4442372866894198,0.45525000000000004,-0.15675,0.8029000000000001,0.17691415099465654
2004,12,2004-12,Rowokele,0.5992508305647841,0.6449,0.07250000000000001,0.8975000000000001,0.19469822084525282
2004,12,2004-12,Sempor,0.5976156965944274,0.6191,0.10825,0.88575,0.14337174941095865
2004,12,2004-12,Gombong,0.5218998489425982,0.5107,0.33335000000000004,0.84025,0.1106367420585524
2004,12,2004-12,Karanganyar,0.6099286407766991,0.62695,0.1374,0.89675,0.15898574308707253
2004,12,2004-12,Karanggayam,0.5979171124454149,0.60195,0.08755,0.92895,0.13186400012284566
2004,12,2004-12,Sadang,0.6711670278637771,0.6793,0.27545000000000003,0.85845,0.10918119862016756
2004,12,2004-12,Bonorowo,0.41507555555555564,0.429125,-0.14795,0.7736500000000001,0.19647506962920888
2004,12,2004-12,Padureso,0.5919504587155965,0.6137,0.131,0.7695500000000001,0.09647663511774647
2004,12,2004-12,Poncowarno,0.5731128571428571,0.5904,0.2627,0.80925,0.10055200155149852
2004,12,2004-12,Karangsambung,0.6188142793987622,0.63285,0.1598,0.87605,0.12123574783616094
2005,1,2005-01,Ayah,0.7383680197268588,0.7714000000000001,0.2187,0.9853000000000001,0.11313842835911984
2005,1,2005-01,Buayan,0.7382765834076718,0.74955,0.16885,0.9871000000000001,0.08763050137123997
2005,1,2005-01,Puring,0.6902144288577154,0.714075,0.0809,0.91695,0.12186937057436883
2005,1,2005-01,Petanahan,0.7601534013605441,0.7854500000000001,0.1705,0.9460000000000001,0.10296293079396317
2005,1,2005-01,Klirong,0.730245934379458,0.74665,0.055900000000000005,0.9089,0.09942493739168
2005,1,2005-01,Buluspesantren,0.7187302663438256,0.7438500000000001,0.1279,0.8996500000000001,0.11102674501836104
2005,1,2005-01,Ambal,0.736135863095238,0.7634750000000001,0.1305,0.9266000000000001,0.10712697786254131
2005,1,2005-01,Mirit,0.6194370495495496,0.6377,0.0721,0.8641500000000001,0.13369547723029146
2005,1,2005-01,Prembun,0.67129,0.69205,0.3012,0.87405,0.10083137349561722
2005,1,2005-01,Kutowinangun,0.7244249557522124,0.7465,0.39295,0.8944000000000001,0.08897844685950085
2005,1,2005-01,Alian,0.6558765208110993,0.6708000000000001,0.02835,0.88885,0.09534722061852423
2005,1,2005-01,Kebumen,0.6165708661417324,0.61505,0.2882,0.8985500000000001,0.11576964526762416
2005,1,2005-01,Pejagoan,0.700214003436426,0.7115250000000001,0.33425,0.9196000000000001,0.12866956913449942
2005,1,2005-01,Sruweng,0.7581448113207548,0.7928250000000001,0.4439,0.9388000000000001,0.09993375172512678
2005,1,2005-01,Adimulyo,0.6951118384401115,0.7207250000000001,0.30960000000000004,0.9277500000000001,0.11584197308804835
2005,1,2005-01,Kuwarasan,0.7012232935153584,0.7383,0.3321,0.8697,0.10904554774892304
2005,1,2005-01,Rowokele,0.6779767441860466,0.7089000000000001,0.09855,0.9359500000000001,0.1428567557560621
2005,1,2005-01,Sempor,0.6762671826625386,0.7001000000000001,0.11315,0.9057000000000001,0.11660912804517407
2005,1,2005-01,Gombong,0.7306856495468279,0.7483000000000001,0.3536,0.8829,0.08835902274988815
2005,1,2005-01,Karanganyar,0.771860291262136,0.7926500000000001,0.48400000000000004,0.9167000000000001,0.08293357185538235
2005,1,2005-01,Karanggayam,0.6789564683406114,0.68605,0.2363,0.9366500000000001,0.10690774048636864
2005,1,2005-01,Sadang,0.6984832301341589,0.7169,0.2768,0.9005500000000001,0.11633974563242797
2005,1,2005-01,Bonorowo,0.61233,0.633075,0.20995,0.8276,0.12588390888698472
2005,1,2005-01,Padureso,0.72635,0.740225,0.23625000000000002,0.9114500000000001,0.08652297793655264
2005,1,2005-01,Poncowarno,0.6793062637362637,0.69325,0.37370000000000003,0.9245000000000001,0.1035465062967366
2005,1,2005-01,Karangsambung,0.6486432360742707,0.6575500000000001,0.1567,0.8991,0.11166887510157386
2005,2,2005-02,Ayah,0.6948550840978593,0.714175,0.101,0.9926,0.11751375987716048
2005,2,2005-02,Buayan,0.7832991906474821,0.7977750000000001,0.36585,0.95435,0.08365478671404457
2005,2,2005-02,Puring,0.7489808285163776,0.784575,0.1564,0.9119,0.11916635810550946
2005,2,2005-02,Petanahan,0.73320875,0.7498750000000001,0.092,0.8815000000000001,0.09639776657377071
2005,2,2005-02,Klirong,0.7403420863309353,0.77675,0.2257,0.90795,0.10091870819621379
2005,2,2005-02,Buluspesantren,0.7377440072639224,0.7853,0.20650000000000002,0.9393,0.12074707616227587
2005,2,2005-02,Ambal,0.7108665674603174,0.7399249999999999,0.13570000000000002,0.8824000000000001,0.11834155353039572
2005,2,2005-02,Mirit,0.6772924360400445,0.7168,-0.06430000000000001,0.8862,0.13842964480649175
2005,2,2005-02,Prembun,0.7437511392405063,0.743,0.47740000000000005,0.90525,0.06554755355604924
2005,2,2005-02,Kutowinangun,0.7642754867256637,0.78185,0.43345,0.8705,0.06940553085495907
2005,2,2005-02,Alian,0.7748856456776948,0.79495,0.4736,0.9075000000000001,0.06907329648677567
2005,2,2005-02,Kebumen,0.7525381233595801,0.77115,0.46455,0.9318000000000001,0.07650356316660606
2005,2,2005-02,Pejagoan,0.7814293814432991,0.7945500000000001,0.48050000000000004,0.8861,0.07023232491660283
2005,2,2005-02,Sruweng,0.8138659029649596,0.82805,0.6189,0.9232,0.04585772732540832
2005,2,2005-02,Adimulyo,0.8153211699164344,0.8202,0.7106,0.89085,0.0329805730826453
2005,2,2005-02,Kuwarasan,0.816724914675768,0.8243,0.6016,0.89485,0.03967174582497717
2005,2,2005-02,Rowokele,0.7366380952380953,0.77995,0.3219,0.9167500000000001,0.11993885623663857
2005,2,2005-02,Sempor,0.7515735603715171,0.77715,0.17145000000000002,0.93735,0.0967504948540648
2005,2,2005-02,Gombong,0.7488492447129909,0.7599,0.49645,0.8816,0.07006252240861256
2005,2,2005-02,Karanganyar,0.8118595145631069,0.8229500000000001,0.5736,0.8925000000000001,0.047918498736120425
2005,2,2005-02,Karanggayam,0.7831194323144105,0.796,0.3642,0.90805,0.05961492956533187
2005,2,2005-02,Sadang,0.768980185758514,0.7817500000000001,0.4943,0.9025500000000001,0.061397439964770685
2005,2,2005-02,Bonorowo,0.7076358333333334,0.7253750000000001,0.3307,0.8517,0.08202500258644041
2005,2,2005-02,Padureso,0.7618478211009175,0.77595,0.46205,0.878,0.06665342402662133
2005,2,2005-02,Poncowarno,0.7520195604395604,0.77275,0.42385,0.9076000000000001,0.07971704901151003
2005,2,2005-02,Karangsambung,0.7721648541114058,0.7836000000000001,0.31010000000000004,0.88605,0.06928764567378409
2005,3,2005-03,Ayah,0.741385340909091,0.7668250000000001,0.0477,0.9720000000000001,0.09934972599833573
2005,3,2005-03,Buayan,0.7108439393939394,0.735975,0.2434,0.92845,0.1142745837017274
2005,3,2005-03,Puring,0.6823242661448141,0.7151000000000001,0.0935,0.9323,0.14293145827417833
2005,3,2005-03,Petanahan,0.5810557744565218,0.5508500000000001,0.1773,0.9645,0.17273751485808134
2005,3,2005-03,Klirong,0.607326690647482,0.5919,0.24105000000000001,0.8938,0.11668082602428755
2005,3,2005-03,Buluspesantren,0.6181720944309927,0.61575,0.16625,0.8510500000000001,0.09832886249154987
2005,3,2005-03,Ambal,0.576605060728745,0.57445,0.0998,0.911,0.11464434022949511
2005,3,2005-03,Mirit,0.6332875283446713,0.6527750000000001,0.12990000000000002,0.9066000000000001,0.11540016332714498
2005,3,2005-03,Prembun,0.7395354430379746,0.75615,0.395,0.87375,0.07825232683558658
2005,3,2005-03,Kutowinangun,0.6825853097345133,0.70725,0.39790000000000003,0.88205,0.10251688907325489
2005,3,2005-03,Alian,0.7527830309498399,0.7756000000000001,0.37345,0.9124500000000001,0.0880448199216717
2005,3,2005-03,Kebumen,0.6289749343832022,0.6372,0.31720000000000004,0.8952,0.10733065756870007
2005,3,2005-03,Pejagoan,0.7267214776632303,0.748775,0.38765,0.9277500000000001,0.10910887919784365
2005,3,2005-03,Sruweng,0.689080525606469,0.7319500000000001,0.2543,0.9165500000000001,0.13975011507883825
2005,3,2005-03,Adimulyo,0.577250278551532,0.587975,0.31165000000000004,0.8420000000000001,0.08152622866860208
2005,3,2005-03,Kuwarasan,0.6072663822525597,0.6273250000000001,0.2525,0.8044,0.10595761808665723
2005,3,2005-03,Rowokele,0.717974584717608,0.75085,0.22110000000000002,0.9287500000000001,0.1073955394714334
2005,3,2005-03,Sempor,0.7166162229102169,0.75155,-0.05595,0.8922,0.10628636281047406
2005,3,2005-03,Gombong,0.4781835347432024,0.4496,0.26585000000000003,0.81345,0.11261861994448545
2005,3,2005-03,Karanganyar,0.7227285436893204,0.77475,0.4038,0.87105,0.11669909331024196
2005,3,2005-03,Karanggayam,0.7619607259825327,0.7783249999999999,0.3103,0.91835,0.0762724679179877
2005,3,2005-03,Sadang,0.7666723426212592,0.787,0.43270000000000003,0.8988,0.08093027107228219
2005,3,2005-03,Bonorowo,0.71443125,0.7237750000000001,0.39075000000000004,0.9082,0.09004664510280677
2005,3,2005-03,Padureso,0.8014202981651377,0.81445,0.40395000000000003,0.8607,0.04973793438266427
2005,3,2005-03,Poncowarno,0.7700258241758242,0.7905000000000001,0.45840000000000003,0.8776,0.07374578153799989
2005,3,2005-03,Karangsambung,0.7551500884173298,0.7716000000000001,0.3336,0.9226000000000001,0.08413272258065774
2005,4,2005-04,Ayah,0.6667529811320755,0.69125,0.1228,0.93525,0.13950031630646367
2005,4,2005-04,Buayan,0.7092679624664879,0.7497,0.23420000000000002,0.9315,0.13489548741022114
2005,4,2005-04,Puring,0.5711617733990147,0.58075,0.049,0.9741000000000001,0.15520972874898303
2005,4,2005-04,Petanahan,0.578589217032967,0.5881000000000001,0.1213,0.8638,0.1611638481111253
2005,4,2005-04,Klirong,0.5791734240687679,0.60075,-0.062,0.8638,0.13783542114815592
2005,4,2005-04,Buluspesantren,0.5709725845410628,0.5762,0.21075000000000002,0.8688,0.1530228589048918
2005,4,2005-04,Ambal,0.5409668362156663,0.5306000000000001,0.0194,0.9005500000000001,0.1713996744503599
2005,4,2005-04,Mirit,0.5769036199095022,0.58855,0.0004,0.87475,0.12868604244762874
2005,4,2005-04,Prembun,0.6109554430379747,0.6172000000000001,0.21835000000000002,0.84225,0.14176212573588953
2005,4,2005-04,Kutowinangun,0.6326645132743364,0.6697500000000001,0.17345000000000002,0.8408,0.1573201114069072
2005,4,2005-04,Alian,0.7159430096051228,0.75595,0.22590000000000002,0.8964000000000001,0.1250792239943967
2005,4,2005-04,Kebumen,0.5068807742782152,0.49525,0.1956,0.9052,0.12977182711963112
2005,4,2005-04,Pejagoan,0.6653446735395189,0.691675,0.2504,0.91135,0.13661626531746524
2005,4,2005-04,Sruweng,0.5999429919137466,0.621675,0.14895,0.9408000000000001,0.1680758290696897
2005,4,2005-04,Adimulyo,0.4881088440111421,0.492325,0.17955000000000002,0.7595500000000001,0.10573813693339591
2005,4,2005-04,Kuwarasan,0.5432,0.5464,0.24295,0.83265,0.11352529111854102
2005,4,2005-04,Rowokele,0.7291018826135104,0.7704500000000001,0.29965,0.9114500000000001,0.12182250818891867
2005,4,2005-04,Sempor,0.7209660061919505,0.7482000000000001,0.2293,0.9197500000000001,0.09357398420150558
2005,4,2005-04,Gombong,0.5078406344410876,0.48765000000000003,0.23475000000000001,0.8564,0.12891844240232034
2005,4,2005-04,Karanganyar,0.6499259223300972,0.7050500000000001,0.16945000000000002,0.9422,0.1660365376588585
2005,4,2005-04,Karanggayam,0.7467201419213975,0.7673750000000001,0.31245,0.94025,0.08493818875985752
2005,4,2005-04,Sadang,0.7630024767801858,0.7874,0.22825,0.9359000000000001,0.08596762866079354
2005,4,2005-04,Bonorowo,0.5872161111111112,0.59235,0.31885,0.7882,0.11112363443174898
2005,4,2005-04,Padureso,0.7675440366972477,0.7868,0.36200000000000004,0.85545,0.07062926498440421
2005,4,2005-04,Poncowarno,0.7400016483516484,0.75915,0.342,0.8638,0.08565986277533678
2005,4,2005-04,Karangsambung,0.7551512378426173,0.77285,0.25755,0.9208000000000001,0.0891654979220545
2005,5,2005-05,Ayah,0.7765264908256881,0.8082,-0.0125,0.9760000000000001,0.09970739591881837
2005,5,2005-05,Buayan,0.772414139161463,0.7865500000000001,0.0949,0.9308500000000001,0.07325278117248706
2005,5,2005-05,Puring,0.6720438180019783,0.7190500000000001,0.1962,0.9563,0.1503246263843321
2005,5,2005-05,Petanahan,0.7069506072874494,0.7261000000000001,0.33705,0.8716,0.10031064188210488
2005,5,2005-05,Klirong,0.6368946454413893,0.63815,0.31555,0.8560500000000001,0.11024255168888819
2005,5,2005-05,Buluspesantren,0.5863929951690822,0.590825,0.2396,0.8289000000000001,0.12179836922892714
2005,5,2005-05,Ambal,0.5356451146560319,0.54035,0.1378,0.8278500000000001,0.14377756180720322
2005,5,2005-05,Mirit,0.5169893785310735,0.513,0.0194,0.85185,0.1359078623175524
2005,5,2005-05,Prembun,0.5770887341772153,0.58945,0.26605,0.7741,0.12484049557377828
2005,5,2005-05,Kutowinangun,0.61826796460177,0.6674,0.22840000000000002,0.8069000000000001,0.12505697123063264
2005,5,2005-05,Alian,0.6912254535752402,0.7236,0.32280000000000003,0.8249500000000001,0.09925058489692802
2005,5,2005-05,Kebumen,0.5299156824146981,0.53015,0.27435000000000004,0.8254,0.12314886753941487
2005,5,2005-05,Pejagoan,0.7009834192439862,0.761425,0.31125,0.8617,0.1253047355038242
2005,5,2005-05,Sruweng,0.7180434636118599,0.7554750000000001,0.37585,0.86955,0.10624737292327625
2005,5,2005-05,Adimulyo,0.6327720055710306,0.6639,0.028050000000000002,0.8008500000000001,0.12277364556937907
2005,5,2005-05,Kuwarasan,0.714425,0.7424250000000001,0.25885,0.86865,0.09809340890566394
2005,5,2005-05,Rowokele,0.7628250276854929,0.78215,0.43255000000000005,0.9129,0.07768416541573457
2005,5,2005-05,Sempor,0.7381612074303405,0.75365,0.06860000000000001,0.9019,0.07689264675615932
2005,5,2005-05,Gombong,0.7257676737160121,0.7503500000000001,0.42505000000000004,0.8517,0.08197449531716441
2005,5,2005-05,Karanganyar,0.7424054368932038,0.7715500000000001,0.49470000000000003,0.83925,0.0729427765447124
2005,5,2005-05,Karanggayam,0.7241880731441048,0.7368250000000001,0.35165,0.8712500000000001,0.07475309515834307
2005,5,2005-05,Sadang,0.7360108875129,0.75255,0.3946,0.87255,0.0734716474919219
2005,5,2005-05,Bonorowo,0.5154930555555556,0.525825,0.108,0.7261000000000001,0.11971166647684586
2005,5,2005-05,Padureso,0.7318066513761468,0.743175,0.3362,0.8400000000000001,0.05946618894613597
2005,5,2005-05,Poncowarno,0.6869506593406595,0.6988500000000001,0.4761,0.8202,0.06742611633781405
2005,5,2005-05,Karangsambung,0.7010080017683467,0.7151500000000001,0.25620000000000004,0.8510000000000001,0.08593126648523206
2005,6,2005-06,Ayah,0.7692940366972477,0.804,0.032,0.9599500000000001,0.12068120032862228
2005,6,2005-06,Buayan,0.75373440285205,0.7701500000000001,0.0021000000000000003,0.94115,0.09015776522885052
2005,6,2005-06,Puring,0.7651382267441861,0.8018750000000001,-0.051500000000000004,0.89825,0.11974509960865119
2005,6,2005-06,Petanahan,0.8027853494623657,0.818975,0.1307,0.90195,0.08807514600897084
2005,6,2005-06,Klirong,0.7588125909752548,0.8005,0.21830000000000002,0.9267000000000001,0.1288290526860858
2005,6,2005-06,Buluspesantren,0.7200191247002398,0.7766000000000001,0.1434,0.90215,0.14393057099011594
2005,6,2005-06,Ambal,0.6820776938569989,0.7138,0.1776,0.8778,0.1277100495091847
2005,6,2005-06,Mirit,0.589202796803653,0.60295,-0.0458,0.8868,0.14587936261449935
2005,6,2005-06,Prembun,0.6873640506329115,0.6950000000000001,0.4521,0.8605,0.08675625822126262
2005,6,2005-06,Kutowinangun,0.7102278761061948,0.72355,0.4606,0.8675,0.07275375212720249
2005,6,2005-06,Alian,0.7550114194236927,0.7704000000000001,0.3201,0.8973500000000001,0.07649323292181137
2005,6,2005-06,Kebumen,0.7396683727034122,0.7484999999999999,0.37225,0.90305,0.09616373505983944
2005,6,2005-06,Pejagoan,0.7591742268041238,0.782775,0.4595,0.8814500000000001,0.07651344656885788
2005,6,2005-06,Sruweng,0.8042173180592993,0.8154250000000001,0.53105,0.9111,0.05439821648568422
2005,6,2005-06,Adimulyo,0.7936509052924792,0.800975,0.52975,0.8939,0.04715322489778642
2005,6,2005-06,Kuwarasan,0.7652176621160409,0.7666000000000001,0.51305,0.8859,0.0594598362980332
2005,6,2005-06,Rowokele,0.8093241971207089,0.81865,0.49425,0.9319000000000001,0.05253755603176266
2005,6,2005-06,Sempor,0.7261,0.74305,-0.0061,0.85965,0.08440619155828921
2005,6,2005-06,Gombong,0.6877904833836859,0.7048500000000001,0.41605000000000003,0.8267,0.07321197130087605
2005,6,2005-06,Karanganyar,0.7781670873786408,0.7867500000000001,0.5356500000000001,0.8871,0.05162612672328495
2005,6,2005-06,Karanggayam,0.7027766102620088,0.713525,0.29425,0.8986000000000001,0.08140888048390583
2005,6,2005-06,Sadang,0.7316008255933952,0.75355,0.3532,0.9102,0.08934226161431502
2005,6,2005-06,Bonorowo,0.6086083333333333,0.663,0.0045000000000000005,0.8359000000000001,0.1724602556468527
2005,6,2005-06,Padureso,0.7756005733944953,0.7801,0.26765,0.87355,0.05069748859107186
2005,6,2005-06,Poncowarno,0.7326271428571428,0.742,0.5146000000000001,0.8653500000000001,0.0713310120476979
2005,6,2005-06,Karangsambung,0.7106973032714413,0.7203,0.2311,0.8674000000000001,0.08513800989453492
2005,7,2005-07,Ayah,0.7470146899224807,0.777375,0.23920000000000002,0.92545,0.10180766476043747
2005,7,2005-07,Buayan,0.7015239423942394,0.7398,0.18815,0.89275,0.10934707724328642
2005,7,2005-07,Puring,0.6510079380445304,0.6645,0.20370000000000002,0.8696,0.11462170539828175
2005,7,2005-07,Petanahan,0.6018118193891102,0.6142000000000001,0.0621,0.83125,0.1410180996492831
2005,7,2005-07,Klirong,0.6758317655571636,0.68865,0.2642,0.83265,0.08623443914870041
2005,7,2005-07,Buluspesantren,0.6813511613691933,0.69325,0.1857,0.8371000000000001,0.09282192214954563
2005,7,2005-07,Ambal,0.6972954232283465,0.7180250000000001,0.0009000000000000001,0.8574,0.09942075406966851
2005,7,2005-07,Mirit,0.7026778285714286,0.7497,-0.0313,0.84765,0.13107996473199876
2005,7,2005-07,Prembun,0.7269186075949368,0.72935,0.51425,0.84765,0.05037575003642223
2005,7,2005-07,Kutowinangun,0.724263185840708,0.73355,0.47625,0.8269000000000001,0.0602692101239552
2005,7,2005-07,Alian,0.7339086979722519,0.74145,0.55105,0.82735,0.042972839969438625
2005,7,2005-07,Kebumen,0.6499468503937008,0.659675,0.36225,0.81955,0.08763443607626764
2005,7,2005-07,Pejagoan,0.7354853092783505,0.7614000000000001,0.4737,0.8421500000000001,0.07292046821973545
2005,7,2005-07,Sruweng,0.6838498652291105,0.74485,0.31620000000000004,0.8772000000000001,0.12867106572038894
2005,7,2005-07,Adimulyo,0.5621344707520891,0.5633250000000001,0.2523,0.7797000000000001,0.1044573051174877
2005,7,2005-07,Kuwarasan,0.5432199658703072,0.556325,0.3115,0.8043,0.09458293525056817
2005,7,2005-07,Rowokele,0.7200225913621263,0.7452500000000001,0.35765,0.9035500000000001,0.10181596095363805
2005,7,2005-07,Sempor,0.7038170897832817,0.7331500000000001,0.15215,0.883,0.09697892381644403
2005,7,2005-07,Gombong,0.4679373111782477,0.44675000000000004,0.2741,0.7875000000000001,0.1099371576426032
2005,7,2005-07,Karanganyar,0.6739325242718446,0.74765,0.31010000000000004,0.8853500000000001,0.1339178650808129
2005,7,2005-07,Karanggayam,0.7365064683406113,0.7399249999999999,0.38820000000000005,0.8813500000000001,0.055752778147877276
2005,7,2005-07,Sadang,0.7595250773993808,0.7741,0.43510000000000004,0.87965,0.07300867797366649
2005,7,2005-07,Bonorowo,0.691851388888889,0.73145,0.11760000000000001,0.808,0.11518140425849946
2005,7,2005-07,Padureso,0.7594255733944955,0.76405,0.46105,0.8702000000000001,0.038792797093308386
2005,7,2005-07,Poncowarno,0.7248225274725274,0.7318,0.44380000000000003,0.8178000000000001,0.05959545923762775
2005,7,2005-07,Karangsambung,0.7414727674624227,0.7503500000000001,0.36715000000000003,0.85395,0.06108824802028051
2005,8,2005-08,Ayah,0.6798386519421173,0.70775,0.0407,0.9308000000000001,0.14193674736314374
2005,8,2005-08,Buayan,0.5972214285714286,0.6032500000000001,0.17765,0.8977,0.15428505053180636
2005,8,2005-08,Puring,0.595730739299611,0.59265,0.19920000000000002,0.91,0.1585460697988923
2005,8,2005-08,Petanahan,0.5670681515957446,0.572675,0.020300000000000002,0.85975,0.15488815252796095
2005,8,2005-08,Klirong,0.5905699567723343,0.5925,0.2321,0.84145,0.11429565484427023
2005,8,2005-08,Buluspesantren,0.5828748783454989,0.583075,0.09230000000000001,0.8338,0.11872026877774143
2005,8,2005-08,Ambal,0.5393157554671969,0.538975,0.0059,0.81615,0.13549745131147087
2005,8,2005-08,Mirit,0.5734058126410835,0.5837749999999999,0.0046,0.8245,0.12095661691057866
2005,8,2005-08,Prembun,0.53067,0.53505,0.33745,0.7483000000000001,0.09013462662293385
2005,8,2005-08,Kutowinangun,0.5141301769911505,0.5083,0.21075000000000002,0.8495,0.11727286918118093
2005,8,2005-08,Alian,0.6189620597652082,0.6614,0.2581,0.82115,0.11757067795844317
2005,8,2005-08,Kebumen,0.4458794619422573,0.43710000000000004,0.19160000000000002,0.7893,0.10498670576431714
2005,8,2005-08,Pejagoan,0.6095642611683848,0.6197250000000001,0.24100000000000002,0.80505,0.13312172001433276
2005,8,2005-08,Sruweng,0.573436859838275,0.5747500000000001,0.11505,0.89175,0.1397281435125563
2005,8,2005-08,Adimulyo,0.5107703342618385,0.5174000000000001,0.1806,0.7531,0.1044834001630765
2005,8,2005-08,Kuwarasan,0.48393071672354954,0.48825,0.1913,0.803,0.11671390345436386
2005,8,2005-08,Rowokele,0.6202830011074197,0.6327,0.2083,0.91705,0.1251635788441128
2005,8,2005-08,Sempor,0.6063843034055728,0.6165,0.10865000000000001,0.92525,0.11949634100540002
2005,8,2005-08,Gombong,0.5281273413897282,0.5288,0.27965,0.8439000000000001,0.09626982622436876
2005,8,2005-08,Karanganyar,0.6404448543689322,0.64375,0.34295000000000003,0.83935,0.11118225039825183
2005,8,2005-08,Karanggayam,0.6550999454148473,0.661975,0.28515,0.8917,0.08314758794457833
2005,8,2005-08,Sadang,0.6666658926728587,0.6847500000000001,0.20205,0.8915000000000001,0.10395437680252467
2005,8,2005-08,Bonorowo,0.6237983333333333,0.6430750000000001,0.3801,0.8077500000000001,0.09968672406873223
2005,8,2005-08,Padureso,0.6471213302752293,0.6627000000000001,0.3532,0.76815,0.07615413181650606
2005,8,2005-08,Poncowarno,0.5746921978021978,0.5883,0.32135,0.8216,0.10342049119766
2005,8,2005-08,Karangsambung,0.6794118921308576,0.6896,0.2808,0.8288000000000001,0.07640725596703998
2005,9,2005-09,Ayah,0.5806770342205324,0.60035,-0.011600000000000001,0.9853000000000001,0.13983938191700646
2005,9,2005-09,Buayan,0.5396428443649374,0.5452250000000001,0.10235000000000001,0.8827,0.13247581595798638
2005,9,2005-09,Puring,0.5680527669902914,0.5569000000000001,-0.0438,0.81835,0.12961219031505522
2005,9,2005-09,Petanahan,0.5993544726301736,0.6237,0.0205,0.8618,0.1292805447945362
2005,9,2005-09,Klirong,0.6230855395683453,0.6445500000000001,0.030600000000000002,0.87295,0.1202579936598701
2005,9,2005-09,Buluspesantren,0.5841082524271844,0.5810500000000001,0.18480000000000002,0.8641500000000001,0.1255338262051439
2005,9,2005-09,Ambal,0.5118581692913386,0.50885,0.036500000000000005,0.8056000000000001,0.140770541822761
2005,9,2005-09,Mirit,0.5417286036036036,0.554425,0.0013000000000000002,0.7933,0.13667344616974778
2005,9,2005-09,Prembun,0.5237367088607596,0.52285,0.2343,0.7955500000000001,0.11498576640282203
2005,9,2005-09,Kutowinangun,0.44142353982300886,0.42865000000000003,0.10365,0.8189500000000001,0.1327801410671262
2005,9,2005-09,Alian,0.5101163287086447,0.51375,0.1547,0.8694000000000001,0.13457782432707527
2005,9,2005-09,Kebumen,0.4065750656167979,0.397625,0.05335,0.8765000000000001,0.14366013829967514
2005,9,2005-09,Pejagoan,0.525854295532646,0.531425,0.11005000000000001,0.87495,0.13066900699387324
2005,9,2005-09,Sruweng,0.46716287061994616,0.47265,0.0748,0.85975,0.14317732215318285
2005,9,2005-09,Adimulyo,0.48512820334261836,0.49417500000000003,0.11765,0.84245,0.1316502841919854
2005,9,2005-09,Kuwarasan,0.4760825938566553,0.480275,0.1507,0.8410500000000001,0.12804927677402325
2005,9,2005-09,Rowokele,0.5087919712070875,0.5183,0.1394,0.8307,0.11819987395969493
2005,9,2005-09,Sempor,0.5098499071207431,0.5121,0.11305000000000001,0.85575,0.11615061019735273
2005,9,2005-09,Gombong,0.4963947129909366,0.4934,0.1305,0.7403500000000001,0.11402662788935718
2005,9,2005-09,Karanganyar,0.5094429126213593,0.51295,0.1134,0.8492000000000001,0.11892600858403611
2005,9,2005-09,Karanggayam,0.5019619541484716,0.5100750000000001,0.1345,0.8999,0.12375408455215883
2005,9,2005-09,Sadang,0.5595700206398349,0.5730000000000001,0.10550000000000001,0.9196500000000001,0.13034388988415888
2005,9,2005-09,Bonorowo,0.6008913888888889,0.63095,0.2812,0.7769,0.09945836940797498
2005,9,2005-09,Padureso,0.534830619266055,0.5448500000000001,0.2059,0.8229500000000001,0.1170483519015684
2005,9,2005-09,Poncowarno,0.44653219780219777,0.43915000000000004,0.16205,0.83065,0.13363866162486046
2005,9,2005-09,Karangsambung,0.5542117152961982,0.5669500000000001,0.12565,0.89695,0.12962263486310033
2005,10,2005-10,Ayah,0.3755354964816263,0.3705,0.015300000000000001,0.9753000000000001,0.17938978633285424
2005,10,2005-10,Buayan,0.4960648164726947,0.47040000000000004,0.0434,0.9898,0.22509521643365432
2005,10,2005-10,Puring,0.39637896865520733,0.37170000000000003,0.0187,0.9820000000000001,0.16336284929065112
2005,10,2005-10,Petanahan,0.4354272598870057,0.39015,0.013300000000000001,0.9198000000000001,0.23410440607416863
2005,10,2005-10,Klirong,0.5528835798816568,0.5706500000000001,0.08660000000000001,0.9788,0.17635308294304303
2005,10,2005-10,Buluspesantren,0.5801796836982969,0.6056,0.0287,0.8693000000000001,0.15041036927615076
2005,10,2005-10,Ambal,0.493497641025641,0.5267000000000001,-0.0008,0.9679000000000001,0.19475203612266145
2005,10,2005-10,Mirit,0.5085045774647887,0.52935,-0.010700000000000001,0.8305,0.17241098775804312
2005,10,2005-10,Prembun,0.46882658227848106,0.4847,0.0673,0.9418000000000001,0.1878582350690432
2005,10,2005-10,Kutowinangun,0.5050371681415929,0.5229,0.1052,0.997,0.18773358170070498
2005,10,2005-10,Alian,0.5101638207043757,0.5204,0.0499,0.9303,0.199116683701823
2005,10,2005-10,Kebumen,0.46899855643044625,0.4834,0.06420000000000001,0.8848,0.18322873528355657
2005,10,2005-10,Pejagoan,0.5595134020618557,0.5609000000000001,0.0585,0.9289000000000001,0.19970322739006183
2005,10,2005-10,Sruweng,0.4155746630727763,0.41355000000000003,0.054200000000000005,0.9695,0.1855031813055565
2005,10,2005-10,Adimulyo,0.43581155988857945,0.4446,0.0359,0.9624,0.17108812685423716
2005,10,2005-10,Kuwarasan,0.4254877133105803,0.40525,0.1068,0.8438,0.17443231518102573
2005,10,2005-10,Rowokele,0.4640772978959026,0.4736,0.029400000000000003,0.9798,0.2427968408791008
2005,10,2005-10,Sempor,0.47940043343653255,0.49160000000000004,0.014400000000000001,0.9906,0.19887947438356096
2005,10,2005-10,Gombong,0.4252676737160121,0.4172,0.09870000000000001,0.9288000000000001,0.14846219822716955
2005,10,2005-10,Karanganyar,0.4592881553398058,0.4469,0.08370000000000001,0.9911000000000001,0.17729212401667707
2005,10,2005-10,Karanggayam,0.5408584606986899,0.5401,0.0575,0.9983000000000001,0.2044175307346413
2005,10,2005-10,Sadang,0.5514725490196078,0.5669000000000001,0.0956,0.999,0.20245812789277998
2005,10,2005-10,Bonorowo,0.5928541666666667,0.61975,0.0663,0.8631000000000001,0.14052443217531407
2005,10,2005-10,Padureso,0.49154541284403674,0.5005999999999999,0.0771,0.9055000000000001,0.12362054920352045
2005,10,2005-10,Poncowarno,0.4658239560439561,0.45830000000000004,0.055600000000000004,0.9685,0.18182646290603893
2005,10,2005-10,Karangsambung,0.5543455349248453,0.5750000000000001,0.0695,0.9923000000000001,0.2002448223145715
2005,11,2005-11,Ayah,0.5153522970903522,0.5458000000000001,-0.020200000000000003,0.91605,0.200776586584701
2005,11,2005-11,Buayan,0.5069575134168157,0.5151000000000001,0.0442,0.8915000000000001,0.18130303494487127
2005,11,2005-11,Puring,0.4839970588235294,0.551825,-0.0193,0.9092,0.28303644683107015
2005,11,2005-11,Petanahan,0.46548305439330545,0.4602,0.0218,0.8273,0.20220968635227993
2005,11,2005-11,Klirong,0.5258204610951008,0.5498000000000001,0.1574,0.8975000000000001,0.15074040802519725
2005,11,2005-11,Buluspesantren,0.4772089743589744,0.4781,0.0917,0.7953,0.17002679264031795
2005,11,2005-11,Ambal,0.45070537688442214,0.43365000000000004,0.027800000000000002,0.80815,0.20196126751586987
2005,11,2005-11,Mirit,0.5162382716049383,0.539,-0.0108,0.84775,0.15739861114041584
2005,11,2005-11,Prembun,0.46232569620253167,0.45705,0.1345,0.7229,0.10506625741550002
2005,11,2005-11,Kutowinangun,0.4538134513274338,0.46640000000000004,0.17335,0.83335,0.12796037528106363
2005,11,2005-11,Alian,0.48906728922091786,0.4918,0.12860000000000002,0.90785,0.14893348626042688
2005,11,2005-11,Kebumen,0.3828905511811023,0.3703,0.1139,0.9435,0.1242092097684276
2005,11,2005-11,Pejagoan,0.5273146907216495,0.5345500000000001,0.17170000000000002,0.87555,0.12983306104520628
2005,11,2005-11,Sruweng,0.41045397574124,0.391725,0.0945,0.7551,0.14155543008096305
2005,11,2005-11,Adimulyo,0.2866103760445683,0.27749999999999997,-0.0091,0.6586500000000001,0.1313782601863034
2005,11,2005-11,Kuwarasan,0.31681587030716724,0.2987,0.0183,0.71065,0.13826838031731487
2005,11,2005-11,Rowokele,0.5051893133997785,0.5213,0.0596,0.8642500000000001,0.1524716266267839
2005,11,2005-11,Sempor,0.4394502476780186,0.45135000000000003,0.01105,0.76015,0.12650902818993176
2005,11,2005-11,Gombong,0.3359657099697886,0.31625000000000003,0.15905,0.7474500000000001,0.11778970056776347
2005,11,2005-11,Karanganyar,0.47707097087378647,0.49785,0.0999,0.78885,0.1742397542697689
2005,11,2005-11,Karanggayam,0.5433505731441047,0.5654250000000001,0.10425000000000001,0.8573000000000001,0.11657953207605129
2005,11,2005-11,Sadang,0.547722858617131,0.55715,0.21295,0.7436,0.11294769667364613
2005,11,2005-11,Bonorowo,0.45071847222222217,0.442,0.21400000000000002,0.8358500000000001,0.09186401747903321
2005,11,2005-11,Padureso,0.5062388761467891,0.50735,0.15255000000000002,0.7821,0.1166617017094955
2005,11,2005-11,Poncowarno,0.4305661538461539,0.43375,0.1688,0.7856000000000001,0.12132379928118098
2005,11,2005-11,Karangsambung,0.4970448717948719,0.5043500000000001,0.16590000000000002,0.80125,0.12631607238073247
2005,12,2005-12,Ayah,0.38448031794095383,0.38020000000000004,0.07955000000000001,0.7618,0.12830439929450724
2005,12,2005-12,Buayan,0.40665920107719933,0.40212500000000007,0.10745,0.77575,0.10925834786535339
2005,12,2005-12,Puring,0.36677393669634023,0.3488,0.060450000000000004,0.7357,0.1509205687176185
2005,12,2005-12,Petanahan,0.3868485333333334,0.38627500000000003,0.0659,0.6647500000000001,0.12313353888299032
2005,12,2005-12,Klirong,0.41246932471264364,0.40670000000000006,0.10600000000000001,0.76685,0.119374872224657
2005,12,2005-12,Buluspesantren,0.4154104779411765,0.41050000000000003,0.0302,0.76895,0.13391434294892815
2005,12,2005-12,Ambal,0.402333418367347,0.37217500000000003,0.0454,0.7624500000000001,0.15481497250684237
2005,12,2005-12,Mirit,0.37260664739884397,0.35860000000000003,0.027600000000000003,0.7392000000000001,0.15981196508439469
2005,12,2005-12,Prembun,0.47484367088607604,0.47005,0.03735,0.8821,0.17000168319477382
2005,12,2005-12,Kutowinangun,0.47772256637168153,0.45325000000000004,0.114,0.84775,0.15163027565490889
2005,12,2005-12,Alian,0.500286606189968,0.49810000000000004,0.2093,0.8356,0.13001070062851142
2005,12,2005-12,Kebumen,0.4588967847769029,0.444025,0.10540000000000001,0.85155,0.13905281002512251
2005,12,2005-12,Pejagoan,0.4205339347079038,0.416875,0.09145,0.81135,0.11560124549182134
2005,12,2005-12,Sruweng,0.45653490566037735,0.456025,0.1477,0.7170000000000001,0.11702545375864594
2005,12,2005-12,Adimulyo,0.37725522284122565,0.37550000000000006,0.055850000000000004,0.72295,0.11341081090672694
2005,12,2005-12,Kuwarasan,0.36486877133105805,0.360775,0.1183,0.6960000000000001,0.10952214515355536
2005,12,2005-12,Rowokele,0.3583614064230344,0.37385,0.06675,0.6036,0.1039828242190674
2005,12,2005-12,Sempor,0.303178173374613,0.307,0.06470000000000001,0.52705,0.08598152455844273
2005,12,2005-12,Gombong,0.35094274924471297,0.34105,0.1491,0.5951500000000001,0.08180205804068996
2005,12,2005-12,Karanganyar,0.4500408737864078,0.45295,0.21645,0.7408,0.08486142778919623
2005,12,2005-12,Karanggayam,0.35620376637554585,0.360425,0.11315,0.7078,0.10234480164951733
2005,12,2005-12,Sadang,0.4407555211558308,0.46015,0.1655,0.69545,0.10786082876943573
2005,12,2005-12,Bonorowo,0.3470793055555556,0.33665,-0.0476,0.7102,0.16035959004796402
2005,12,2005-12,Padureso,0.5677270642201835,0.5866750000000001,0.11995,0.8865000000000001,0.13806357784260953
2005,12,2005-12,Poncowarno,0.5315082417582417,0.54125,0.13520000000000001,0.8946000000000001,0.15206552359111666
2005,12,2005-12,Karangsambung,0.4144385941644562,0.42250000000000004,0.12300000000000001,0.6941,0.11082860507068557
2006,1,2006-01,Ayah,0.6583809145880574,0.67415,0.16090000000000002,0.9306500000000001,0.14324511425989309
2006,1,2006-01,Buayan,0.7242326301615799,0.7336,0.2107,0.9239,0.10865119548961634
2006,1,2006-01,Puring,0.6698129990262902,0.68815,0.2394,0.92895,0.13946033656960707
2006,1,2006-01,Petanahan,0.6887420666666667,0.7077,0.19490000000000002,0.92305,0.14400785393071064
2006,1,2006-01,Klirong,0.6713625179856115,0.6906,0.22240000000000001,0.8716,0.111523397461831
2006,1,2006-01,Buluspesantren,0.6933530193236714,0.70625,0.21280000000000002,0.9305500000000001,0.11755245808366452
2006,1,2006-01,Ambal,0.7200409909909911,0.749,0.02425,0.9619000000000001,0.12061862095314951
2006,1,2006-01,Mirit,0.6062192743764173,0.61855,0.12560000000000002,0.8963500000000001,0.13739921068873057
2006,1,2006-01,Prembun,0.6695093670886075,0.6937,0.35915,0.8795000000000001,0.11340031450564488
2006,1,2006-01,Kutowinangun,0.7523067256637169,0.7775500000000001,0.4106,0.9018,0.08690989677997132
2006,1,2006-01,Alian,0.7208583244397012,0.737,0.33190000000000003,0.9233,0.09203365858047209
2006,1,2006-01,Kebumen,0.6960041994750655,0.707825,0.28005,0.8953500000000001,0.09665853324613169
2006,1,2006-01,Pejagoan,0.7048333333333334,0.7174,0.171,0.9167500000000001,0.11015439261288196
2006,1,2006-01,Sruweng,0.7508252021563342,0.79135,0.37510000000000004,0.9036500000000001,0.10157248818167917
2006,1,2006-01,Adimulyo,0.7663106545961005,0.79745,0.271,0.89505,0.09901465393355999
2006,1,2006-01,Kuwarasan,0.7240410409556314,0.7320500000000001,0.32680000000000003,0.9251,0.09179028298399346
2006,1,2006-01,Rowokele,0.6852274086378738,0.70445,0.23635,0.8717,0.1249730709603758
2006,1,2006-01,Sempor,0.6700056346749226,0.7060500000000001,0.1726,0.89985,0.14938068029791876
2006,1,2006-01,Gombong,0.7563512084592146,0.772,0.49145,0.89905,0.08243452578159044
2006,1,2006-01,Karanganyar,0.8070786407766991,0.8281000000000001,0.4857,0.9205000000000001,0.0707598639053248
2006,1,2006-01,Karanggayam,0.6735422216157204,0.688525,0.2777,0.9338000000000001,0.11223838664907056
2006,1,2006-01,Sadang,0.6488335397316822,0.6786,0.30920000000000003,0.94255,0.10641321691752169
2006,1,2006-01,Bonorowo,0.5557790277777778,0.558325,0.157,0.82055,0.13728253084585698
2006,1,2006-01,Padureso,0.7190547018348624,0.74895,0.32865,0.8716,0.0866844357750862
2006,1,2006-01,Poncowarno,0.7290951648351649,0.74305,0.47215,0.8921,0.083669962566992
2006,1,2006-01,Karangsambung,0.6761283377541998,0.69005,0.23785,0.9044000000000001,0.09558961136705252
2006,2,2006-02,Ayah,0.6910363601823709,0.71505,-0.06570000000000001,0.9513,0.13402353164537956
2006,2,2006-02,Buayan,0.6638833333333334,0.682175,0.16735,0.932,0.11827086900120874
2006,2,2006-02,Puring,0.6876821393523062,0.7122,0.0917,0.9025000000000001,0.11017372981278194
2006,2,2006-02,Petanahan,0.6511066000000001,0.6732750000000001,0.11735000000000001,0.90695,0.11748207744066043
2006,2,2006-02,Klirong,0.6739547277936964,0.71575,0.17475000000000002,0.8685,0.1428635221928606
2006,2,2006-02,Buluspesantren,0.7299446256038647,0.7620250000000001,0.2477,0.89375,0.09413154795043911
2006,2,2006-02,Ambal,0.7087125,0.7512000000000001,0.065,0.9016000000000001,0.12623904769557612
2006,2,2006-02,Mirit,0.6956186583990982,0.7453000000000001,-0.0029000000000000002,0.8595,0.13190812605349297
2006,2,2006-02,Prembun,0.7486896202531645,0.7582,0.42700000000000005,0.82665,0.05362170393382874
2006,2,2006-02,Kutowinangun,0.7598721238938054,0.76625,0.52945,0.8340500000000001,0.04050255402088539
2006,2,2006-02,Alian,0.7457261472785486,0.75875,0.45515,0.8892,0.06370503833844669
2006,2,2006-02,Kebumen,0.6922007217847769,0.707875,0.30210000000000004,0.8743000000000001,0.08115674698692663
2006,2,2006-02,Pejagoan,0.7145618556701032,0.7252000000000001,0.23345000000000002,0.9017000000000001,0.10377515343822401
2006,2,2006-02,Sruweng,0.7250412398921833,0.73165,0.4061,0.91905,0.0931637436857613
2006,2,2006-02,Adimulyo,0.669399373259053,0.6712,0.33265,0.84225,0.07337801245606711
2006,2,2006-02,Kuwarasan,0.6456197952218431,0.6539250000000001,0.39455,0.8427,0.07696408386655959
2006,2,2006-02,Rowokele,0.6872584163898118,0.7197,0.10725000000000001,0.9241,0.13379882359327797
2006,2,2006-02,Sempor,0.6346031888544892,0.6605500000000001,0.02875,0.9103,0.1292317931103346
2006,2,2006-02,Gombong,0.6152956193353474,0.6128,0.36425,0.8247,0.0799702925609888
2006,2,2006-02,Karanganyar,0.7286588349514564,0.7452500000000001,0.3845,0.88375,0.08346039299357906
2006,2,2006-02,Karanggayam,0.7398133187772925,0.7646000000000001,0.19110000000000002,0.9136000000000001,0.0939919251154666
2006,2,2006-02,Sadang,0.7468016511867906,0.77305,0.2777,0.9068,0.0914835044786809
2006,2,2006-02,Bonorowo,0.6925109722222222,0.726875,0.1927,0.8384,0.1100849066145426
2006,2,2006-02,Padureso,0.7870477064220185,0.7968000000000001,0.48310000000000003,0.85075,0.0425616854744684
2006,2,2006-02,Poncowarno,0.7650718681318682,0.77425,0.4736,0.8973500000000001,0.056515229687403495
2006,2,2006-02,Karangsambung,0.7508927055702918,0.76265,0.1476,0.88715,0.07466006438688437
2006,3,2006-03,Ayah,0.736461491628615,0.7720750000000001,0.19205,0.9179,0.11900220516316452
2006,3,2006-03,Buayan,0.7174104557640751,0.78215,0.0665,0.8925000000000001,0.16182661799570588
2006,3,2006-03,Puring,0.6073004911591355,0.6737500000000001,0.0599,0.8521000000000001,0.18680966957603268
2006,3,2006-03,Petanahan,0.5504966802168022,0.5548,0.0975,0.84485,0.19161794143600294
2006,3,2006-03,Klirong,0.6305050143266477,0.6453249999999999,0.10540000000000001,0.8506,0.11455345815069688
2006,3,2006-03,Buluspesantren,0.6073800120772948,0.612625,0.0951,0.87955,0.1070381205047222
2006,3,2006-03,Ambal,0.5923089641434264,0.59775,0.066,0.8877,0.12185256028712978
2006,3,2006-03,Mirit,0.6452909457900807,0.65415,0.1283,0.8610500000000001,0.10056865324485458
2006,3,2006-03,Prembun,0.6832648101265824,0.68315,0.45630000000000004,0.8561500000000001,0.06318522902337302
2006,3,2006-03,Kutowinangun,0.6755803539823009,0.69125,0.2899,0.8636,0.10468387909911214
2006,3,2006-03,Alian,0.6819250800426895,0.7127,0.27840000000000004,0.83235,0.09648584166637801
2006,3,2006-03,Kebumen,0.5703444225721785,0.5674,0.25120000000000003,0.84365,0.12051497093807323
2006,3,2006-03,Pejagoan,0.6524583333333335,0.6648000000000001,0.29665,0.8562000000000001,0.10285778313618069
2006,3,2006-03,Sruweng,0.6029227762803234,0.6631,0.1554,0.9062,0.17914962493211234
2006,3,2006-03,Adimulyo,0.4553983983286908,0.454075,0.08755,0.77675,0.1315130445972765
2006,3,2006-03,Kuwarasan,0.4765840443686007,0.47282500000000005,0.10895,0.78135,0.1439721768918124
2006,3,2006-03,Rowokele,0.6827321151716501,0.7150000000000001,0.29415,0.92,0.13390906113519188
2006,3,2006-03,Sempor,0.6796036532507741,0.71645,0.033800000000000004,0.8747,0.12113920809950733
2006,3,2006-03,Gombong,0.43845105740181267,0.41785,0.2015,0.8229000000000001,0.14692057503621656
2006,3,2006-03,Karanganyar,0.642648640776699,0.7111500000000001,0.195,0.8729,0.1799742751792818
2006,3,2006-03,Karanggayam,0.6849647652838428,0.704725,0.27535000000000004,0.86495,0.09337442375759442
2006,3,2006-03,Sadang,0.7814088235294118,0.791,0.5128,0.8995500000000001,0.06281522021508466
2006,3,2006-03,Bonorowo,0.6233425,0.6315500000000001,0.2776,0.7492000000000001,0.06727217384852043
2006,3,2006-03,Padureso,0.6905122706422019,0.6924,0.46035000000000004,0.83955,0.06409613276867202
2006,3,2006-03,Poncowarno,0.7299035164835167,0.7378,0.46025000000000005,0.8718,0.0701441250095019
2006,3,2006-03,Karangsambung,0.7398950486295315,0.7491,0.41485,0.9182,0.06934563238278188
2006,4,2006-04,Ayah,0.686624105102818,0.70225,0.24810000000000001,0.898,0.10570890176010662
2006,4,2006-04,Buayan,0.7142998658318426,0.74275,0.22920000000000001,0.95745,0.11524349793834826
2006,4,2006-04,Puring,0.5936097667638485,0.6204500000000001,-0.055,0.9125000000000001,0.15525150259079534
2006,4,2006-04,Petanahan,0.5827380888290713,0.5927,0.1549,0.8607,0.16241471979898797
2006,4,2006-04,Klirong,0.5927547033285095,0.61455,0.1379,0.85295,0.14752987775207757
2006,4,2006-04,Buluspesantren,0.5469067028985507,0.5664250000000001,0.049800000000000004,0.8746,0.1535255491227854
2006,4,2006-04,Ambal,0.5314016467065867,0.5326500000000001,0.077,0.89925,0.1508377045322747
2006,4,2006-04,Mirit,0.5694239204545455,0.580325,0.11710000000000001,0.8509,0.1211260180976747
2006,4,2006-04,Prembun,0.6077272151898735,0.5978,0.32915,0.8602000000000001,0.1304799225055524
2006,4,2006-04,Kutowinangun,0.6144561946902654,0.65375,0.15895,0.90715,0.15687879473007846
2006,4,2006-04,Alian,0.6844334578441836,0.7170500000000001,0.22675,0.91485,0.12284519515588946
2006,4,2006-04,Kebumen,0.5093259842519685,0.4974,0.19905,0.8519,0.13746995887774
2006,4,2006-04,Pejagoan,0.6677428694158076,0.6922250000000001,0.12295,0.8895500000000001,0.13753966408798793
2006,4,2006-04,Sruweng,0.6608614555256065,0.7013,0.19475,0.9227000000000001,0.14894532892167164
2006,4,2006-04,Adimulyo,0.5639714484679667,0.58225,0.15135,0.78195,0.12804695639783376
2006,4,2006-04,Kuwarasan,0.6033082764505121,0.623175,0.19845000000000002,0.8083,0.11998179154630413
2006,4,2006-04,Rowokele,0.6966982834994463,0.7363500000000001,0.16525,0.92,0.13118907808204572
2006,4,2006-04,Sempor,0.7027192879256966,0.72135,-0.1056,0.8996500000000001,0.11674137767348326
2006,4,2006-04,Gombong,0.6118027190332327,0.6076,0.38995,0.8471000000000001,0.08452285283411304
2006,4,2006-04,Karanganyar,0.7077242718446604,0.73155,0.33405,0.9138000000000001,0.12351063636129767
2006,4,2006-04,Karanggayam,0.7273908296943232,0.743725,0.28600000000000003,0.9671500000000001,0.08928075612814775
2006,4,2006-04,Sadang,0.7715271929824562,0.7879,0.3902,0.92215,0.06936333706920073
2006,4,2006-04,Bonorowo,0.5962618055555555,0.614925,0.2417,0.79725,0.11079297269289627
2006,4,2006-04,Padureso,0.7545616972477066,0.775825,0.23465,0.8714000000000001,0.082390117612168
2006,4,2006-04,Poncowarno,0.6787757142857144,0.69545,0.35015,0.8375,0.08828796974963109
2006,4,2006-04,Karangsambung,0.7304240053050399,0.7471,0.3638,0.9014500000000001,0.09157495427729927
2006,5,2006-05,Ayah,0.8034414438502674,0.82765,-0.0432,0.9897,0.08300888809982017
2006,5,2006-05,Buayan,0.811998475336323,0.8212,0.48665,0.9289000000000001,0.058675750313101634
2006,5,2006-05,Puring,0.7742583414161008,0.8003,0.2215,0.90095,0.09079804218623531
2006,5,2006-05,Petanahan,0.766475,0.7799,0.2509,0.91435,0.09661560334457431
2006,5,2006-05,Klirong,0.6770744573082489,0.6890000000000001,0.1961,0.85155,0.07955037242844516
2006,5,2006-05,Buluspesantren,0.6320422749391726,0.63665,0.1192,0.84955,0.12166051035209093
2006,5,2006-05,Ambal,0.553551238850347,0.56945,0.0039000000000000003,0.8572000000000001,0.1825536851973665
2006,5,2006-05,Mirit,0.5578799315849488,0.56755,0.043500000000000004,0.8842000000000001,0.15425744371541517
2006,5,2006-05,Prembun,0.5888303797468354,0.6127,0.15285,0.8190000000000001,0.16120569390675088
2006,5,2006-05,Kutowinangun,0.6570310619469026,0.71845,0.14555,0.8601500000000001,0.14779116031119352
2006,5,2006-05,Alian,0.7425520277481323,0.7629,0.33325,0.87065,0.08062280388343597
2006,5,2006-05,Kebumen,0.6216968503937008,0.6398,0.16840000000000002,0.8657,0.11905445539609188
2006,5,2006-05,Pejagoan,0.7553542096219932,0.7869,0.5007,0.8797,0.08628880418179664
2006,5,2006-05,Sruweng,0.8095141509433962,0.819375,0.5456,0.90475,0.048887062714270006
2006,5,2006-05,Adimulyo,0.7953884401114205,0.8117000000000001,0.19060000000000002,0.8986500000000001,0.07679272026610064
2006,5,2006-05,Kuwarasan,0.8042622866894198,0.813925,0.5972000000000001,0.8883500000000001,0.044458679698941794
2006,5,2006-05,Rowokele,0.816418881506091,0.8240500000000001,0.6121,0.9177000000000001,0.04487042647759926
2006,5,2006-05,Sempor,0.7790944272445821,0.7973,0.029300000000000003,0.9227000000000001,0.07692467643809357
2006,5,2006-05,Gombong,0.750559667673716,0.77775,0.44735,0.8883500000000001,0.08852683250122094
2006,5,2006-05,Karanganyar,0.7997743689320389,0.8128000000000001,0.5404,0.86265,0.04760873954341192
2006,5,2006-05,Karanggayam,0.758793422489083,0.7795500000000001,0.39085000000000003,0.9003500000000001,0.07857886073486424
2006,5,2006-05,Sadang,0.7725382868937049,0.8056500000000001,0.44695,0.88675,0.08709891684361822
2006,5,2006-05,Bonorowo,0.5341620833333334,0.5488500000000001,0.15355000000000002,0.7701,0.13327689534634174
2006,5,2006-05,Padureso,0.7868544724770643,0.8004,0.37035,0.8552000000000001,0.06166490038797869
2006,5,2006-05,Poncowarno,0.7452894505494506,0.75,0.521,0.8492500000000001,0.06119752480742376
2006,5,2006-05,Karangsambung,0.7212607427055703,0.7376,0.2813,0.8786,0.08288194424406624
2006,6,2006-06,Ayah,0.7706650264950796,0.805,-0.0533,0.9275,0.11437881583537733
2006,6,2006-06,Buayan,0.7344248884924176,0.7711,0.17370000000000002,0.922,0.11613035805933498
2006,6,2006-06,Puring,0.7264991828396323,0.7393500000000001,0.4439,0.8786,0.07586394651172103
2006,6,2006-06,Petanahan,0.7547143654114367,0.7651,0.2627,0.8727,0.06591041685697172
2006,6,2006-06,Klirong,0.7380593478260871,0.7691749999999999,0.3104,0.8784000000000001,0.09452014333437864
2006,6,2006-06,Buluspesantren,0.7049864406779661,0.7412000000000001,0.3154,0.8525,0.11123066699897033
2006,6,2006-06,Ambal,0.6388843781094528,0.6506000000000001,0.0717,0.8673500000000001,0.12898101441429133
2006,6,2006-06,Mirit,0.6089368063420159,0.6212500000000001,-0.1351,0.83555,0.1351392505213665
2006,6,2006-06,Prembun,0.6696544303797469,0.6839500000000001,0.36155000000000004,0.83475,0.08030203458725531
2006,6,2006-06,Kutowinangun,0.7197835398230089,0.7361500000000001,0.4277,0.8621500000000001,0.07541676431458753
2006,6,2006-06,Alian,0.7297664887940236,0.74465,0.4118,0.8602000000000001,0.06775392932442188
2006,6,2006-06,Kebumen,0.7057787401574803,0.716825,0.28805000000000003,0.8851,0.09724942227082173
2006,6,2006-06,Pejagoan,0.727927319587629,0.7497750000000001,0.41140000000000004,0.8651500000000001,0.08004606427902058
2006,6,2006-06,Sruweng,0.7329518194070082,0.7502500000000001,0.42465,0.8803500000000001,0.07404049149021728
2006,6,2006-06,Adimulyo,0.6748380919220056,0.6816249999999999,0.40545000000000003,0.8269500000000001,0.07760207888449183
2006,6,2006-06,Kuwarasan,0.6564397610921503,0.675725,0.34625,0.8014,0.08649293401239558
2006,6,2006-06,Rowokele,0.7159493909191584,0.73905,0.36775,0.91785,0.10615421729006452
2006,6,2006-06,Sempor,0.7062444582043345,0.74055,0.03645,0.8894000000000001,0.1069198969944943
2006,6,2006-06,Gombong,0.550150906344411,0.54655,0.31865,0.8026500000000001,0.08681754202583801
2006,6,2006-06,Karanganyar,0.707167572815534,0.73395,0.44430000000000003,0.8703500000000001,0.09070885757014908
2006,6,2006-06,Karanggayam,0.7164863537117905,0.733025,0.3478,0.8687,0.0776485761293418
2006,6,2006-06,Sadang,0.7412066563467493,0.7786500000000001,0.3448,0.8612000000000001,0.10044742554605521
2006,6,2006-06,Bonorowo,0.5756831944444445,0.615175,0.08075,0.78635,0.15471329757567695
2006,6,2006-06,Padureso,0.7551215596330276,0.761325,0.36975,0.8329000000000001,0.047628944546113126
2006,6,2006-06,Poncowarno,0.7274948351648353,0.7328,0.47315,0.8832000000000001,0.07306455876859692
2006,6,2006-06,Karangsambung,0.7004516357206013,0.71125,0.22105000000000002,0.8570500000000001,0.08624753753951671
2006,7,2006-07,Ayah,0.714213422053232,0.74045,-0.02645,0.91125,0.11074179616887114
2006,7,2006-07,Buayan,0.687048795718109,0.7010000000000001,0.014,0.8855000000000001,0.10178497152806486
2006,7,2006-07,Puring,0.5372610834990059,0.541625,-0.098,0.82765,0.1501671760053523
2006,7,2006-07,Petanahan,0.538285598923284,0.5474,0.028,0.81035,0.1470907187770455
2006,7,2006-07,Klirong,0.5994681950509462,0.60485,0.2897,0.8184,0.09570452825556316
2006,7,2006-07,Buluspesantren,0.6208867505995205,0.631025,0.053500000000000006,0.8284,0.11375939503770875
2006,7,2006-07,Ambal,0.6548291501976284,0.7102250000000001,0.0123,0.85655,0.14188856435155103
2006,7,2006-07,Mirit,0.6498600674915636,0.6967,-0.0782,0.88405,0.14565074720088264
2006,7,2006-07,Prembun,0.6726620253164557,0.68305,0.43905,0.80625,0.06180319336265841
2006,7,2006-07,Kutowinangun,0.6754326548672567,0.6866,0.41300000000000003,0.8282,0.06749766000555883
2006,7,2006-07,Alian,0.6665161686232658,0.6831,0.3956,0.80535,0.07664110703577078
2006,7,2006-07,Kebumen,0.5776469816272967,0.573625,0.26180000000000003,0.80745,0.09116448283472008
2006,7,2006-07,Pejagoan,0.650623883161512,0.677575,0.38025000000000003,0.8452000000000001,0.09942229401975845
2006,7,2006-07,Sruweng,0.6155230458221024,0.669875,0.30205000000000004,0.8117500000000001,0.14281194402318925
2006,7,2006-07,Adimulyo,0.5287211002785516,0.533875,0.26315,0.7524500000000001,0.1074233711326473
2006,7,2006-07,Kuwarasan,0.579863566552901,0.5952500000000001,0.2621,0.74865,0.0950237077445699
2006,7,2006-07,Rowokele,0.6939253599114066,0.7078,0.40245000000000003,0.86745,0.09317925046861947
2006,7,2006-07,Sempor,0.6729696594427245,0.6878500000000001,0.14345,0.86855,0.09040204673945598
2006,7,2006-07,Gombong,0.5383320241691844,0.52825,0.34215,0.7703500000000001,0.08650926518222193
2006,7,2006-07,Karanganyar,0.6534754368932039,0.6887,0.36245,0.81315,0.10413850245116016
2006,7,2006-07,Karanggayam,0.6495378002183406,0.6538,0.2723,0.8452000000000001,0.0789391871639579
2006,7,2006-07,Sadang,0.6962815273477811,0.71635,0.3529,0.84655,0.0955009733325851
2006,7,2006-07,Bonorowo,0.6797291666666667,0.70675,0.31,0.81635,0.09124141342781554
2006,7,2006-07,Padureso,0.707430504587156,0.7152750000000001,0.28805000000000003,0.8246,0.06097034630952321
2006,7,2006-07,Poncowarno,0.6651702197802197,0.6699,0.43425,0.812,0.07291821587604227
2006,7,2006-07,Karangsambung,0.6577424403183024,0.66305,0.1681,0.8397,0.0887172357068403
2006,8,2006-08,Ayah,0.6748830681818182,0.6930000000000001,0.07680000000000001,0.9011,0.10216959765460781
2006,8,2006-08,Buayan,0.6202428125,0.62995,0.0873,0.86295,0.1004735476454616
2006,8,2006-08,Puring,0.5033779861796643,0.49045,0.0599,0.81245,0.15066189122670573
2006,8,2006-08,Petanahan,0.5081500000000001,0.539575,0.014100000000000001,0.7676000000000001,0.14633021613547667
2006,8,2006-08,Klirong,0.5094604316546764,0.51315,0.24910000000000002,0.7395,0.10276079863695262
2006,8,2006-08,Buluspesantren,0.5299866463414634,0.5302,0.0651,0.76215,0.11460097877820986
2006,8,2006-08,Ambal,0.5366995959595959,0.5377500000000001,0.1149,0.7664500000000001,0.10346040451722124
2006,8,2006-08,Mirit,0.5445998866213152,0.55905,-0.0246,0.7651,0.11272955586902246
2006,8,2006-08,Prembun,0.5649488607594937,0.57345,0.35255000000000003,0.70775,0.07221739563899647
2006,8,2006-08,Kutowinangun,0.5615954867256638,0.56765,0.32365,0.72495,0.08445613147277804
2006,8,2006-08,Alian,0.590440181430096,0.6047,0.3215,0.7694500000000001,0.0872571299889309
2006,8,2006-08,Kebumen,0.4739476377952756,0.470725,0.23975000000000002,0.7261500000000001,0.09013551470691426
2006,8,2006-08,Pejagoan,0.5843819587628867,0.6067,0.29215,0.76485,0.0933655788575599
2006,8,2006-08,Sruweng,0.6200784366576819,0.6395250000000001,0.39755,0.78235,0.08035843821047073
2006,8,2006-08,Adimulyo,0.5584292479108636,0.5856250000000001,0.29025,0.7304,0.10264232544061812
2006,8,2006-08,Kuwarasan,0.6514748293515359,0.67455,0.25825000000000004,0.7906000000000001,0.09339576051571485
2006,8,2006-08,Rowokele,0.6684799003322259,0.6782,0.41675,0.8755000000000001,0.08310973031595344
2006,8,2006-08,Sempor,0.6239038699690402,0.6319,0.12875,0.7723500000000001,0.0818340745311706
2006,8,2006-08,Gombong,0.5938602719033234,0.6043000000000001,0.3403,0.7812,0.08657716865986494
2006,8,2006-08,Karanganyar,0.6182539805825242,0.6293500000000001,0.41075,0.7445,0.06319482979865661
2006,8,2006-08,Karanggayam,0.5883207696506552,0.5880500000000001,0.2741,0.7844500000000001,0.08164841235956624
2006,8,2006-08,Sadang,0.6537051083591331,0.66845,0.3957,0.87405,0.09446856979037543
2006,8,2006-08,Bonorowo,0.6245620833333334,0.6286,0.396,0.79805,0.09591384885721231
2006,8,2006-08,Padureso,0.6486144495412844,0.6535250000000001,0.28455,0.7645500000000001,0.061852955788988855
2006,8,2006-08,Poncowarno,0.6164390109890109,0.61105,0.4202,0.7756000000000001,0.0763657111947149
2006,8,2006-08,Karangsambung,0.6066865605658709,0.60345,0.22460000000000002,0.84265,0.08875172672743017
2006,9,2006-09,Ayah,0.6357519011406845,0.65195,-0.1111,0.8621500000000001,0.10937868210509424
2006,9,2006-09,Buayan,0.557589794091316,0.5689500000000001,0.222,0.8732000000000001,0.13013980788340268
2006,9,2006-09,Puring,0.43284455882352946,0.41590000000000005,0.00030000000000000003,0.7383000000000001,0.13663774296026684
2006,9,2006-09,Petanahan,0.4739924076607388,0.48425,0.2011,0.77325,0.13488806214658675
2006,9,2006-09,Klirong,0.5434552401746725,0.5609500000000001,0.23985,0.78295,0.11966105823952693
2006,9,2006-09,Buluspesantren,0.5168751802884615,0.5336750000000001,0.0655,0.803,0.14326638897208974
2006,9,2006-09,Ambal,0.4543311550151976,0.43920000000000003,0.055,0.764,0.1308833399337829
2006,9,2006-09,Mirit,0.4901282239819004,0.49225,0.09195,0.7946000000000001,0.12413833886310835
2006,9,2006-09,Prembun,0.49022645569620255,0.48735,0.30965000000000004,0.6966,0.08119501030747096
2006,9,2006-09,Kutowinangun,0.49295548672566375,0.48775,0.2614,0.7494500000000001,0.09625401863111589
2006,9,2006-09,Alian,0.5199576307363928,0.52925,0.25215,0.7595500000000001,0.08422936248564854
2006,9,2006-09,Kebumen,0.446513188976378,0.437025,0.20165,0.7327,0.10319418095452403
2006,9,2006-09,Pejagoan,0.5062333333333333,0.5196000000000001,0.22405,0.70375,0.09831199375301578
2006,9,2006-09,Sruweng,0.49825734501347707,0.503725,0.21275000000000002,0.7524000000000001,0.10586574739891606
2006,9,2006-09,Adimulyo,0.42921942896935944,0.4233,0.20800000000000002,0.733,0.0856049351698834
2006,9,2006-09,Kuwarasan,0.4664247440273038,0.469275,0.19090000000000001,0.70455,0.1066316151532483
2006,9,2006-09,Rowokele,0.5932627906976745,0.5965,0.2625,0.8560500000000001,0.12616553036305592
2006,9,2006-09,Sempor,0.5548553560371517,0.56565,0.07155,0.76085,0.10113094509818538
2006,9,2006-09,Gombong,0.3842534743202417,0.37095,0.1773,0.62885,0.08409959233270568
2006,9,2006-09,Karanganyar,0.5246174757281553,0.53525,0.25285,0.7796000000000001,0.09061315264608669
2006,9,2006-09,Karanggayam,0.5249222161572052,0.51945,0.23385,0.7837500000000001,0.08888070973313089
2006,9,2006-09,Sadang,0.5983830753353974,0.61365,0.31125,0.79535,0.10504305917155687
2006,9,2006-09,Bonorowo,0.5746858333333333,0.5831,0.3337,0.8069000000000001,0.08551720039380642
2006,9,2006-09,Padureso,0.5806302752293578,0.5851,0.22975,0.7276,0.07037260474465971
2006,9,2006-09,Poncowarno,0.5263871428571429,0.524,0.248,0.73945,0.10303997940931423
2006,9,2006-09,Karangsambung,0.5440060565870911,0.5393,0.18405000000000002,0.78235,0.09261978804738208
2006,10,2006-10,Ayah,0.6401916,0.6624,0.062200000000000005,0.8586,0.11563531814043666
2006,10,2006-10,Buayan,0.5710991891891892,0.58875,0.048,0.8124,0.12988516858117638
2006,10,2006-10,Puring,0.42703423423423426,0.3977,0.2046,0.8037000000000001,0.15242768346949667
2006,10,2006-10,Petanahan,0.464872131147541,0.46525000000000005,0.0473,0.7732,0.14051370774717006
2006,10,2006-10,Klirong,0.49377030567685587,0.5097,0.11800000000000001,0.7358,0.117921305724902
2006,10,2006-10,Buluspesantren,0.46244273291925464,0.46590000000000004,0.2242,0.7606,0.12932288086611943
2006,10,2006-10,Ambal,0.436131737773153,0.42010000000000003,0.1183,0.7421,0.1337639153856938
2006,10,2006-10,Mirit,0.46385522565320664,0.4722,-0.0015,0.7377,0.12128915550158946
2006,10,2006-10,Prembun,0.4759886075949368,0.4847,0.1283,0.9709000000000001,0.11871188415585594
2006,10,2006-10,Kutowinangun,0.46997823008849554,0.4833,0.0403,0.8585,0.13435726671450007
2006,10,2006-10,Alian,0.46704834578441834,0.4965,0.059300000000000005,0.7384000000000001,0.131077572329955
2006,10,2006-10,Kebumen,0.43740997375328083,0.463,0.0729,0.7000000000000001,0.11752459978263084
2006,10,2006-10,Pejagoan,0.44817972508591075,0.46950000000000003,0.056100000000000004,0.9774,0.15277571099724851
2006,10,2006-10,Sruweng,0.47758126684636126,0.491,0.040400000000000005,0.7895000000000001,0.15581411660944985
2006,10,2006-10,Adimulyo,0.45528342618384404,0.46640000000000004,0.14650000000000002,0.6979000000000001,0.0976684141696937
2006,10,2006-10,Kuwarasan,0.48392064846416377,0.51315,0.0611,0.7416,0.12902960345135914
2006,10,2006-10,Rowokele,0.6281846068660023,0.6328,0.037200000000000004,0.8545,0.16180470261902
2006,10,2006-10,Sempor,0.5229617337461301,0.5468000000000001,0.0287,0.9503,0.15346852186824655
2006,10,2006-10,Gombong,0.3735015105740182,0.3698,0.08,0.8518,0.11221077907365386
2006,10,2006-10,Karanganyar,0.5465176699029127,0.5618000000000001,0.065,0.7419,0.09004578543264698
2006,10,2006-10,Karanggayam,0.5109274017467249,0.51115,0.0568,0.9327000000000001,0.10932275635477061
2006,10,2006-10,Sadang,0.527738080495356,0.5343,0.10360000000000001,0.869,0.13168058629050003
2006,10,2006-10,Bonorowo,0.5148891666666666,0.5086,0.26430000000000003,0.7901,0.10899293004275808
2006,10,2006-10,Padureso,0.5764633027522935,0.59325,0.1155,0.8877,0.11904879591694875
2006,10,2006-10,Poncowarno,0.36764527472527475,0.37160000000000004,0.036500000000000005,0.7663000000000001,0.1840781676254767
2006,10,2006-10,Karangsambung,0.541753934571176,0.5378000000000001,0.2414,0.7848,0.09877673370345835
2006,11,2006-11,Ayah,0.603153224582701,0.614625,0.091,0.88375,0.1278582774605192
2006,11,2006-11,Buayan,0.5686170556552962,0.5707500000000001,0.2442,0.8657,0.10529282094557697
2006,11,2006-11,Puring,0.4828919306930693,0.48097500000000004,0.18230000000000002,0.7867000000000001,0.13891559164013187
2006,11,2006-11,Petanahan,0.4834031039136302,0.49465000000000003,0.0466,0.7814500000000001,0.14719482906310374
2006,11,2006-11,Klirong,0.5121941977077364,0.5158,0.1749,0.7477,0.1048296462188157
2006,11,2006-11,Buluspesantren,0.47073983050847457,0.46765,0.21960000000000002,0.76075,0.12298877581504986
2006,11,2006-11,Ambal,0.4316416915422886,0.42025,0.12090000000000001,0.7614000000000001,0.13891686609156167
2006,11,2006-11,Mirit,0.44910411036036046,0.45895,-0.0517,0.7432000000000001,0.11677844225234475
2006,11,2006-11,Prembun,0.4726903797468355,0.4746,0.23245000000000002,0.70965,0.09256361853920245
2006,11,2006-11,Kutowinangun,0.47731707964601766,0.4827,0.22975,0.7082,0.09666326701796592
2006,11,2006-11,Alian,0.4499343649946638,0.44970000000000004,0.17025,0.8007000000000001,0.10362205852142117
2006,11,2006-11,Kebumen,0.4241739501312336,0.43220000000000003,0.19545,0.7033,0.09090851365449171
2006,11,2006-11,Pejagoan,0.47688616838487974,0.48347500000000004,0.17565,0.80355,0.10387295046717002
2006,11,2006-11,Sruweng,0.4998830188679246,0.493725,0.20995,0.75615,0.11225274098453643
2006,11,2006-11,Adimulyo,0.4546537604456825,0.45437500000000003,0.21595,0.6926,0.08799934836779816
2006,11,2006-11,Kuwarasan,0.45806100682593864,0.456425,0.11375,0.7707,0.11612403330829041
2006,11,2006-11,Rowokele,0.5470841085271319,0.55145,0.16545,0.79845,0.09066163511291936
2006,11,2006-11,Sempor,0.46556541795665635,0.4636,0.052450000000000004,0.776,0.11504141954619225
2006,11,2006-11,Gombong,0.427561329305136,0.4187,0.24815,0.6494500000000001,0.08072910446798438
2006,11,2006-11,Karanganyar,0.49738368932038834,0.48775,0.27605,0.7751,0.09421558049361124
2006,11,2006-11,Karanggayam,0.44361353711790397,0.44015000000000004,0.07545,0.78505,0.10816756981686818
2006,11,2006-11,Sadang,0.5453707430340557,0.5407500000000001,0.2024,0.8421500000000001,0.12904607009706817
2006,11,2006-11,Bonorowo,0.49753847222222225,0.494525,0.29505000000000003,0.69265,0.08150143658685688
2006,11,2006-11,Padureso,0.49079782110091746,0.486575,0.23040000000000002,0.70215,0.07994189310944622
2006,11,2006-11,Poncowarno,0.4790395604395605,0.47925,0.22540000000000002,0.7422000000000001,0.09466371867180066
2006,11,2006-11,Karangsambung,0.483560035366932,0.4758,0.11815,0.7888000000000001,0.11608356543118901
2006,12,2006-12,Ayah,0.557533560090703,0.5759000000000001,0.0179,0.9074000000000001,0.12873869925948223
2006,12,2006-12,Buayan,0.593725625,0.619,0.1272,0.8926000000000001,0.11788818135496368
2006,12,2006-12,Puring,0.46734483614697125,0.48155000000000003,-0.0291,0.7899,0.1396928450438776
2006,12,2006-12,Petanahan,0.5055193527080581,0.5282,0.0458,0.7239,0.13818756687206787
2006,12,2006-12,Klirong,0.49614093525179864,0.5125500000000001,0.11945,0.78535,0.12527604327464117
2006,12,2006-12,Buluspesantren,0.4432286674816626,0.43117500000000003,0.15745,0.85465,0.1537940486735202
2006,12,2006-12,Ambal,0.43539960317460313,0.4357,0.0608,0.78695,0.1454979417770247
2006,12,2006-12,Mirit,0.4424429553264605,0.442,-0.0267,0.8318000000000001,0.14350863135304404
2006,12,2006-12,Prembun,0.43001455696202534,0.43255000000000005,-0.01535,0.7263000000000001,0.11728905161977826
2006,12,2006-12,Kutowinangun,0.4577861061946902,0.48190000000000005,0.1038,0.65845,0.1115574840782313
2006,12,2006-12,Alian,0.5623061899679829,0.57685,0.166,0.8723500000000001,0.13849395934836026
2006,12,2006-12,Kebumen,0.40297132545931763,0.39385000000000003,0.13135,0.8178000000000001,0.12612650135912576
2006,12,2006-12,Pejagoan,0.607866237113402,0.638,0.2474,0.9012,0.14029962478523772
2006,12,2006-12,Sruweng,0.5836843665768194,0.6005,0.19770000000000001,0.8619,0.12318201335676297
2006,12,2006-12,Adimulyo,0.44706650417827304,0.46430000000000005,0.12440000000000001,0.6803,0.11413850256291999
2006,12,2006-12,Kuwarasan,0.48860383959044373,0.5163500000000001,0.14845,0.7646000000000001,0.1209406517773176
2006,12,2006-12,Rowokele,0.5370200996677741,0.5525,0.0789,0.88865,0.1419135387412461
2006,12,2006-12,Sempor,0.5658741795665635,0.5701,0.0079,0.8604,0.11904540615451767
2006,12,2006-12,Gombong,0.5253351963746224,0.5153,0.25255,0.81005,0.09451266659242871
2006,12,2006-12,Karanganyar,0.5538604854368933,0.5630000000000001,0.198,0.7778,0.11289276549764428
2006,12,2006-12,Karanggayam,0.5962365174672489,0.6143500000000001,0.1613,0.8654000000000001,0.1054228892976851
2006,12,2006-12,Sadang,0.6042171826625388,0.61495,0.12655,0.8493,0.1267130313061578
2006,12,2006-12,Bonorowo,0.4512873611111111,0.448875,0.20385,0.7167,0.11208462620063585
2006,12,2006-12,Padureso,0.5549599770642202,0.5739750000000001,0.21530000000000002,0.74145,0.1000915392851332
2006,12,2006-12,Poncowarno,0.48920120879120876,0.47815,0.1956,0.8303,0.09674808169532685
2006,12,2006-12,Karangsambung,0.6379272325375773,0.6642,0.23555,0.8695,0.11641722628463158
2007,1,2007-01,Ayah,0.7010177419354839,0.725925,0.1635,0.9085000000000001,0.12090390958702077
2007,1,2007-01,Buayan,0.720555053667263,0.74685,0.23905,0.89495,0.10457448543705425
2007,1,2007-01,Puring,0.6548466275659826,0.7049000000000001,-0.0291,0.88815,0.15351641507609326
2007,1,2007-01,Petanahan,0.7642261936339524,0.783625,0.0458,0.9358500000000001,0.1157143370487925
2007,1,2007-01,Klirong,0.698741547277937,0.7242250000000001,0.1226,0.89575,0.12671845597509446
2007,1,2007-01,Buluspesantren,0.6007533536585365,0.630125,0.1302,0.87105,0.15125259108152472
2007,1,2007-01,Ambal,0.7032693725099602,0.7272500000000001,0.0497,0.9085500000000001,0.12166576634740389
2007,1,2007-01,Mirit,0.6168445190156601,0.6420250000000001,0.0081,0.9039,0.15385771873836124
2007,1,2007-01,Prembun,0.6295917721518988,0.63405,0.3931,0.7925000000000001,0.08636848685087699
2007,1,2007-01,Kutowinangun,0.6698320353982301,0.68545,0.38105,0.8409000000000001,0.08860602273981526
2007,1,2007-01,Alian,0.7086446638207043,0.7153,0.4385,0.8843000000000001,0.07285371897533394
2007,1,2007-01,Kebumen,0.5599719816272966,0.5589500000000001,0.2669,0.8852000000000001,0.12918045893330826
2007,1,2007-01,Pejagoan,0.6934256013745705,0.7143250000000001,0.34865,0.9074000000000001,0.10609729567097048
2007,1,2007-01,Sruweng,0.701897102425876,0.751425,0.33840000000000003,0.89815,0.12337510810352122
2007,1,2007-01,Adimulyo,0.6526908774373258,0.66725,0.24645,0.898,0.12520387158810511
2007,1,2007-01,Kuwarasan,0.7136365187713312,0.73795,0.32230000000000003,0.8864500000000001,0.10489037588391398
2007,1,2007-01,Rowokele,0.6795823920265781,0.7055,0.2898,0.8911,0.11893825515048878
2007,1,2007-01,Sempor,0.6744662538699692,0.69645,-0.14020000000000002,0.9004500000000001,0.11411150346668741
2007,1,2007-01,Gombong,0.5831223564954684,0.5710500000000001,0.3259,0.9188000000000001,0.13158696691817498
2007,1,2007-01,Karanganyar,0.6796593203883495,0.7358,0.3144,0.8687,0.12884322056649275
2007,1,2007-01,Karanggayam,0.682095305676856,0.689425,0.35125,0.87995,0.07714298991006663
2007,1,2007-01,Sadang,0.6934874097007224,0.7149,0.37345,0.8798,0.08703829306487702
2007,1,2007-01,Bonorowo,0.5141733333333333,0.513925,0.20450000000000002,0.8300500000000001,0.11877832544047945
2007,1,2007-01,Padureso,0.6949522935779816,0.7071500000000001,0.44335,0.7915000000000001,0.06251020444597118
2007,1,2007-01,Poncowarno,0.6928496703296704,0.6917,0.37335,0.88295,0.06484217165677013
2007,1,2007-01,Karangsambung,0.69543700265252,0.7073,0.30745,0.8640500000000001,0.0790356377100837
2007,2,2007-02,Ayah,0.7336016374714394,0.76615,0.0458,0.9792000000000001,0.1161614315302446
2007,2,2007-02,Buayan,0.7650475763016158,0.7877000000000001,0.2139,0.9128000000000001,0.08573561924865152
2007,2,2007-02,Puring,0.6654924154589372,0.6765,0.124,0.8874000000000001,0.1338404754098463
2007,2,2007-02,Petanahan,0.7414524503311258,0.76805,-0.0044,0.9278000000000001,0.11184783186989311
2007,2,2007-02,Klirong,0.7395177279305355,0.7477,0.25495,0.9188000000000001,0.09840581303006608
2007,2,2007-02,Buluspesantren,0.6945187801932368,0.70415,0.29575,0.89995,0.11028479593458623
2007,2,2007-02,Ambal,0.7657696233894946,0.79545,0.0646,0.9263,0.1273742742464062
2007,2,2007-02,Mirit,0.7010519230769231,0.733075,0.1467,0.92725,0.15296904295152466
2007,2,2007-02,Prembun,0.804338101265823,0.81025,0.533,0.9047000000000001,0.05663818799566935
2007,2,2007-02,Kutowinangun,0.8006890265486726,0.812,0.54025,0.9104500000000001,0.06754083716458585
2007,2,2007-02,Alian,0.7474163287086448,0.7575500000000001,0.4597,0.8875000000000001,0.07498123611005661
2007,2,2007-02,Kebumen,0.7057541338582678,0.7133,0.3131,0.91805,0.1020867368299416
2007,2,2007-02,Pejagoan,0.7090549828178695,0.7262250000000001,0.33390000000000003,0.909,0.09490626905764973
2007,2,2007-02,Sruweng,0.730312398921833,0.7572,0.2778,0.8907,0.10648789787312242
2007,2,2007-02,Adimulyo,0.7786911559888581,0.7897000000000001,0.48895,0.8755000000000001,0.06071510605721069
2007,2,2007-02,Kuwarasan,0.7893905290102389,0.803275,0.4307,0.8797,0.05715918225387547
2007,2,2007-02,Rowokele,0.7323946843853821,0.7628,0.22755,0.90375,0.10464129658892175
2007,2,2007-02,Sempor,0.7581501857585139,0.78315,-0.013300000000000001,0.8865500000000001,0.09011045361864896
2007,2,2007-02,Gombong,0.740262084592145,0.7635000000000001,0.39330000000000004,0.8682500000000001,0.09180341850129856
2007,2,2007-02,Karanganyar,0.7768513592233011,0.79815,0.3544,0.8907,0.06989611020259627
2007,2,2007-02,Karanggayam,0.7146063591703057,0.7323250000000001,0.34395000000000003,0.9107500000000001,0.08838540777493366
2007,2,2007-02,Sadang,0.722014963880289,0.7359,0.3834,0.88065,0.08402580733483082
2007,2,2007-02,Bonorowo,0.6579723611111111,0.68055,0.26045,0.893,0.13159783625472402
2007,2,2007-02,Padureso,0.7419022935779815,0.771325,0.40865,0.8803500000000001,0.08103246564099334
2007,2,2007-02,Poncowarno,0.7362602197802198,0.7495,0.38920000000000005,0.8894000000000001,0.07983203617565882
2007,2,2007-02,Karangsambung,0.7133076480990275,0.7321500000000001,0.24105000000000001,0.9002,0.09523324677905975
2007,3,2007-03,Ayah,0.7150270753998477,0.7664000000000001,0.0546,0.9429000000000001,0.15344810515233975
2007,3,2007-03,Buayan,0.7071741087344028,0.7339,0.08710000000000001,0.9353,0.13173728948405206
2007,3,2007-03,Puring,0.6881011318897639,0.728275,0.0466,0.9091,0.13952674596917392
2007,3,2007-03,Petanahan,0.658156142668428,0.68755,0.10055,0.8693500000000001,0.12272182105017562
2007,3,2007-03,Klirong,0.6903736690647483,0.70875,0.20070000000000002,0.87755,0.10154021599817105
2007,3,2007-03,Buluspesantren,0.7059902200488998,0.7308250000000001,0.06330000000000001,0.9405,0.11516954246114519
2007,3,2007-03,Ambal,0.6592010416666667,0.6833,-0.0129,0.8917,0.1279067539450834
2007,3,2007-03,Mirit,0.65702533632287,0.682075,-0.0357,0.9427500000000001,0.1582610099932378
2007,3,2007-03,Prembun,0.7243950632911395,0.7529,0.40165,0.8887,0.09751684168561739
2007,3,2007-03,Kutowinangun,0.6989317699115045,0.72255,0.383,0.85445,0.1078021095663527
2007,3,2007-03,Alian,0.7151972785485593,0.7486,0.3718,0.9097000000000001,0.11173934374143034
2007,3,2007-03,Kebumen,0.6687433070866142,0.6860250000000001,0.31615000000000004,0.92745,0.11062892204810243
2007,3,2007-03,Pejagoan,0.7005644329896908,0.7116750000000001,0.33915,0.9366000000000001,0.12245552957983767
2007,3,2007-03,Sruweng,0.6884849730458221,0.70025,0.23525000000000001,0.9238500000000001,0.13096263594917706
2007,3,2007-03,Adimulyo,0.7139454038997216,0.7264250000000001,0.41150000000000003,0.9007000000000001,0.0956053516587013
2007,3,2007-03,Kuwarasan,0.6211133105802048,0.639375,0.27240000000000003,0.8804500000000001,0.12965435436615658
2007,3,2007-03,Rowokele,0.7244835548172758,0.7687,0.2881,0.9379500000000001,0.12585038001021023
2007,3,2007-03,Sempor,0.7009132507739938,0.7538,-0.06505,0.92015,0.1408721923363266
2007,3,2007-03,Gombong,0.6129481873111783,0.66195,0.26380000000000003,0.8471500000000001,0.15912848396057286
2007,3,2007-03,Karanganyar,0.7685973786407767,0.80005,0.45270000000000005,0.8945500000000001,0.09367541412545279
2007,3,2007-03,Karanggayam,0.7079720524017468,0.7407,0.18715,0.9075000000000001,0.12054564303462172
2007,3,2007-03,Sadang,0.7348882352941177,0.7592500000000001,0.3689,0.8815500000000001,0.0947979487085135
2007,3,2007-03,Bonorowo,0.74121375,0.7673000000000001,0.42705000000000004,0.89405,0.10557871246712226
2007,3,2007-03,Padureso,0.6985200688073395,0.7262250000000001,0.2296,0.8741,0.11101675473699776
2007,3,2007-03,Poncowarno,0.6974236263736264,0.7242500000000001,0.36535,0.8491500000000001,0.1072301726186079
2007,3,2007-03,Karangsambung,0.7242507515473033,0.7519,0.24175000000000002,0.91115,0.1034290384579716
2007,4,2007-04,Ayah,0.715885140257771,0.73295,0.21350000000000002,0.9017000000000001,0.11573934992850061
2007,4,2007-04,Buayan,0.7508322925958966,0.7864,0.1422,0.9055000000000001,0.11687367207337326
2007,4,2007-04,Puring,0.6877514910536779,0.7368250000000001,0.014400000000000001,0.88885,0.13846436624075054
2007,4,2007-04,Petanahan,0.591556207366985,0.59395,0.1283,0.8649,0.17394454444437094
2007,4,2007-04,Klirong,0.6645467625899281,0.6737000000000001,0.116,0.8885500000000001,0.1266833894343845
2007,4,2007-04,Buluspesantren,0.6910496980676331,0.7144250000000001,0.0751,0.8624,0.1113457566097849
2007,4,2007-04,Ambal,0.6148804347826087,0.61795,0.06330000000000001,0.88015,0.1597350312587588
2007,4,2007-04,Mirit,0.6636328538550058,0.67735,-0.0392,0.8773000000000001,0.11971971695008346
2007,4,2007-04,Prembun,0.6252884810126583,0.62905,0.2316,0.8337,0.12439794627805963
2007,4,2007-04,Kutowinangun,0.6694851327433629,0.70275,0.34535,0.8841,0.12564268513382404
2007,4,2007-04,Alian,0.7437364461045892,0.7805500000000001,0.2624,0.89005,0.11995208438545668
2007,4,2007-04,Kebumen,0.5797832020997375,0.578675,0.32095,0.8839,0.11642430578002487
2007,4,2007-04,Pejagoan,0.746026116838488,0.7946000000000001,0.39755,0.9034500000000001,0.11929664935124157
2007,4,2007-04,Sruweng,0.7203741239892185,0.766025,0.32925000000000004,0.9115500000000001,0.13671091400097482
2007,4,2007-04,Adimulyo,0.5645341922005571,0.582075,0.23545000000000002,0.7607,0.11086895865457422
2007,4,2007-04,Kuwarasan,0.5680945392491468,0.5748500000000001,0.3276,0.7978000000000001,0.10692677235355101
2007,4,2007-04,Rowokele,0.7295096345514951,0.7501,0.2247,0.91405,0.10903021735225395
2007,4,2007-04,Sempor,0.7415750773993809,0.77635,0.33625,0.9324,0.10275885671941828
2007,4,2007-04,Gombong,0.5458173716012085,0.53095,0.38420000000000004,0.82735,0.08810229716757279
2007,4,2007-04,Karanganyar,0.7337871844660194,0.77015,0.36195,0.8853500000000001,0.10919641246834196
2007,4,2007-04,Karanggayam,0.7708174672489083,0.7966500000000001,0.24425000000000002,0.9215000000000001,0.0801928969661612
2007,4,2007-04,Sadang,0.7607453560371518,0.77775,0.19545,0.8888,0.07611657403096056
2007,4,2007-04,Bonorowo,0.7115136111111111,0.72275,0.5012,0.8733500000000001,0.06178708385580534
2007,4,2007-04,Padureso,0.7855879587155963,0.805825,0.3309,0.8841,0.07736160481616343
2007,4,2007-04,Poncowarno,0.7397128571428574,0.7483500000000001,0.40295000000000003,0.8627,0.07600278063573863
2007,4,2007-04,Karangsambung,0.7619676392572945,0.78305,0.33405,0.91625,0.0859354554718772
2007,5,2007-05,Ayah,0.77958030651341,0.80455,0.36920000000000003,0.9691000000000001,0.10284565385265994
2007,5,2007-05,Buayan,0.7880082887700535,0.814975,0.37475,0.95745,0.09002692933874065
2007,5,2007-05,Puring,0.6498306983511154,0.6726500000000001,-0.0291,0.8694500000000001,0.14350092653866753
2007,5,2007-05,Petanahan,0.7125369918699187,0.750175,0.2019,0.87755,0.11151660545787866
2007,5,2007-05,Klirong,0.6849604584527221,0.7066,0.1857,0.8824500000000001,0.11099647829058827
2007,5,2007-05,Buluspesantren,0.6083954933008526,0.6345000000000001,0.0531,0.8609,0.13990574849964638
2007,5,2007-05,Ambal,0.5473963402571712,0.5605,-0.0553,0.8822500000000001,0.16858751646745276
2007,5,2007-05,Mirit,0.5955157589803013,0.6086,0.1048,0.8520000000000001,0.12695013685994067
2007,5,2007-05,Prembun,0.6314560759493671,0.6464000000000001,0.25355,0.8885500000000001,0.14972644211832442
2007,5,2007-05,Kutowinangun,0.6607362831858408,0.7272000000000001,0.24335,0.8754000000000001,0.16866337961034555
2007,5,2007-05,Alian,0.7698552828175026,0.7977500000000001,0.32930000000000004,0.89295,0.09026261271631641
2007,5,2007-05,Kebumen,0.5391421916010498,0.526975,0.23850000000000002,0.85245,0.1369966965425429
2007,5,2007-05,Pejagoan,0.721514175257732,0.75995,0.37215000000000004,0.9301,0.12733936320005723
2007,5,2007-05,Sruweng,0.7117498652291105,0.752125,0.34850000000000003,0.9689000000000001,0.13166363321472863
2007,5,2007-05,Adimulyo,0.5967337047353761,0.60645,0.28135,0.8301000000000001,0.10953399380979387
2007,5,2007-05,Kuwarasan,0.6889570819112628,0.7201250000000001,0.29995,0.86295,0.11024272907625701
2007,5,2007-05,Rowokele,0.7656613510520487,0.8057500000000001,0.34075,0.8965500000000001,0.10568031879111404
2007,5,2007-05,Sempor,0.7627652321981424,0.7852,0.21960000000000002,0.9082,0.0802062470266362
2007,5,2007-05,Gombong,0.6248777945619336,0.6206,0.32230000000000003,0.8480000000000001,0.11421122887650083
2007,5,2007-05,Karanganyar,0.6994317475728156,0.7402500000000001,0.3569,0.90305,0.1413989262220609
2007,5,2007-05,Karanggayam,0.7597902019650655,0.7857500000000001,0.23750000000000002,0.93215,0.1018708079658994
2007,5,2007-05,Sadang,0.7570699174406605,0.7879,0.24630000000000002,0.9458000000000001,0.09216463622719409
2007,5,2007-05,Bonorowo,0.58936625,0.60175,0.20525000000000002,0.7936000000000001,0.1180414996167485
2007,5,2007-05,Padureso,0.8092543577981651,0.815725,0.5337000000000001,0.8873000000000001,0.03952753603328705
2007,5,2007-05,Poncowarno,0.7916481318681318,0.8017500000000001,0.5028,0.8953000000000001,0.050962987127420666
2007,5,2007-05,Karangsambung,0.7715977895667552,0.7925500000000001,0.25815,0.9475,0.0828471165789198
2007,6,2007-06,Ayah,0.7634063643292683,0.8062750000000001,0.1279,0.9366000000000001,0.11068333963397044
2007,6,2007-06,Buayan,0.7755371978513876,0.78615,0.40345000000000003,0.9226500000000001,0.0647136253790109
2007,6,2007-06,Puring,0.7040311219512196,0.74565,-0.0453,0.8933000000000001,0.12987386074416546
2007,6,2007-06,Petanahan,0.7970685060565276,0.8073,0.1505,0.88075,0.062346950081329344
2007,6,2007-06,Klirong,0.7315549490538574,0.7508,0.3518,0.885,0.0877779802587279
2007,6,2007-06,Buluspesantren,0.6373459638554217,0.64605,0.23225,0.8857,0.12337747306625939
2007,6,2007-06,Ambal,0.6256169466403163,0.636425,0.1297,0.8407,0.11014869523118075
2007,6,2007-06,Mirit,0.5863266590389016,0.59985,0.0947,0.8653500000000001,0.13108467054190792
2007,6,2007-06,Prembun,0.6911853164556961,0.7049000000000001,0.3932,0.85065,0.08230332752144587
2007,6,2007-06,Kutowinangun,0.7260425663716815,0.7461,0.4354,0.8572000000000001,0.07768669694866855
2007,6,2007-06,Alian,0.7659096051227321,0.7775000000000001,0.5173,0.8725,0.06088881708010958
2007,6,2007-06,Kebumen,0.6700629921259843,0.670275,0.3059,0.8946000000000001,0.10021304953489804
2007,6,2007-06,Pejagoan,0.7345839347079038,0.762875,0.42155000000000004,0.8676,0.09445560273913671
2007,6,2007-06,Sruweng,0.7385103773584906,0.7803500000000001,0.3785,0.8630500000000001,0.09718084938222168
2007,6,2007-06,Adimulyo,0.7588018802228412,0.7705500000000001,0.463,0.87105,0.06034188863155956
2007,6,2007-06,Kuwarasan,0.7611220989761093,0.7826500000000001,0.46685000000000004,0.86555,0.06636989731924918
2007,6,2007-06,Rowokele,0.8029442967884829,0.82135,0.47195000000000004,0.9275500000000001,0.06093881013303582
2007,6,2007-06,Sempor,0.7676067801857586,0.7865500000000001,0.09875,0.8944500000000001,0.06864158262885398
2007,6,2007-06,Gombong,0.7062231117824774,0.7313000000000001,0.37635,0.871,0.1056811439490949
2007,6,2007-06,Karanganyar,0.7601448543689321,0.7827500000000001,0.46890000000000004,0.8643500000000001,0.06979488483585769
2007,6,2007-06,Karanggayam,0.7496795851528384,0.76665,0.26575,0.86955,0.07079963334751327
2007,6,2007-06,Sadang,0.7651942208462332,0.7962,0.43195,0.8723000000000001,0.08719417966012057
2007,6,2007-06,Bonorowo,0.5685304166666667,0.5875250000000001,0.12350000000000001,0.7796500000000001,0.12201772809989425
2007,6,2007-06,Padureso,0.7776896788990827,0.7886000000000001,0.24375000000000002,0.8725,0.05361333240737326
2007,6,2007-06,Poncowarno,0.7631069230769232,0.7696000000000001,0.5476,0.8719,0.05342880578148684
2007,6,2007-06,Karangsambung,0.7303051282051283,0.7455,0.20720000000000002,0.8796,0.0872892638264307
2007,7,2007-07,Ayah,0.7545757262996942,0.78,0.0609,0.9361,0.10201465309994666
2007,7,2007-07,Buayan,0.6925539461883409,0.7067,0.3677,0.9432,0.10658814820929992
2007,7,2007-07,Puring,0.6677384419551935,0.6864250000000001,0.37410000000000004,0.86875,0.09498999591615377
2007,7,2007-07,Petanahan,0.6405788409703504,0.6680250000000001,0.0692,0.8715,0.11618338750475403
2007,7,2007-07,Klirong,0.6526550872093023,0.677775,0.32915,0.8388,0.09381535541488026
2007,7,2007-07,Buluspesantren,0.6480860978520286,0.6883,0.0077,0.87085,0.14089765374623273
2007,7,2007-07,Ambal,0.6661438508064518,0.717225,0.0091,0.8536,0.14475331721674617
2007,7,2007-07,Mirit,0.6365450285714287,0.6707500000000001,-0.0262,0.84335,0.14945864597988984
2007,7,2007-07,Prembun,0.7095130379746836,0.7159,0.4706,0.8289000000000001,0.056545827843147836
2007,7,2007-07,Kutowinangun,0.7311184955752212,0.73765,0.46680000000000005,0.8360000000000001,0.0541562119304615
2007,7,2007-07,Alian,0.6976205976520811,0.70925,0.5291,0.8158000000000001,0.054553943151803015
2007,7,2007-07,Kebumen,0.6743681758530184,0.68045,0.33775,0.84265,0.08721484108189503
2007,7,2007-07,Pejagoan,0.6935889175257732,0.7131500000000001,0.3724,0.82625,0.08081584078647036
2007,7,2007-07,Sruweng,0.6891648247978437,0.73945,0.33295,0.8194,0.11404226034876053
2007,7,2007-07,Adimulyo,0.673890668523677,0.6954750000000001,0.38435,0.8288500000000001,0.09364957293237694
2007,7,2007-07,Kuwarasan,0.6093759385665529,0.6388,0.30215000000000003,0.81315,0.11711116193770327
2007,7,2007-07,Rowokele,0.7259616279069766,0.746,0.36155000000000004,0.8711500000000001,0.08618505141486626
2007,7,2007-07,Sempor,0.6857444582043344,0.7109000000000001,0.2743,0.88615,0.0919591983250996
2007,7,2007-07,Gombong,0.5702992447129909,0.5910000000000001,0.3265,0.75275,0.12020572499337047
2007,7,2007-07,Karanganyar,0.7233254368932039,0.72875,0.46265,0.8321000000000001,0.044622157341168506
2007,7,2007-07,Karanggayam,0.6952833515283844,0.7069000000000001,0.33425,0.8195,0.06760965877137752
2007,7,2007-07,Sadang,0.730964963880289,0.74795,0.449,0.85145,0.07805215485974407
2007,7,2007-07,Bonorowo,0.6753008333333335,0.7151000000000001,0.272,0.8487,0.12294551711982472
2007,7,2007-07,Padureso,0.7315837155963303,0.7357,0.3558,0.8237,0.04903092333960063
2007,7,2007-07,Poncowarno,0.6899000000000001,0.69475,0.49670000000000003,0.811,0.0654348155641329
2007,7,2007-07,Karangsambung,0.6871834217506632,0.6927,0.26335000000000003,0.8426,0.07562757788261269
2007,8,2007-08,Ayah,0.7112987414187643,0.7278,0.18660000000000002,0.9219,0.0989569794785
2007,8,2007-08,Buayan,0.6429413916146298,0.64695,0.30610000000000004,0.8875000000000001,0.11015254006355163
2007,8,2007-08,Puring,0.5485340798442063,0.5527500000000001,0.24980000000000002,0.7754000000000001,0.12282733226493124
2007,8,2007-08,Petanahan,0.5288028150134049,0.5329250000000001,0.169,0.7976500000000001,0.13093751062161735
2007,8,2007-08,Klirong,0.5508976978417267,0.55325,0.2331,0.8440000000000001,0.10273012238413708
2007,8,2007-08,Buluspesantren,0.5891122572815535,0.6148750000000001,0.2429,0.7926000000000001,0.1301751224368853
2007,8,2007-08,Ambal,0.5485529918864097,0.5613,0.09290000000000001,0.81305,0.1130666488753629
2007,8,2007-08,Mirit,0.5788170428893905,0.6038250000000001,0.0361,0.84535,0.13183811768605722
2007,8,2007-08,Prembun,0.560080506329114,0.5643,0.3501,0.7377,0.07976826841114988
2007,8,2007-08,Kutowinangun,0.558413628318584,0.5609500000000001,0.32855,0.83825,0.10176237916965647
2007,8,2007-08,Alian,0.5982042689434366,0.61785,0.3176,0.77615,0.0851855233060309
2007,8,2007-08,Kebumen,0.5041912073490814,0.49855000000000005,0.28215,0.7467,0.09070848678552774
2007,8,2007-08,Pejagoan,0.6018317869415808,0.61095,0.33465,0.8641500000000001,0.08817725146066505
2007,8,2007-08,Sruweng,0.612663679245283,0.639475,0.30735,0.76475,0.08392938080195804
2007,8,2007-08,Adimulyo,0.5042223537604457,0.512175,0.23750000000000002,0.7454000000000001,0.08523955905905646
2007,8,2007-08,Kuwarasan,0.5705262798634813,0.58485,0.1297,0.8218000000000001,0.12077000954406361
2007,8,2007-08,Rowokele,0.6560595238095238,0.6688000000000001,0.3144,0.8646,0.10903234040784414
2007,8,2007-08,Sempor,0.5982249226006192,0.61295,0.0637,0.8168500000000001,0.09096586177734446
2007,8,2007-08,Gombong,0.5184611782477342,0.498,0.20755,0.7946500000000001,0.11974621021118388
2007,8,2007-08,Karanganyar,0.5758087378640777,0.5940000000000001,0.2953,0.7967000000000001,0.10335750606304345
2007,8,2007-08,Karanggayam,0.597136326419214,0.599575,0.2888,0.82315,0.07708504559835197
2007,8,2007-08,Sadang,0.6789559855521157,0.6917500000000001,0.40275,0.8506,0.09117494872388292
2007,8,2007-08,Bonorowo,0.6692366666666667,0.68945,0.38235,0.8400500000000001,0.08638931471670684
2007,8,2007-08,Padureso,0.6626113532110093,0.67195,0.18145,0.78915,0.06653315766968448
2007,8,2007-08,Poncowarno,0.6029827472527473,0.6018,0.31170000000000003,0.8118500000000001,0.08872705550263059
2007,8,2007-08,Karangsambung,0.6183374889478338,0.62685,0.21945,0.80305,0.09724302327224807
2007,9,2007-09,Ayah,0.6111631097560976,0.628375,0.108,0.87675,0.13872744282007252
2007,9,2007-09,Buayan,0.5467972816399288,0.542025,0.1193,0.83135,0.13489519036433611
2007,9,2007-09,Puring,0.4647014634146342,0.454,0.13540000000000002,0.73905,0.12545295428694309
2007,9,2007-09,Petanahan,0.46509303278688535,0.46105,-0.006500000000000001,0.74585,0.12751340331599825
2007,9,2007-09,Klirong,0.525159461426492,0.5275000000000001,0.1791,0.81105,0.11959466291040403
2007,9,2007-09,Buluspesantren,0.47273599508599506,0.475575,0.1431,0.7269,0.11697980075297772
2007,9,2007-09,Ambal,0.4307540000000001,0.403625,0.049300000000000004,0.7188,0.1272276553230468
2007,9,2007-09,Mirit,0.455472855530474,0.460025,-0.0218,0.70475,0.10778261147840842
2007,9,2007-09,Prembun,0.48763658227848106,0.48850000000000005,0.2685,0.71025,0.08932894252068298
2007,9,2007-09,Kutowinangun,0.46874398230088493,0.47115,0.2046,0.8048500000000001,0.10909964840626833
2007,9,2007-09,Alian,0.4936920490928496,0.49765000000000004,0.23685,0.7576,0.09213507252035226
2007,9,2007-09,Kebumen,0.39909284776902887,0.39222500000000005,0.1802,0.7514500000000001,0.09254092212853403
2007,9,2007-09,Pejagoan,0.45506348797250856,0.44695000000000007,0.20965,0.7362500000000001,0.11619674183065914
2007,9,2007-09,Sruweng,0.44339629380053913,0.44595,0.12785000000000002,0.72045,0.10823570081232055
2007,9,2007-09,Adimulyo,0.4890429665738162,0.49972500000000003,0.22740000000000002,0.7482500000000001,0.09124716137822503
2007,9,2007-09,Kuwarasan,0.5567866040955631,0.5594000000000001,0.22155,0.8068000000000001,0.1165549797565279
2007,9,2007-09,Rowokele,0.5125775747508305,0.51805,0.08370000000000001,0.8767,0.12413666611961204
2007,9,2007-09,Sempor,0.5039350464396285,0.5084500000000001,0.1395,0.7791,0.09434993408990142
2007,9,2007-09,Gombong,0.4437456193353475,0.44175000000000003,0.2016,0.7133,0.10883229943008087
2007,9,2007-09,Karanganyar,0.4706771844660194,0.46265,0.1789,0.8073,0.10627417197954
2007,9,2007-09,Karanggayam,0.48608119541484723,0.48175,0.12615,0.8705,0.10686173073141655
2007,9,2007-09,Sadang,0.5714932920536636,0.5669500000000001,0.23090000000000002,0.8646,0.11484312922699579
2007,9,2007-09,Bonorowo,0.536375,0.541925,0.3169,0.72765,0.09490801870173506
2007,9,2007-09,Padureso,0.5949395642201835,0.59985,0.2715,0.7955,0.07835996003824541
2007,9,2007-09,Poncowarno,0.5057653846153846,0.5096,0.048400000000000006,0.7466,0.1140860452919049
2007,9,2007-09,Karangsambung,0.5196649867374006,0.51385,0.19640000000000002,0.80095,0.10695199534836314
2007,10,2007-10,Ayah,0.5658666144200627,0.6233000000000001,0.0521,0.9817,0.26559058927437246
2007,10,2007-10,Buayan,0.5138091809180919,0.5512,0.037200000000000004,0.9817,0.24516556827031338
2007,10,2007-10,Puring,0.5251876132930514,0.5131,0.2964,0.8502000000000001,0.13199467526278325
2007,10,2007-10,Petanahan,0.49357597684515203,0.4955,0.1812,0.7733,0.13680538894574185
2007,10,2007-10,Klirong,0.5292900306748467,0.55515,0.12480000000000001,0.7812,0.1295810813110517
2007,10,2007-10,Buluspesantren,0.4849276621787025,0.49710000000000004,0.1135,0.7873,0.1299277729627821
2007,10,2007-10,Ambal,0.4525258909853249,0.44995,0.053000000000000005,0.7545000000000001,0.13952070783422274
2007,10,2007-10,Mirit,0.4494,0.4591,-0.0309,0.7417,0.13700106870507878
2007,10,2007-10,Prembun,0.4535063291139241,0.49470000000000003,0.0737,0.7842,0.1587168147248363
2007,10,2007-10,Kutowinangun,0.39220902654867257,0.3835,0.0727,0.9256000000000001,0.16637520164925768
2007,10,2007-10,Alian,0.4010004268943437,0.41600000000000004,0.0454,0.9800000000000001,0.1861153630026339
2007,10,2007-10,Kebumen,0.3491452755905512,0.331,0.049600000000000005,0.8654000000000001,0.15074119583154627
2007,10,2007-10,Pejagoan,0.3482286941580756,0.32825000000000004,0.0309,0.9646,0.17348110987219104
2007,10,2007-10,Sruweng,0.41209690026954177,0.42545,0.0446,0.8560000000000001,0.18352531771138697
2007,10,2007-10,Adimulyo,0.4139909470752089,0.42850000000000005,0.0499,0.7888000000000001,0.15926534459097633
2007,10,2007-10,Kuwarasan,0.3944786689419795,0.37655000000000005,0.0351,0.8047000000000001,0.2118988224633828
2007,10,2007-10,Rowokele,0.33178261351052046,0.2916,0.0359,0.8546,0.1878023498527743
2007,10,2007-10,Sempor,0.3412945477075589,0.3348,0.041100000000000005,0.9609000000000001,0.15480905813551527
2007,10,2007-10,Gombong,0.29284954682779457,0.26890000000000003,0.0574,0.6549,0.15823955383239555
2007,10,2007-10,Karanganyar,0.4050765048543689,0.4121,0.0543,0.7796000000000001,0.17819404992468366
2007,10,2007-10,Karanggayam,0.36976512008733625,0.3473,0.048600000000000004,0.9975,0.1827565976520595
2007,10,2007-10,Sadang,0.49850608875129004,0.516,0.065,0.9752000000000001,0.1847666571084355
2007,10,2007-10,Bonorowo,0.4768855555555556,0.49410000000000004,0.0821,0.6942,0.11746928067571172
2007,10,2007-10,Padureso,0.43619724770642204,0.4356,0.068,0.9439000000000001,0.18742160181603207
2007,10,2007-10,Poncowarno,0.40298945054945057,0.40800000000000003,0.0719,0.9508000000000001,0.18170425971506338
2007,10,2007-10,Karangsambung,0.4047954907161804,0.3825,0.050300000000000004,0.9604,0.19190947317624976
2007,11,2007-11,Ayah,0.41139375476009143,0.40085000000000004,0.0218,0.8399000000000001,0.1528508476926354
2007,11,2007-11,Buayan,0.4299932408236347,0.43010000000000004,0.07205,0.82915,0.14862562665723347
2007,11,2007-11,Puring,0.4422856237816764,0.450325,0.005200000000000001,0.8067000000000001,0.1795752984741409
2007,11,2007-11,Petanahan,0.4376849598930481,0.42775,-0.050800000000000005,0.8299000000000001,0.18303900527192074
2007,11,2007-11,Klirong,0.5289545851528384,0.53625,0.1996,0.8237,0.12928844467254924
2007,11,2007-11,Buluspesantren,0.48499431540342297,0.50115,-0.0483,0.7621,0.13973093740052564
2007,11,2007-11,Ambal,0.4751107462686567,0.48395000000000005,0.0128,0.8551000000000001,0.1545783179235688
2007,11,2007-11,Mirit,0.4964847174163784,0.50055,-0.028200000000000003,0.7911,0.1359342159323288
2007,11,2007-11,Prembun,0.47427620253164565,0.46215,0.0664,0.7776000000000001,0.13459535870742065
2007,11,2007-11,Kutowinangun,0.4798856637168142,0.47655000000000003,0.12510000000000002,0.8775000000000001,0.13948176890338712
2007,11,2007-11,Alian,0.45218505869797226,0.44765000000000005,0.14,0.8449500000000001,0.10986783243454513
2007,11,2007-11,Kebumen,0.40425249343832026,0.38922500000000004,0.13865,0.7276,0.11734428337264437
2007,11,2007-11,Pejagoan,0.46289879725085914,0.45265,0.14625000000000002,0.78395,0.12491272124210032
2007,11,2007-11,Sruweng,0.41532452830188676,0.41910000000000003,0.12810000000000002,0.7915000000000001,0.11781149359760845
2007,11,2007-11,Adimulyo,0.32489025069637884,0.3139,0.027600000000000003,0.7442000000000001,0.11614892162257716
2007,11,2007-11,Kuwarasan,0.36640537542662116,0.35082500000000005,0.1022,0.78435,0.12205828029824185
2007,11,2007-11,Rowokele,0.4779234772978959,0.46495000000000003,0.052750000000000005,0.8499,0.15177737296393393
2007,11,2007-11,Sempor,0.44539591331269346,0.44930000000000003,0.0886,0.8902500000000001,0.14081250118877559
2007,11,2007-11,Gombong,0.343262084592145,0.322,0.08465,0.69235,0.12526836372619932
2007,11,2007-11,Karanganyar,0.48025417475728166,0.48665,0.0711,0.80335,0.14548088716774824
2007,11,2007-11,Karanggayam,0.49592674672489084,0.502225,0.07015,0.8439500000000001,0.13012029157972152
2007,11,2007-11,Sadang,0.6243811145510836,0.6351,0.14965,0.9028,0.11693527171163885
2007,11,2007-11,Bonorowo,0.4512775,0.436875,0.0966,0.8383,0.13809426956038642
2007,11,2007-11,Padureso,0.4965438073394496,0.48512500000000003,0.2303,0.8368500000000001,0.12441350679351552
2007,11,2007-11,Poncowarno,0.49487868131868135,0.50585,0.14880000000000002,0.7956000000000001,0.1249156498101493
2007,11,2007-11,Karangsambung,0.5122737400530505,0.49505000000000005,0.2338,0.8874000000000001,0.10978612736692984
2007,12,2007-12,Ayah,0.5827488005997002,0.614025,-0.007,0.87005,0.1309651298426164
2007,12,2007-12,Buayan,0.6076997767857143,0.6378,0.048600000000000004,0.8801,0.1225192200572315
2007,12,2007-12,Puring,0.5091802176063304,0.5179,0.00245,0.85845,0.19157922130532998
2007,12,2007-12,Petanahan,0.5831624327956989,0.59555,0.0854,0.8801,0.1424871881738084
2007,12,2007-12,Klirong,0.5663994177583698,0.5871000000000001,0.1173,0.8676,0.13172562752100916
2007,12,2007-12,Buluspesantren,0.49831697303921574,0.50485,0.129,0.86955,0.16302927539347895
2007,12,2007-12,Ambal,0.45864650698602794,0.459525,0.0998,0.899,0.1650645608671526
2007,12,2007-12,Mirit,0.49422459954233416,0.48982500000000007,-0.1189,0.8108500000000001,0.16257403721271288
2007,12,2007-12,Prembun,0.4986998734177215,0.5065000000000001,0.16615000000000002,0.7848,0.1294506336431649
2007,12,2007-12,Kutowinangun,0.5130076991150443,0.5399,0.15455000000000002,0.7534500000000001,0.13940067046987004
2007,12,2007-12,Alian,0.6192550693703308,0.6264000000000001,0.22415000000000002,0.90605,0.11472185886858295
2007,12,2007-12,Kebumen,0.4469339238845144,0.43600000000000005,0.21075000000000002,0.8243,0.11184193433155151
2007,12,2007-12,Pejagoan,0.5901257731958763,0.6189250000000001,0.2132,0.7852,0.12167487392928752
2007,12,2007-12,Sruweng,0.5848482479784367,0.61705,0.2575,0.91525,0.10542370929140141
2007,12,2007-12,Adimulyo,0.48039853760445683,0.4939,0.12105,0.74205,0.12383788779124415
2007,12,2007-12,Kuwarasan,0.4877379692832764,0.503625,0.13235,0.7998500000000001,0.1205650594954117
2007,12,2007-12,Rowokele,0.6029828903654485,0.6272,0.10955000000000001,0.8597,0.11350964984105502
2007,12,2007-12,Sempor,0.5875628482972136,0.6025,0.1188,0.8067500000000001,0.09820217513779582
2007,12,2007-12,Gombong,0.5359389728096677,0.53425,0.26445,0.8531500000000001,0.1044398029432459
2007,12,2007-12,Karanganyar,0.6156200000000001,0.6204000000000001,0.261,0.8429500000000001,0.10283368044084443
2007,12,2007-12,Karanggayam,0.6052311681222707,0.6106750000000001,0.13140000000000002,0.8741,0.09885419699091415
2007,12,2007-12,Sadang,0.6718243034055728,0.68945,0.31095,0.9128000000000001,0.112790953951305
2007,12,2007-12,Bonorowo,0.3895140277777778,0.40725,-0.02125,0.75215,0.15054410332615822
2007,12,2007-12,Padureso,0.5619979357798166,0.5782,0.2101,0.7643000000000001,0.0951033817391162
2007,12,2007-12,Poncowarno,0.5497691208791209,0.558,0.2351,0.7685000000000001,0.0947526211026405
2007,12,2007-12,Karangsambung,0.6639808134394343,0.67425,0.18645,0.91535,0.11249922871786554
2008,1,2008-01,Ayah,0.7074036015325671,0.7258,0.1121,0.9466,0.12468765346146458
2008,1,2008-01,Buayan,0.7391472694717995,0.75185,0.35755000000000003,0.9505,0.08238292180414739
2008,1,2008-01,Puring,0.7436043179587831,0.7634500000000001,0.037000000000000005,0.9686,0.11169342223321746
2008,1,2008-01,Petanahan,0.7877755060728744,0.8086500000000001,0.1333,0.9227000000000001,0.09079489868623097
2008,1,2008-01,Klirong,0.75531497829233,0.7736500000000001,0.1524,0.9172,0.09447875022359707
2008,1,2008-01,Buluspesantren,0.7346115617433415,0.7568250000000001,0.18910000000000002,0.93815,0.10171530428608727
2008,1,2008-01,Ambal,0.7118011420059583,0.7218,-0.0068000000000000005,0.9391,0.08978364511798342
2008,1,2008-01,Mirit,0.6282729498861048,0.6495250000000001,0.0714,0.84875,0.1250078590926188
2008,1,2008-01,Prembun,0.758660506329114,0.77525,0.5263,0.8945500000000001,0.08258484450258281
2008,1,2008-01,Kutowinangun,0.7562702654867257,0.779,0.49205000000000004,0.88175,0.08305629491319896
2008,1,2008-01,Alian,0.7470422625400214,0.7701,0.38905,0.8842500000000001,0.08676886073701919
2008,1,2008-01,Kebumen,0.6723808398950131,0.6698500000000001,0.32730000000000004,0.8992,0.10930850422008635
2008,1,2008-01,Pejagoan,0.7401448453608248,0.7878750000000001,0.38280000000000003,0.90525,0.12059236246877673
2008,1,2008-01,Sruweng,0.7881521563342317,0.81455,0.4345,0.92025,0.07460991788698232
2008,1,2008-01,Adimulyo,0.7359756267409472,0.75105,0.2644,0.89265,0.08678537760860684
2008,1,2008-01,Kuwarasan,0.7197376279863481,0.7378750000000001,0.36385,0.8847,0.0991527904271635
2008,1,2008-01,Rowokele,0.728485326688815,0.77315,0.1794,0.92725,0.12528370534556663
2008,1,2008-01,Sempor,0.7562561609907121,0.7732,0.28135,0.91225,0.09350842307781904
2008,1,2008-01,Gombong,0.7617110271903323,0.778,0.44770000000000004,0.893,0.07919967990358343
2008,1,2008-01,Karanganyar,0.8090006796116506,0.8280500000000001,0.5341,0.8978,0.05861482444884738
2008,1,2008-01,Karanggayam,0.7823926582969433,0.8025,0.19535,0.9315,0.07352926115159161
2008,1,2008-01,Sadang,0.7345019607843138,0.74175,0.341,0.8864500000000001,0.08285092382846833
2008,1,2008-01,Bonorowo,0.6079420833333333,0.63505,0.1844,0.83865,0.13879019032475584
2008,1,2008-01,Padureso,0.7725308486238531,0.7642500000000001,0.5572,0.9246000000000001,0.07782486303482923
2008,1,2008-01,Poncowarno,0.792295054945055,0.80855,0.55045,0.8944500000000001,0.06254415849030762
2008,1,2008-01,Karangsambung,0.7275911582670204,0.73655,0.3341,0.8974000000000001,0.08645629005351019
2008,2,2008-02,Ayah,0.6711573551829269,0.677575,0.1656,0.9191,0.11769944035357424
2008,2,2008-02,Buayan,0.7349184870188004,0.7553500000000001,0.21610000000000001,0.91035,0.0957148111905268
2008,2,2008-02,Puring,0.6005529211295033,0.59635,0.10650000000000001,0.8683000000000001,0.13263017524246049
2008,2,2008-02,Petanahan,0.6019630779392339,0.6058,0.079,0.8437,0.1060282072868359
2008,2,2008-02,Klirong,0.6664816593886463,0.6757500000000001,0.18435,0.88675,0.0936866174982604
2008,2,2008-02,Buluspesantren,0.6869967761557179,0.70215,0.2316,0.9066000000000001,0.10461498734210982
2008,2,2008-02,Ambal,0.6918485872855701,0.7369,0.1413,0.8729,0.11828470619014361
2008,2,2008-02,Mirit,0.6730998247663551,0.70925,0.1467,0.8572500000000001,0.1171488426767703
2008,2,2008-02,Prembun,0.7391953164556961,0.74245,0.5585,0.84665,0.04902989681675744
2008,2,2008-02,Kutowinangun,0.7528541592920355,0.7606,0.446,0.8459500000000001,0.0550068412917428
2008,2,2008-02,Alian,0.7643421024546425,0.7706000000000001,0.59245,0.8389500000000001,0.036306354959073805
2008,2,2008-02,Kebumen,0.7066179133858268,0.7345,0.30665000000000003,0.8795000000000001,0.09087823433057207
2008,2,2008-02,Pejagoan,0.7294461340206186,0.754575,0.4944,0.89595,0.09167491940796167
2008,2,2008-02,Sruweng,0.6962646900269542,0.7141000000000001,0.4429,0.8845000000000001,0.06415043781879645
2008,2,2008-02,Adimulyo,0.723100766016713,0.7376,0.47525,0.8228500000000001,0.06029341871168417
2008,2,2008-02,Kuwarasan,0.7620833617747441,0.7737,0.4894,0.88075,0.06241787410108705
2008,2,2008-02,Rowokele,0.7252532668881507,0.7524500000000001,0.26595,0.90405,0.10416966404296729
2008,2,2008-02,Sempor,0.6470393498452013,0.66415,0.20805,0.861,0.08259656338407206
2008,2,2008-02,Gombong,0.6905075528700906,0.69575,0.47205,0.8499,0.07708573278987324
2008,2,2008-02,Karanganyar,0.7394292233009709,0.74715,0.48245000000000005,0.84875,0.054623699872365414
2008,2,2008-02,Karanggayam,0.7234026746724892,0.7359,0.4582,0.9077500000000001,0.07201817455027273
2008,2,2008-02,Sadang,0.7518851393188856,0.7591,0.47550000000000003,0.8722500000000001,0.05381029395772247
2008,2,2008-02,Bonorowo,0.733083888888889,0.75,0.4378,0.85845,0.07558002669274828
2008,2,2008-02,Padureso,0.7440029816513762,0.73965,0.4511,0.8882500000000001,0.057943870363217784
2008,2,2008-02,Poncowarno,0.7818586813186814,0.7875500000000001,0.6222,0.8429500000000001,0.03595688499412678
2008,2,2008-02,Karangsambung,0.7641314323607429,0.7725000000000001,0.3377,0.8448,0.05156282854369687
2008,3,2008-03,Ayah,0.6850788284839204,0.7028000000000001,0.06520000000000001,0.9649000000000001,0.14063424798138294
2008,3,2008-03,Buayan,0.7006439122649956,0.7317,0.28715,0.94005,0.13160442668879116
2008,3,2008-03,Puring,0.6782007232401158,0.7089000000000001,0.15455000000000002,0.8782000000000001,0.13906193711734677
2008,3,2008-03,Petanahan,0.629080184940555,0.6073000000000001,0.11810000000000001,0.87455,0.1430785077137119
2008,3,2008-03,Klirong,0.6634422425952045,0.66325,0.099,0.8673500000000001,0.10186974368718017
2008,3,2008-03,Buluspesantren,0.6539898325358852,0.657225,0.1053,0.8603000000000001,0.09719284672258006
2008,3,2008-03,Ambal,0.6701291295746785,0.68365,0.0154,0.8906000000000001,0.10681366495167892
2008,3,2008-03,Mirit,0.6470915168539326,0.667,0.026500000000000003,0.92505,0.12845857220731458
2008,3,2008-03,Prembun,0.6708049367088609,0.67395,0.3306,0.8529,0.09140255408548727
2008,3,2008-03,Kutowinangun,0.6809174336283186,0.68515,0.42260000000000003,0.8635,0.09241011074417138
2008,3,2008-03,Alian,0.7427043223052295,0.76775,0.45225000000000004,0.89385,0.08938383457090192
2008,3,2008-03,Kebumen,0.6022051181102362,0.5981000000000001,0.33565,0.86095,0.10070627396313117
2008,3,2008-03,Pejagoan,0.7427762886597938,0.77875,0.16575,0.90315,0.10533317523681673
2008,3,2008-03,Sruweng,0.6694853099730459,0.6858250000000001,0.253,0.91225,0.13517945806440362
2008,3,2008-03,Adimulyo,0.5895153203342619,0.603175,0.20815,0.7957500000000001,0.09631975301565959
2008,3,2008-03,Kuwarasan,0.5628889078498294,0.57065,0.18245,0.8112,0.11604163268799671
2008,3,2008-03,Rowokele,0.6496992248062016,0.67055,0.13765,0.89785,0.1354082690993587
2008,3,2008-03,Sempor,0.7131617647058823,0.7471,0.234,0.9346000000000001,0.11576599364986379
2008,3,2008-03,Gombong,0.500066163141994,0.49735,0.2622,0.85655,0.11428362847425816
2008,3,2008-03,Karanganyar,0.6798629126213593,0.69365,0.29100000000000004,0.9379000000000001,0.12657785214504375
2008,3,2008-03,Karanggayam,0.7598069323144105,0.779625,0.41785,0.9046500000000001,0.07779547841116792
2008,3,2008-03,Sadang,0.7566280185758514,0.7843,0.4404,0.9168000000000001,0.08921571752588833
2008,3,2008-03,Bonorowo,0.6357380555555555,0.650425,0.3866,0.77825,0.07878029176906579
2008,3,2008-03,Padureso,0.7837549311926606,0.802575,0.5024000000000001,0.8828,0.06850098668173629
2008,3,2008-03,Poncowarno,0.7324825274725275,0.7503500000000001,0.36765000000000003,0.8611000000000001,0.07944066316403428
2008,3,2008-03,Karangsambung,0.7649010610079576,0.78615,0.28265,0.9118,0.0843850875751366
2008,4,2008-04,Ayah,0.7687008771929824,0.8258000000000001,0.1242,0.9459000000000001,0.1284915859034044
2008,4,2008-04,Buayan,0.7150986185383245,0.7497,0.08375,0.9318500000000001,0.1327111930056498
2008,4,2008-04,Puring,0.59695663064833,0.657675,0.037200000000000004,0.8737,0.19972645752799711
2008,4,2008-04,Petanahan,0.5570887096774194,0.5492250000000001,0.096,0.8612500000000001,0.21388465022616124
2008,4,2008-04,Klirong,0.6246441389290883,0.6495500000000001,0.1458,0.86265,0.157396292223593
2008,4,2008-04,Buluspesantren,0.58386790499391,0.57935,0.26815,0.85245,0.16266044335260046
2008,4,2008-04,Ambal,0.5668991633858268,0.5367000000000001,0.0646,0.87375,0.16909313825903247
2008,4,2008-04,Mirit,0.5755022009029346,0.5779750000000001,-0.0675,0.8547,0.141144467711179
2008,4,2008-04,Prembun,0.5946532911392406,0.59855,0.08585000000000001,0.8273,0.15683878940678586
2008,4,2008-04,Kutowinangun,0.6311607079646019,0.66005,0.2738,0.8969,0.14526589260208705
2008,4,2008-04,Alian,0.7089175026680897,0.75355,0.225,0.8802000000000001,0.12838244130648252
2008,4,2008-04,Kebumen,0.505588910761155,0.49010000000000004,0.2447,0.8465,0.13362355898864753
2008,4,2008-04,Pejagoan,0.6847929553264606,0.7095250000000001,0.30945,0.9367500000000001,0.13771936831519183
2008,4,2008-04,Sruweng,0.6447266846361186,0.69285,0.22240000000000001,0.9319500000000001,0.18485990002428002
2008,4,2008-04,Adimulyo,0.4773419916434541,0.48502500000000004,0.15145,0.7399,0.11979882891789972
2008,4,2008-04,Kuwarasan,0.52469795221843,0.53435,0.14275000000000002,0.8411500000000001,0.11717366871081276
2008,4,2008-04,Rowokele,0.7377988372093023,0.78135,0.28340000000000004,0.9088,0.1319015712684182
2008,4,2008-04,Sempor,0.7341609287925697,0.76465,0.19615000000000002,0.92605,0.09524159077188724
2008,4,2008-04,Gombong,0.5354942598187311,0.5228,0.3284,0.8283,0.10567741234836084
2008,4,2008-04,Karanganyar,0.6809252427184467,0.7552,0.19295,0.9282,0.16738469781265639
2008,4,2008-04,Karanggayam,0.7554190502183405,0.777225,0.40840000000000004,0.9091,0.07596559298993123
2008,4,2008-04,Sadang,0.7843108359133127,0.80205,0.4061,0.9218500000000001,0.07971019241115812
2008,4,2008-04,Bonorowo,0.5428480555555555,0.5558000000000001,0.18725,0.7513000000000001,0.10569831024139319
2008,4,2008-04,Padureso,0.7632884174311928,0.7805250000000001,0.4162,0.8702000000000001,0.07347322655675749
2008,4,2008-04,Poncowarno,0.7121660439560441,0.7258,0.4686,0.8412000000000001,0.07923840162473006
2008,4,2008-04,Karangsambung,0.7388938549955791,0.7548,0.33,0.9057000000000001,0.09078150175462094
2008,5,2008-05,Ayah,0.7748311643835617,0.814675,0.2056,0.91995,0.10512911173497352
2008,5,2008-05,Buayan,0.7748336314847943,0.7853000000000001,0.36000000000000004,0.9025500000000001,0.07014467062468023
2008,5,2008-05,Puring,0.6415351364522417,0.664275,0.2607,0.8458,0.13102892620995496
2008,5,2008-05,Petanahan,0.6750924760601916,0.6963,0.28955000000000003,0.8945000000000001,0.10630552714092091
2008,5,2008-05,Klirong,0.6501776504297996,0.6611750000000001,0.23820000000000002,0.8386,0.09832783097544792
2008,5,2008-05,Buluspesantren,0.6118949760765551,0.654075,0.16790000000000002,0.8349500000000001,0.14058034100610148
2008,5,2008-05,Ambal,0.526046301775148,0.5495000000000001,-0.061200000000000004,0.8341500000000001,0.17523504830222433
2008,5,2008-05,Mirit,0.5392625431530494,0.5357000000000001,0.08020000000000001,0.8421500000000001,0.1420835113322327
2008,5,2008-05,Prembun,0.6309320253164558,0.66095,0.27905,0.8302,0.11823213813104007
2008,5,2008-05,Kutowinangun,0.6296458407079647,0.69765,0.1877,0.8304,0.15842413970169578
2008,5,2008-05,Alian,0.7171339381003202,0.7427,0.28975,0.84945,0.09351992485848809
2008,5,2008-05,Kebumen,0.5799547900262467,0.58155,0.3083,0.8398,0.11712976066463579
2008,5,2008-05,Pejagoan,0.7139029209621993,0.7619,0.3627,0.8402000000000001,0.1117137461279596
2008,5,2008-05,Sruweng,0.7297332884097034,0.7618,0.4278,0.8439000000000001,0.0920693211440429
2008,5,2008-05,Adimulyo,0.672542339832869,0.7139250000000001,0.22225,0.9222,0.12957399367490768
2008,5,2008-05,Kuwarasan,0.746155119453925,0.7690000000000001,0.33225,0.9047000000000001,0.08543086605445999
2008,5,2008-05,Rowokele,0.7908584717607974,0.8115,0.38985000000000003,0.8863000000000001,0.06771526368129639
2008,5,2008-05,Sempor,0.7524817027863778,0.7715500000000001,0.3183,0.8701000000000001,0.06956351905839601
2008,5,2008-05,Gombong,0.7290489425981873,0.7517,0.36615000000000003,0.8794000000000001,0.09645788245657154
2008,5,2008-05,Karanganyar,0.7527501941747573,0.7741,0.4873,0.8613000000000001,0.07067107845547134
2008,5,2008-05,Karanggayam,0.7267673580786027,0.7421500000000001,0.37075,0.88515,0.0763340100698749
2008,5,2008-05,Sadang,0.756435552115583,0.7824500000000001,0.40585000000000004,0.8991,0.08939868205215414
2008,5,2008-05,Bonorowo,0.5345188888888889,0.55525,0.1198,0.77605,0.14238329106241868
2008,5,2008-05,Padureso,0.7691119266055046,0.7746500000000001,0.43245,0.83735,0.04356874874184929
2008,5,2008-05,Poncowarno,0.724058021978022,0.7326,0.52205,0.8975500000000001,0.07027926152488397
2008,5,2008-05,Karangsambung,0.7326267462422635,0.7421,0.2998,0.87985,0.08242150086582087
2008,6,2008-06,Ayah,0.7522354118552733,0.7762,-0.0405,0.89675,0.10107242095239599
2008,6,2008-06,Buayan,0.7252072710951527,0.73915,0.43520000000000003,0.8805000000000001,0.07551285010257605
2008,6,2008-06,Puring,0.6826299319727891,0.7147,0.1855,0.87455,0.11691563845005468
2008,6,2008-06,Petanahan,0.7755138095238095,0.7907500000000001,0.24630000000000002,0.8756,0.0727269841314878
2008,6,2008-06,Klirong,0.7184296023564065,0.74695,0.3447,0.8931,0.12079707262197718
2008,6,2008-06,Buluspesantren,0.7116797413793102,0.7488750000000001,0.21630000000000002,0.8844000000000001,0.12508798257934514
2008,6,2008-06,Ambal,0.6385379778672032,0.6629750000000001,0.025900000000000003,0.8058500000000001,0.11173397710037676
2008,6,2008-06,Mirit,0.6157414414414415,0.6507750000000001,0.0799,0.8753000000000001,0.14037405832257355
2008,6,2008-06,Prembun,0.703593924050633,0.7140000000000001,0.41545000000000004,0.8534,0.07879378702965892
2008,6,2008-06,Kutowinangun,0.7054511504424779,0.71545,0.4048,0.8541000000000001,0.07446698635099051
2008,6,2008-06,Alian,0.7026567235859124,0.7133,0.43260000000000004,0.88265,0.06843445139955431
2008,6,2008-06,Kebumen,0.7102805774278215,0.728075,0.2958,0.88005,0.10746546220830942
2008,6,2008-06,Pejagoan,0.7163647766323025,0.7411500000000001,0.4504,0.8378,0.07076848140482665
2008,6,2008-06,Sruweng,0.7495777628032345,0.75695,0.5044000000000001,0.8629,0.05002443140419499
2008,6,2008-06,Adimulyo,0.7674062674094709,0.77085,0.5322,0.86905,0.04624973148753882
2008,6,2008-06,Kuwarasan,0.7443649317406144,0.75275,0.40590000000000004,0.8571000000000001,0.06629777338427034
2008,6,2008-06,Rowokele,0.7672727574750831,0.7786000000000001,0.47035000000000005,0.88395,0.06732271941251497
2008,6,2008-06,Sempor,0.7112824458204335,0.72865,-0.013250000000000001,0.8641500000000001,0.0843884216334366
2008,6,2008-06,Gombong,0.6305033232628399,0.64835,0.35495000000000004,0.7663500000000001,0.08274127606818117
2008,6,2008-06,Karanganyar,0.7234135922330097,0.73045,0.39545,0.8209000000000001,0.05268181545209762
2008,6,2008-06,Karanggayam,0.6831713155021834,0.69165,0.35555000000000003,0.83165,0.07634646655777064
2008,6,2008-06,Sadang,0.7469297213622292,0.7621,0.5119,0.8649,0.07504807158434634
2008,6,2008-06,Bonorowo,0.7048465277777777,0.739,0.35760000000000003,0.87695,0.11012570119791548
2008,6,2008-06,Padureso,0.7204258027522936,0.7260500000000001,0.22765000000000002,0.8295,0.06334434350211064
2008,6,2008-06,Poncowarno,0.6862982417582418,0.69155,0.47505000000000003,0.8268500000000001,0.08157266340196943
2008,6,2008-06,Karangsambung,0.6986100795755968,0.7068,0.26185,0.8469500000000001,0.07966536927103296
2008,7,2008-07,Ayah,0.6740383561643836,0.6995750000000001,0.1116,0.8784000000000001,0.10574909593638016
2008,7,2008-07,Buayan,0.6144167261373774,0.6313000000000001,0.014100000000000001,0.83925,0.1169767054773719
2008,7,2008-07,Puring,0.5774473187686197,0.596,-0.07970000000000001,0.7674500000000001,0.12017409593760103
2008,7,2008-07,Petanahan,0.6097669157608696,0.6237,0.0364,0.8092,0.09034300591973055
2008,7,2008-07,Klirong,0.6272147612156295,0.6572,0.3042,0.7978000000000001,0.09267561129159867
2008,7,2008-07,Buluspesantren,0.6349578850855745,0.661575,0.25170000000000003,0.80605,0.11160582307963433
2008,7,2008-07,Ambal,0.6660780341023069,0.7170000000000001,0.0018000000000000002,0.8526,0.1460040519764004
2008,7,2008-07,Mirit,0.654797149372862,0.6839000000000001,-0.039400000000000004,0.87275,0.13603800739483074
2008,7,2008-07,Prembun,0.6474117721518987,0.6575500000000001,0.36460000000000004,0.8187500000000001,0.08990021511582794
2008,7,2008-07,Kutowinangun,0.6722581415929204,0.68215,0.37670000000000003,0.83075,0.0877331264320238
2008,7,2008-07,Alian,0.6392475987193169,0.64375,0.37775000000000003,0.81045,0.06721187335628252
2008,7,2008-07,Kebumen,0.6131133858267717,0.6191,0.2553,0.8149500000000001,0.09693036927344448
2008,7,2008-07,Pejagoan,0.6293471649484537,0.6477250000000001,0.41515,0.7665500000000001,0.07312653420509604
2008,7,2008-07,Sruweng,0.6301638814016173,0.64935,0.37685,0.77615,0.07676216048093111
2008,7,2008-07,Adimulyo,0.5505005571030641,0.557625,0.30510000000000004,0.7637,0.09615518912999739
2008,7,2008-07,Kuwarasan,0.4967912116040956,0.5086999999999999,0.2661,0.7066,0.11079620683585974
2008,7,2008-07,Rowokele,0.6693192137320044,0.68345,0.28290000000000004,0.8624,0.11889265189013223
2008,7,2008-07,Sempor,0.6153224148606812,0.6413,-0.1699,0.7855000000000001,0.11196724316029966
2008,7,2008-07,Gombong,0.4264584592145016,0.40625,0.25930000000000003,0.7140500000000001,0.0964602162926936
2008,7,2008-07,Karanganyar,0.5939500970873788,0.61755,0.3477,0.7705000000000001,0.09730589373877234
2008,7,2008-07,Karanggayam,0.5942881550218342,0.59345,0.31185,0.8087000000000001,0.0827090950495196
2008,7,2008-07,Sadang,0.6838931888544892,0.6980500000000001,0.41325,0.8499,0.09649651223289338
2008,7,2008-07,Bonorowo,0.7298054166666668,0.7430000000000001,0.5191,0.8433,0.06515109877852109
2008,7,2008-07,Padureso,0.6538864678899083,0.6610750000000001,0.21815,0.7938500000000001,0.06806672328807649
2008,7,2008-07,Poncowarno,0.621454065934066,0.62375,0.4248,0.7837500000000001,0.08410735852583563
2008,7,2008-07,Karangsambung,0.6258505305039789,0.6284500000000001,0.2093,0.8117500000000001,0.08413440112878601
2008,8,2008-08,Ayah,0.6512509111617313,0.6714,0.0412,0.8763000000000001,0.11365272223312428
2008,8,2008-08,Buayan,0.5911376559714795,0.60055,0.1935,0.86255,0.11308717573223662
2008,8,2008-08,Puring,0.5010772216547498,0.49285,0.26595,0.7684000000000001,0.11674533395405498
2008,8,2008-08,Petanahan,0.5003601214574899,0.5092,0.0814,0.7881,0.13333965634006537
2008,8,2008-08,Klirong,0.5287911420204978,0.5415,0.2358,0.7637,0.10823966320594271
2008,8,2008-08,Buluspesantren,0.5367974607013302,0.5464,0.2066,0.74605,0.1018703884627281
2008,8,2008-08,Ambal,0.5745444041450777,0.58445,0.022600000000000002,0.747,0.09598080823267374
2008,8,2008-08,Mirit,0.5465952595936795,0.5676749999999999,-0.0205,0.75465,0.11491748430885607
2008,8,2008-08,Prembun,0.5480932911392405,0.55055,0.2944,0.7639,0.0899204378948063
2008,8,2008-08,Kutowinangun,0.5504143362831858,0.55935,0.28245000000000003,0.7498,0.0928371195108549
2008,8,2008-08,Alian,0.46154242262540024,0.45115,0.24005,0.78505,0.08840219318595022
2008,8,2008-08,Kebumen,0.4423129921259843,0.44185,0.1715,0.71585,0.09499525866313016
2008,8,2008-08,Pejagoan,0.46442018900343646,0.45365,0.22955,0.7218,0.10501441330692637
2008,8,2008-08,Sruweng,0.47608490566037737,0.463225,0.2073,0.79045,0.09428664838282266
2008,8,2008-08,Adimulyo,0.5438722841225627,0.566575,0.2906,0.7055,0.09618986841011339
2008,8,2008-08,Kuwarasan,0.6011212457337883,0.61775,0.32915,0.7552,0.08691997504266456
2008,8,2008-08,Rowokele,0.5501969545957919,0.54315,0.22795,0.88085,0.10839864638612681
2008,8,2008-08,Sempor,0.46296959752321976,0.45575000000000004,-0.0505,0.786,0.10718328138956904
2008,8,2008-08,Gombong,0.5401463746223565,0.5371,0.24650000000000002,0.7474000000000001,0.0939510801973044
2008,8,2008-08,Karanganyar,0.46840398058252425,0.4605,0.21605000000000002,0.7201500000000001,0.0917486803094404
2008,8,2008-08,Karanggayam,0.4083248362445415,0.39435,0.1494,0.8173,0.09629164769832274
2008,8,2008-08,Sadang,0.46635423116615066,0.46455,0.27285000000000004,0.84955,0.0929153133323753
2008,8,2008-08,Bonorowo,0.5874931944444444,0.59605,0.4127,0.7155,0.06695057102541291
2008,8,2008-08,Padureso,0.5233237385321101,0.520375,0.2199,0.81,0.10138069655943674
2008,8,2008-08,Poncowarno,0.5493048351648353,0.5538500000000001,0.267,0.7563500000000001,0.09953710854058993
2008,8,2008-08,Karangsambung,0.41830207780725026,0.4055,0.17835,0.8450000000000001,0.09407813931848301
2008,9,2008-09,Ayah,0.587538735632184,0.6109,0.041800000000000004,0.8832000000000001,0.12498016562765904
2008,9,2008-09,Buayan,0.5477198752228164,0.5611250000000001,0.18845,0.8442500000000001,0.12721631675756276
2008,9,2008-09,Puring,0.48951750493096646,0.47650000000000003,-0.0098,0.7806000000000001,0.13222715994159592
2008,9,2008-09,Petanahan,0.5030518342391305,0.518875,0.055200000000000006,0.7907000000000001,0.14696336527763632
2008,9,2008-09,Klirong,0.553714828614009,0.5604,0.2328,0.8028000000000001,0.1104197634726597
2008,9,2008-09,Buluspesantren,0.5404665249088699,0.5668000000000001,0.016800000000000002,0.9084000000000001,0.13578623909712817
2008,9,2008-09,Ambal,0.4655306726907631,0.45025000000000004,0.035300000000000005,0.7978500000000001,0.13858451635425173
2008,9,2008-09,Mirit,0.4810341807909605,0.48825,-0.0317,0.8087500000000001,0.12706986195612727
2008,9,2008-09,Prembun,0.5192264556962025,0.52175,0.24305000000000002,0.88095,0.09558758434602685
2008,9,2008-09,Kutowinangun,0.46873584070796465,0.46865,0.2388,0.8046500000000001,0.09206329687433998
2008,9,2008-09,Alian,0.44696403415154756,0.45485000000000003,0.23285,0.7191000000000001,0.07982551240744336
2008,9,2008-09,Kebumen,0.45608490813648295,0.44075000000000003,0.2363,0.78115,0.11392283518778197
2008,9,2008-09,Pejagoan,0.4980628865979382,0.5041500000000001,0.2416,0.81005,0.09088281325194833
2008,9,2008-09,Sruweng,0.5093226415094341,0.5159750000000001,0.22440000000000002,0.8056500000000001,0.08596889085540897
2008,9,2008-09,Adimulyo,0.49796942896935936,0.49572499999999997,0.26005,0.72275,0.09459940573130313
2008,9,2008-09,Kuwarasan,0.5488731228668943,0.562575,0.14895,0.8006500000000001,0.11577271472466513
2008,9,2008-09,Rowokele,0.5726212624584718,0.5820000000000001,0.21455000000000002,0.9056500000000001,0.1304822536304092
2008,9,2008-09,Sempor,0.5397503405572756,0.5475,-0.0298,0.75455,0.09588846863044946
2008,9,2008-09,Gombong,0.4243823262839879,0.42910000000000004,0.22645,0.6948000000000001,0.08413200082169756
2008,9,2008-09,Karanganyar,0.4856326213592233,0.4882,0.2639,0.7065,0.08789115518155337
2008,9,2008-09,Karanggayam,0.46482655567685593,0.45720000000000005,0.1568,0.7899,0.09190810699450562
2008,9,2008-09,Sadang,0.5571092363261094,0.5582,0.2665,0.8383,0.13190673253697435
2008,9,2008-09,Bonorowo,0.5676405555555556,0.5784,0.32315,0.85275,0.09404816345730181
2008,9,2008-09,Padureso,0.5031036697247707,0.51715,0.1341,0.7468,0.09176319573793029
2008,9,2008-09,Poncowarno,0.46755054945054947,0.46285000000000004,0.2288,0.7968000000000001,0.11174673289579842
2008,9,2008-09,Karangsambung,0.47290618921308575,0.46755,0.20450000000000002,0.76525,0.09472610034389718
2008,10,2008-10,Ayah,0.5659686733128835,0.5715,0.0067,0.9155500000000001,0.19760727421311247
2008,10,2008-10,Buayan,0.5735549063336307,0.58265,0.017,0.9056000000000001,0.17282975801906048
2008,10,2008-10,Puring,0.5545369059656219,0.57855,0.0234,0.80855,0.1620214883822696
2008,10,2008-10,Petanahan,0.49906239946380704,0.504775,-0.0017000000000000001,0.80595,0.16729933064998073
2008,10,2008-10,Klirong,0.5446899850523169,0.5644,0.11510000000000001,0.79195,0.1297512416620927
2008,10,2008-10,Buluspesantren,0.5440278728606357,0.5593,-0.012700000000000001,0.7941,0.1291832876287244
2008,10,2008-10,Ambal,0.5132511746680286,0.5038,0.16755,0.8108500000000001,0.14052862934333551
2008,10,2008-10,Mirit,0.4991158013544018,0.51465,0.0037,0.7984,0.12233140832850525
2008,10,2008-10,Prembun,0.44678215189873416,0.43910000000000005,0.03495,0.81955,0.12089053482094198
2008,10,2008-10,Kutowinangun,0.4584210619469027,0.4459,0.1189,0.8166,0.10392591408470409
2008,10,2008-10,Alian,0.4640742796157951,0.45235000000000003,0.07645,0.7988500000000001,0.1080921412407655
2008,10,2008-10,Kebumen,0.442309251968504,0.433325,0.1935,0.79445,0.10928705226608504
2008,10,2008-10,Pejagoan,0.5055469072164949,0.50465,0.17485,0.82955,0.12207942065507751
2008,10,2008-10,Sruweng,0.4580245956873315,0.4567,0.12255,0.8572000000000001,0.12763199049670854
2008,10,2008-10,Adimulyo,0.41286552924791087,0.417075,0.08605,0.7222500000000001,0.12330764377369609
2008,10,2008-10,Kuwarasan,0.4087167235494881,0.399575,0.06485,0.85435,0.1384447608950913
2008,10,2008-10,Rowokele,0.5083263012181617,0.5078,0.1346,0.82645,0.13252185959320048
2008,10,2008-10,Sempor,0.47426328173374616,0.47515,0.1272,0.8602000000000001,0.11954410017672575
2008,10,2008-10,Gombong,0.3889214501510574,0.37360000000000004,0.17950000000000002,0.67035,0.10256288989098993
2008,10,2008-10,Karanganyar,0.4958103883495146,0.4772,0.1414,0.8897,0.1328135148691127
2008,10,2008-10,Karanggayam,0.5321205786026201,0.538575,0.11460000000000001,0.82365,0.10979666341738707
2008,10,2008-10,Sadang,0.5580350361197111,0.55035,0.13770000000000002,0.8763500000000001,0.13690544586447845
2008,10,2008-10,Bonorowo,0.5736679166666667,0.5836250000000001,0.24330000000000002,0.7612,0.09234327544153302
2008,10,2008-10,Padureso,0.48270573394495414,0.4938,0.1762,0.81455,0.08924937225982742
2008,10,2008-10,Poncowarno,0.48436989010989007,0.47175,0.18380000000000002,0.7087,0.09082386834102303
2008,10,2008-10,Karangsambung,0.49837855879752435,0.4978,0.14835,0.8159500000000001,0.13029477230550046
2008,11,2008-11,Ayah,0.692584841453983,0.7426,0.0618,0.9585,0.15484063304518902
2008,11,2008-11,Buayan,0.5801426258992806,0.5803,0.057600000000000005,0.9655,0.20479468389959812
2008,11,2008-11,Puring,0.5445739345887018,0.607,-0.1165,0.9532,0.24537970948720972
2008,11,2008-11,Petanahan,0.5182579161028418,0.5015000000000001,0.050100000000000006,0.9001,0.2544589499586537
2008,11,2008-11,Klirong,0.5713411510791366,0.5886,0.0644,0.8901,0.20110174626231905
2008,11,2008-11,Buluspesantren,0.497406411837238,0.5196000000000001,0.006,0.8173,0.1819716883802495
2008,11,2008-11,Ambal,0.413245987654321,0.40650000000000003,0.005200000000000001,0.8275,0.17816171289222388
2008,11,2008-11,Mirit,0.37179781357882624,0.3584,-0.012400000000000001,0.9237000000000001,0.14136063041672298
2008,11,2008-11,Prembun,0.45160784810126586,0.4398,0.0684,0.9897,0.16822565801433703
2008,11,2008-11,Kutowinangun,0.5440961061946903,0.5615,0.11040000000000001,0.8099000000000001,0.16017860745344004
2008,11,2008-11,Alian,0.5522463180362861,0.5745,0.0639,0.9409000000000001,0.18074748103213892
2008,11,2008-11,Kebumen,0.4308629921259842,0.42380000000000007,0.0763,0.9307000000000001,0.16976067945554976
2008,11,2008-11,Pejagoan,0.5492190721649485,0.553,0.0911,0.8872,0.16469358217861124
2008,11,2008-11,Sruweng,0.5750421832884096,0.6149,0.0733,0.9573,0.20650850432376022
2008,11,2008-11,Adimulyo,0.36526253481894144,0.3745,-0.0431,0.7301000000000001,0.15861465384793966
2008,11,2008-11,Kuwarasan,0.38044778156996584,0.35785,-0.027,0.7986000000000001,0.1787808348168476
2008,11,2008-11,Rowokele,0.6007104097452934,0.6364000000000001,0.12860000000000002,0.9897,0.202378128269673
2008,11,2008-11,Sempor,0.5457070588235294,0.5337000000000001,0.0716,0.9903000000000001,0.16176325934529145
2008,11,2008-11,Gombong,0.38652054380664663,0.35600000000000004,0.0952,0.8496,0.13295393632834934
2008,11,2008-11,Karanganyar,0.5492460194174759,0.5853,-0.0713,0.8619,0.19916926644878521
2008,11,2008-11,Karanggayam,0.5881688864628821,0.6208,0.0912,0.9473,0.15795346937024296
2008,11,2008-11,Sadang,0.7028932920536636,0.7624000000000001,0.1734,0.9205000000000001,0.14159090195127289
2008,11,2008-11,Bonorowo,0.2769016666666667,0.2642,0.10940000000000001,0.8869,0.10455524482035536
2008,11,2008-11,Padureso,0.504502752293578,0.4979,0.0729,0.9105000000000001,0.13963144161626967
2008,11,2008-11,Poncowarno,0.49875208791208797,0.49250000000000005,0.0577,0.9657,0.17335074078528034
2008,11,2008-11,Karangsambung,0.5918170645446508,0.6036,0.12000000000000001,0.8833000000000001,0.1522460478919625
2008,12,2008-12,Ayah,0.5965872526636226,0.61185,0.025,0.8744000000000001,0.12830024107520588
2008,12,2008-12,Buayan,0.6424779714030384,0.6565500000000001,-0.027100000000000003,0.92725,0.12633746130200302
2008,12,2008-12,Puring,0.5717794757665678,0.5901500000000001,0.062200000000000005,0.8894000000000001,0.19221460436496282
2008,12,2008-12,Petanahan,0.5624005347593584,0.557775,0.1395,0.8510500000000001,0.15247679143019677
2008,12,2008-12,Klirong,0.5423989751098097,0.54925,0.12345,0.8571000000000001,0.1678386189314191
2008,12,2008-12,Buluspesantren,0.491711898890259,0.50165,0.10225000000000001,0.8642000000000001,0.17028792237741036
2008,12,2008-12,Ambal,0.4301080482897384,0.433175,0.0108,0.8738,0.1816271494964863
2008,12,2008-12,Mirit,0.44560934684684683,0.4363,0.0285,0.9569000000000001,0.17116018275729414
2008,12,2008-12,Prembun,0.48057898734177223,0.49205000000000004,0.0548,0.86165,0.15031047097607828
2008,12,2008-12,Kutowinangun,0.48002283185840705,0.4829,0.13255,0.7836500000000001,0.13954546441213445
2008,12,2008-12,Alian,0.5330628601921025,0.53025,0.19305,0.9164,0.127004207329256
2008,12,2008-12,Kebumen,0.4077094488188977,0.391025,0.1278,0.80805,0.11003917688158871
2008,12,2008-12,Pejagoan,0.5415469072164948,0.544875,0.2087,0.8653000000000001,0.1324514345570024
2008,12,2008-12,Sruweng,0.6117999326145552,0.6185499999999999,0.2149,0.91195,0.12487129153974538
2008,12,2008-12,Adimulyo,0.5221394846796658,0.52235,0.051050000000000005,0.8741,0.142365119805378
2008,12,2008-12,Kuwarasan,0.5447508532423209,0.5608500000000001,0.1464,0.8307,0.11568641457856367
2008,12,2008-12,Rowokele,0.5706307308970099,0.60375,0.0994,0.91395,0.156364106595342
2008,12,2008-12,Sempor,0.49956984520123837,0.49495,0.08525,0.95125,0.16965167875111642
2008,12,2008-12,Gombong,0.5243297583081572,0.5214500000000001,0.24705000000000002,0.8520000000000001,0.12725029347102199
2008,12,2008-12,Karanganyar,0.6693500970873786,0.68125,0.15585000000000002,0.9390000000000001,0.13848413937781423
2008,12,2008-12,Karanggayam,0.5214288755458516,0.518625,0.08325,0.91335,0.15251915737549288
2008,12,2008-12,Sadang,0.4469545407636739,0.42715000000000003,0.08935,0.92835,0.14975591304957997
2008,12,2008-12,Bonorowo,0.34727458333333333,0.33377500000000004,0.056100000000000004,0.7927000000000001,0.1374576819721609
2008,12,2008-12,Padureso,0.5296141055045872,0.5348,0.20520000000000002,0.8068000000000001,0.11503536961817747
2008,12,2008-12,Poncowarno,0.513589120879121,0.51375,0.1689,0.75585,0.11193483434519608
2008,12,2008-12,Karangsambung,0.5067392572944297,0.507,0.1583,0.9116500000000001,0.12549284500926738
2009,1,2009-01,Ayah,0.7563299463190185,0.7636750000000001,0.1961,0.9790000000000001,0.0856571035069992
2009,1,2009-01,Buayan,0.7621211160714285,0.76495,0.3795,0.91725,0.06696233088264272
2009,1,2009-01,Puring,0.7054005397448478,0.71185,-0.0302,0.9155000000000001,0.1095369571538984
2009,1,2009-01,Petanahan,0.7558388964577657,0.775525,0.12240000000000001,0.92695,0.10870675639336745
2009,1,2009-01,Klirong,0.6931398414985591,0.6997,0.2041,0.9048,0.10143296455345116
2009,1,2009-01,Buluspesantren,0.6784105839416058,0.7010000000000001,0.0451,0.9134500000000001,0.12928964915825383
2009,1,2009-01,Ambal,0.6866806955645162,0.705225,0.025500000000000002,0.88915,0.11151875216525707
2009,1,2009-01,Mirit,0.6268912300683371,0.643,0.054900000000000004,0.8639,0.11435753241136266
2009,1,2009-01,Prembun,0.6694072151898735,0.6838500000000001,0.36405000000000004,0.8527,0.09763535598890535
2009,1,2009-01,Kutowinangun,0.6985326548672568,0.7186,0.32495,0.88585,0.10538363237942909
2009,1,2009-01,Alian,0.6974773212379937,0.7058,0.4249,0.9045000000000001,0.09143769341777364
2009,1,2009-01,Kebumen,0.6572018372703413,0.662,0.3559,0.89515,0.09793998669593419
2009,1,2009-01,Pejagoan,0.7284688144329896,0.7435,0.41895000000000004,0.9338500000000001,0.09131097371111588
2009,1,2009-01,Sruweng,0.7666601078167116,0.774275,0.46125000000000005,0.9303,0.06608571778075457
2009,1,2009-01,Adimulyo,0.7734949860724235,0.7876500000000001,0.5205500000000001,0.9038,0.05753668966243873
2009,1,2009-01,Kuwarasan,0.7717880546075085,0.777425,0.58855,0.8886000000000001,0.057833575834685944
2009,1,2009-01,Rowokele,0.7175378737541528,0.7553500000000001,0.048850000000000005,0.90205,0.14240806303431175
2009,1,2009-01,Sempor,0.6962430959752323,0.7263000000000001,0.16355,0.928,0.11636229153795023
2009,1,2009-01,Gombong,0.725187915407855,0.7445,0.27065,0.8858,0.10249858530689239
2009,1,2009-01,Karanganyar,0.7869628155339805,0.7986500000000001,0.511,0.9431,0.06933940319733138
2009,1,2009-01,Karanggayam,0.7494254093886462,0.7606,0.42760000000000004,0.9452,0.07465294497978994
2009,1,2009-01,Sadang,0.730016718266254,0.7459,0.32025000000000003,0.8689,0.08576904413030316
2009,1,2009-01,Bonorowo,0.5310638888888889,0.55235,0.08995,0.80745,0.12342506015297473
2009,1,2009-01,Padureso,0.7384510321100918,0.7453000000000001,0.40475,0.91315,0.06831698618205409
2009,1,2009-01,Poncowarno,0.7038754945054946,0.7092,0.42075,0.90805,0.07567487388059115
2009,1,2009-01,Karangsambung,0.7264164014146773,0.74045,0.41735,0.9023,0.0779046180696727
2009,2,2009-02,Ayah,0.7665330275229358,0.791,0.17300000000000001,0.8984500000000001,0.08896763541613022
2009,2,2009-02,Buayan,0.7557269402319359,0.77085,0.1532,0.91135,0.08613897410758825
2009,2,2009-02,Puring,0.6927001924927816,0.7196,0.0412,0.81705,0.09688204619951575
2009,2,2009-02,Petanahan,0.7237184636118599,0.72965,0.3476,0.84435,0.06263183364966059
2009,2,2009-02,Klirong,0.7114408827785818,0.731,0.3345,0.8587,0.07771402693207503
2009,2,2009-02,Buluspesantren,0.7134286509900991,0.7498,0.222,0.8501000000000001,0.09684233536960263
2009,2,2009-02,Ambal,0.7329688622754491,0.781425,0.09190000000000001,0.89575,0.14076674850097207
2009,2,2009-02,Mirit,0.7170120092378753,0.7493750000000001,0.0845,0.89985,0.12101961188526031
2009,2,2009-02,Prembun,0.7408017721518988,0.74,0.48605000000000004,0.8411500000000001,0.05028253273379634
2009,2,2009-02,Kutowinangun,0.7677329203539823,0.77635,0.4295,0.84365,0.04957171666627497
2009,2,2009-02,Alian,0.7697744397011741,0.77435,0.45505,0.8975000000000001,0.04409933364206682
2009,2,2009-02,Kebumen,0.7218980971128609,0.7406250000000001,0.35425,0.8778,0.0902920414125299
2009,2,2009-02,Pejagoan,0.7609878865979381,0.7866500000000001,0.4792,0.8717,0.0741702080559257
2009,2,2009-02,Sruweng,0.7637240566037736,0.77405,0.4904,0.83555,0.04871690518213465
2009,2,2009-02,Adimulyo,0.7486607242339833,0.752,0.5762,0.8379500000000001,0.03374421331642754
2009,2,2009-02,Kuwarasan,0.7310121160409556,0.736,0.5963,0.80195,0.038057957283427826
2009,2,2009-02,Rowokele,0.7344088039867108,0.7465,0.44275000000000003,0.8520000000000001,0.07311074502571546
2009,2,2009-02,Sempor,0.7549902476780186,0.77325,0.0981,0.8719,0.07085154074503142
2009,2,2009-02,Gombong,0.6359882175226587,0.6381,0.41800000000000004,0.78685,0.07739311534148785
2009,2,2009-02,Karanganyar,0.7529377669902914,0.76195,0.47915,0.8531000000000001,0.05619724344433474
2009,2,2009-02,Karanggayam,0.7612654475982533,0.769525,0.40525,0.8724500000000001,0.04981645250181066
2009,2,2009-02,Sadang,0.7667774509803922,0.7737,0.47250000000000003,0.86685,0.052708987889528026
2009,2,2009-02,Bonorowo,0.750763888888889,0.75325,0.44485,0.85585,0.06451655258225415
2009,2,2009-02,Padureso,0.775970756880734,0.783925,0.39080000000000004,0.8420500000000001,0.04838422137058879
2009,2,2009-02,Poncowarno,0.7774517582417582,0.7848,0.58035,0.8461000000000001,0.03633143716643915
2009,2,2009-02,Karangsambung,0.7537143236074271,0.762,0.38265000000000005,0.8560500000000001,0.06088646050202529
2009,3,2009-03,Ayah,0.7740905251141553,0.8073250000000001,0.08030000000000001,0.9437000000000001,0.09907959044717209
2009,3,2009-03,Buayan,0.7168870635631156,0.7685000000000001,0.24855000000000002,0.93515,0.12993728426800383
2009,3,2009-03,Puring,0.659883023483366,0.68705,-0.015300000000000001,0.892,0.1581112544529774
2009,3,2009-03,Petanahan,0.6251944519621109,0.6119,0.1398,0.8937,0.16486970860335975
2009,3,2009-03,Klirong,0.652222634643377,0.6651,0.21585000000000001,0.8803500000000001,0.12053627284804337
2009,3,2009-03,Buluspesantren,0.6021668726823239,0.6082500000000001,0.2596,0.8649,0.12714235535639637
2009,3,2009-03,Ambal,0.612299798183653,0.6177,0.12760000000000002,0.8432000000000001,0.1131294148330301
2009,3,2009-03,Mirit,0.6472157110091744,0.664075,-0.024300000000000002,0.8973500000000001,0.13545937974353653
2009,3,2009-03,Prembun,0.6743258227848101,0.6831,0.40765,0.81045,0.08331796107071544
2009,3,2009-03,Kutowinangun,0.6813875221238939,0.684,0.38180000000000003,0.8732000000000001,0.09515411764797442
2009,3,2009-03,Alian,0.7530932230522946,0.7765500000000001,0.41395000000000004,0.9054000000000001,0.08714072286293044
2009,3,2009-03,Kebumen,0.5783637795275591,0.57385,0.27140000000000003,0.86545,0.10864592857391815
2009,3,2009-03,Pejagoan,0.7241707903780069,0.778025,0.3234,0.9133,0.11631314989079969
2009,3,2009-03,Sruweng,0.6873483827493261,0.7685250000000001,0.27505,0.878,0.16281271779425469
2009,3,2009-03,Adimulyo,0.5579562674094708,0.5629500000000001,0.29250000000000004,0.7897000000000001,0.09011721063659336
2009,3,2009-03,Kuwarasan,0.545178071672355,0.5531250000000001,0.2446,0.7967500000000001,0.11727223495642114
2009,3,2009-03,Rowokele,0.73958438538206,0.7754000000000001,0.20850000000000002,0.90615,0.11170850261662342
2009,3,2009-03,Sempor,0.7500692879256965,0.7795500000000001,0.2667,0.916,0.10818092685878347
2009,3,2009-03,Gombong,0.4981543806646527,0.4722,0.27080000000000004,0.8497,0.11532361652822092
2009,3,2009-03,Karanganyar,0.7043266990291263,0.7753,0.21515,0.8915500000000001,0.1616159448563849
2009,3,2009-03,Karanggayam,0.7594230895196508,0.7636000000000001,0.45325000000000004,0.8997,0.05301990523523744
2009,3,2009-03,Sadang,0.7600273477812177,0.772,0.4656,0.90705,0.06034681440265767
2009,3,2009-03,Bonorowo,0.6427638888888889,0.6494500000000001,0.36495,0.8399500000000001,0.07125185057159249
2009,3,2009-03,Padureso,0.7727004587155963,0.7844500000000001,0.37770000000000004,0.8823000000000001,0.06957342599940129
2009,3,2009-03,Poncowarno,0.7532296703296704,0.771,0.32875000000000004,0.86985,0.0820205159198566
2009,3,2009-03,Karangsambung,0.7497936781609196,0.7673,0.307,0.8954000000000001,0.07575194051550488
2009,4,2009-04,Ayah,0.7221314589665654,0.75455,0.09190000000000001,0.9648500000000001,0.1406605906872692
2009,4,2009-04,Buayan,0.7520747992863515,0.7873,0.3306,0.9515,0.10987694432980058
2009,4,2009-04,Puring,0.6093936752988048,0.637175,0.0666,0.87905,0.1702713222612656
2009,4,2009-04,Petanahan,0.5632329234972677,0.5712,0.16585,0.8815500000000001,0.18189969352972332
2009,4,2009-04,Klirong,0.6173418759231907,0.6368,0.0551,0.8788,0.1570174970507588
2009,4,2009-04,Buluspesantren,0.6009030871670702,0.59475,0.23985,0.8657,0.1455398598482012
2009,4,2009-04,Ambal,0.5971680668016195,0.59235,0.2122,0.8833500000000001,0.14879686425374888
2009,4,2009-04,Mirit,0.589398224513173,0.5966,0.1295,0.8776,0.12652205474788406
2009,4,2009-04,Prembun,0.6100491139240507,0.6172000000000001,0.05215,0.82835,0.15015047247774754
2009,4,2009-04,Kutowinangun,0.6416651327433628,0.6727500000000001,0.1957,0.8591000000000001,0.14506595267319752
2009,4,2009-04,Alian,0.7170918356456778,0.7624000000000001,0.2096,0.8606,0.12975756120761195
2009,4,2009-04,Kebumen,0.5213603674540683,0.5026250000000001,0.24255000000000002,0.8399500000000001,0.13089536084074468
2009,4,2009-04,Pejagoan,0.703614089347079,0.7457750000000001,0.2937,0.9095500000000001,0.1302687318878781
2009,4,2009-04,Sruweng,0.6580966981132076,0.7313500000000001,0.22935,0.8864000000000001,0.17114871628340872
2009,4,2009-04,Adimulyo,0.5113892757660167,0.52195,0.10450000000000001,0.7926000000000001,0.1332968570241313
2009,4,2009-04,Kuwarasan,0.5630941979522185,0.5885750000000001,0.20305,0.77605,0.12870979779429187
2009,4,2009-04,Rowokele,0.7413222591362126,0.7707,0.3385,0.9056500000000001,0.10747724976292299
2009,4,2009-04,Sempor,0.7456609287925697,0.7746500000000001,0.14395,0.9227500000000001,0.093737762774856
2009,4,2009-04,Gombong,0.5551262839879154,0.54255,0.33475,0.8514,0.1014747027146426
2009,4,2009-04,Karanganyar,0.7249565048543689,0.77635,0.185,0.8933000000000001,0.12072239848728082
2009,4,2009-04,Karanggayam,0.7713051037117904,0.79215,0.36335,0.92115,0.07500629704198136
2009,4,2009-04,Sadang,0.7653261609907122,0.79345,0.39165,0.9043500000000001,0.08579954819762936
2009,4,2009-04,Bonorowo,0.52098,0.5272,0.18705000000000002,0.76095,0.11295156227093296
2009,4,2009-04,Padureso,0.7840290137614679,0.7992,0.08510000000000001,0.8489500000000001,0.06948934981225602
2009,4,2009-04,Poncowarno,0.7258800000000001,0.7411500000000001,0.36635,0.86965,0.08025169537766173
2009,4,2009-04,Karangsambung,0.7513225022104333,0.7701,0.369,0.8866,0.08361003383841217
2009,5,2009-05,Ayah,0.8087784073506891,0.8448,0.0737,0.9583,0.10623347442365787
2009,5,2009-05,Buayan,0.8256473967684022,0.831725,0.56125,0.9325,0.05335346791077867
2009,5,2009-05,Puring,0.7195535749751738,0.7485,0.23670000000000002,0.90605,0.12024050504615245
2009,5,2009-05,Petanahan,0.7367964477211797,0.7523500000000001,0.002,0.88985,0.09867569107008471
2009,5,2009-05,Klirong,0.7077270014556041,0.7160000000000001,0.16720000000000002,0.87665,0.09588696517096934
2009,5,2009-05,Buluspesantren,0.6657108774038463,0.690775,0.1077,0.8754500000000001,0.12661502800765476
2009,5,2009-05,Ambal,0.5959629870129871,0.64375,-0.024800000000000003,0.8733500000000001,0.19488242571180583
2009,5,2009-05,Mirit,0.5728657744874716,0.6013000000000001,-0.0307,0.8973500000000001,0.17430587711632994
2009,5,2009-05,Prembun,0.6544645569620253,0.68115,0.29145,0.8245,0.12023663281368678
2009,5,2009-05,Kutowinangun,0.6581800884955753,0.7202000000000001,0.21860000000000002,0.8469500000000001,0.15037899406414576
2009,5,2009-05,Alian,0.736684311632871,0.7705500000000001,0.1494,0.8492500000000001,0.10401692231270683
2009,5,2009-05,Kebumen,0.5933591863517059,0.60585,0.2944,0.86755,0.12284280429818394
2009,5,2009-05,Pejagoan,0.7485311855670104,0.80125,0.41190000000000004,0.9027000000000001,0.11330757456779471
2009,5,2009-05,Sruweng,0.7529572776280323,0.781725,0.4158,0.8966000000000001,0.09152018413835317
2009,5,2009-05,Adimulyo,0.7273465877437326,0.748,0.27375,0.89205,0.10107820067653328
2009,5,2009-05,Kuwarasan,0.7916720136518771,0.81215,0.3492,0.9031,0.0894865335458224
2009,5,2009-05,Rowokele,0.8295724806201551,0.8380000000000001,0.55405,0.9281,0.04319370921398963
2009,5,2009-05,Sempor,0.8067161919504644,0.8241,0.0489,0.90505,0.06736328174150089
2009,5,2009-05,Gombong,0.7796025679758308,0.8105,0.38825000000000004,0.9099,0.10888238111084007
2009,5,2009-05,Karanganyar,0.8055338834951457,0.8243,0.51,0.8994500000000001,0.06369661063414354
2009,5,2009-05,Karanggayam,0.7776808679039302,0.7978000000000001,0.39185000000000003,0.9196000000000001,0.06917129883003556
2009,5,2009-05,Sadang,0.7852379772961817,0.8190500000000001,0.41465,0.88285,0.08624142070033565
2009,5,2009-05,Bonorowo,0.5211555555555556,0.542375,-0.008150000000000001,0.77285,0.17027783467916396
2009,5,2009-05,Padureso,0.7946264908256879,0.8026500000000001,0.37110000000000004,0.8526,0.04524718341203564
2009,5,2009-05,Poncowarno,0.7561136263736263,0.7654500000000001,0.4908,0.8551500000000001,0.05739434134753658
2009,5,2009-05,Karangsambung,0.7630613174182139,0.78075,0.278,0.87675,0.08026077458173884
2009,6,2009-06,Ayah,0.8016984615384616,0.8255,0.2087,0.9801000000000001,0.07366759579835669
2009,6,2009-06,Buayan,0.7791952678571429,0.7984,0.187,0.90395,0.08825518567787048
2009,6,2009-06,Puring,0.7432712649402391,0.765925,0.44035,0.8776,0.0796163799207599
2009,6,2009-06,Petanahan,0.7808356948228884,0.7886500000000001,0.21200000000000002,0.87895,0.05048047940354271
2009,6,2009-06,Klirong,0.7608481186685964,0.77785,0.38180000000000003,0.8734500000000001,0.07451826185286413
2009,6,2009-06,Buluspesantren,0.7509316425120774,0.78095,0.2275,0.8786,0.0956325820205672
2009,6,2009-06,Ambal,0.7182758208955224,0.7351500000000001,0.0989,0.8694500000000001,0.09172646233766375
2009,6,2009-06,Mirit,0.6946215565509517,0.7188,0.12145,0.876,0.11316573283439953
2009,6,2009-06,Prembun,0.7343851898734177,0.7449,0.45895,0.84875,0.05584537458857834
2009,6,2009-06,Kutowinangun,0.7661492920353983,0.7745500000000001,0.4445,0.8672500000000001,0.05340034453033954
2009,6,2009-06,Alian,0.7691052294557097,0.77815,0.5632,0.87665,0.05217145042512963
2009,6,2009-06,Kebumen,0.7318221784776903,0.7469,0.30965000000000004,0.8743500000000001,0.09768293915157848
2009,6,2009-06,Pejagoan,0.761314175257732,0.79085,0.4864,0.8802500000000001,0.07482342106212517
2009,6,2009-06,Sruweng,0.7716201482479784,0.7818750000000001,0.44705,0.8646,0.05339683816976327
2009,6,2009-06,Adimulyo,0.744916504178273,0.7555000000000001,0.451,0.84835,0.05923802133094433
2009,6,2009-06,Kuwarasan,0.6797117747440274,0.68875,0.48095000000000004,0.8117000000000001,0.069396379696199
2009,6,2009-06,Rowokele,0.7839176633444076,0.8018500000000001,0.39985000000000004,0.9004000000000001,0.07660753973870259
2009,6,2009-06,Sempor,0.7623868730650156,0.7896500000000001,0.09505000000000001,0.87675,0.08635929767648552
2009,6,2009-06,Gombong,0.6030515105740182,0.6002000000000001,0.33905,0.8157000000000001,0.07950651941280103
2009,6,2009-06,Karanganyar,0.7348369902912621,0.76705,0.4156,0.87255,0.08869214217265621
2009,6,2009-06,Karanggayam,0.7619789847161573,0.775425,0.43465000000000004,0.8633500000000001,0.06172570348303654
2009,6,2009-06,Sadang,0.785165221878225,0.80495,0.5153,0.8847,0.0661302788063257
2009,6,2009-06,Bonorowo,0.6781247222222223,0.7259,0.1233,0.8580000000000001,0.13217977357216765
2009,6,2009-06,Padureso,0.7757985091743119,0.783175,0.33175,0.8460000000000001,0.04492781740132903
2009,6,2009-06,Poncowarno,0.7587965934065934,0.7635500000000001,0.6217,0.8440500000000001,0.045468241113260394
2009,6,2009-06,Karangsambung,0.7537454465075155,0.76815,0.272,0.8792500000000001,0.07515438080422704
2009,7,2009-07,Ayah,0.7649095364741642,0.8007500000000001,0.0303,0.9385,0.11686144054535395
2009,7,2009-07,Buayan,0.7190155913978494,0.7497,0.2641,0.93235,0.1276608682205689
2009,7,2009-07,Puring,0.6201326787512589,0.6353500000000001,0.1912,0.8527,0.12146354691709894
2009,7,2009-07,Petanahan,0.5877335607094134,0.5819500000000001,0.2881,0.8346,0.12706272362848547
2009,7,2009-07,Klirong,0.6443081765557165,0.63975,0.3171,0.85275,0.08808425060412227
2009,7,2009-07,Buluspesantren,0.630515,0.6342000000000001,0.18710000000000002,0.8248000000000001,0.09613608656200766
2009,7,2009-07,Ambal,0.6821520996093751,0.734225,0.0212,0.8349000000000001,0.1327725910552816
2009,7,2009-07,Mirit,0.680668058690745,0.714075,-0.025900000000000003,0.84065,0.11635238114565134
2009,7,2009-07,Prembun,0.6632653164556963,0.68135,0.3516,0.8544,0.09698406119649598
2009,7,2009-07,Kutowinangun,0.6954268141592921,0.70535,0.37720000000000004,0.80445,0.06540197807981861
2009,7,2009-07,Alian,0.7035395410885806,0.71355,0.5065500000000001,0.81355,0.05971535976255762
2009,7,2009-07,Kebumen,0.6202738845144358,0.6232500000000001,0.29015,0.8417,0.08993850275944855
2009,7,2009-07,Pejagoan,0.6943297250859107,0.732175,0.42415,0.8229000000000001,0.093471674557579
2009,7,2009-07,Sruweng,0.663708962264151,0.719175,0.37785,0.8500500000000001,0.12980720681290123
2009,7,2009-07,Adimulyo,0.5536197771587744,0.552125,0.3269,0.76695,0.08452454872565868
2009,7,2009-07,Kuwarasan,0.5173623720136519,0.5152749999999999,0.30675,0.7342500000000001,0.10633133002740747
2009,7,2009-07,Rowokele,0.7371598560354375,0.77695,0.37620000000000003,0.8689,0.11035523442745487
2009,7,2009-07,Sempor,0.7151821362229103,0.7416,0.18145,0.8472000000000001,0.09234783108088501
2009,7,2009-07,Gombong,0.4667235649546828,0.44335,0.29105000000000003,0.8088500000000001,0.11417855287723716
2009,7,2009-07,Karanganyar,0.6599056310679612,0.7222500000000001,0.3133,0.8301000000000001,0.13619717544559812
2009,7,2009-07,Karanggayam,0.7008028111353712,0.7057,0.3131,0.85245,0.06981157292302019
2009,7,2009-07,Sadang,0.738152528379773,0.75155,0.4783,0.8858,0.07503236942557227
2009,7,2009-07,Bonorowo,0.7008011111111112,0.71455,0.30195,0.80825,0.07576488750945909
2009,7,2009-07,Padureso,0.7175246559633028,0.72575,0.37225,0.8139000000000001,0.061486154506381
2009,7,2009-07,Poncowarno,0.6810884615384616,0.6852,0.3748,0.8121,0.07557259761131048
2009,7,2009-07,Karangsambung,0.6974935455349248,0.7071000000000001,0.2672,0.8343,0.07813145261986489
2009,8,2009-08,Ayah,0.718291755319149,0.7452750000000001,0.0512,0.91185,0.11508433684989566
2009,8,2009-08,Buayan,0.6611667560321716,0.68535,0.009550000000000001,0.899,0.14366467542973468
2009,8,2009-08,Puring,0.575794623655914,0.5826,-0.0022,0.8655,0.14218187788276643
2009,8,2009-08,Petanahan,0.574265649867374,0.6074,0.0941,0.8361500000000001,0.1532951305472922
2009,8,2009-08,Klirong,0.5906428989751098,0.59645,0.32195,0.7997500000000001,0.09892546577602977
2009,8,2009-08,Buluspesantren,0.5672537851037852,0.57125,0.0135,0.8016500000000001,0.11747477420363735
2009,8,2009-08,Ambal,0.5619141932270916,0.5490250000000001,-0.031200000000000002,0.8641500000000001,0.1314331121838526
2009,8,2009-08,Mirit,0.5690077308120134,0.5824,-0.026500000000000003,0.8230500000000001,0.12357338134506653
2009,8,2009-08,Prembun,0.5618824050632912,0.5671,0.3052,0.83645,0.12205135960034047
2009,8,2009-08,Kutowinangun,0.545925575221239,0.53125,0.265,0.8469500000000001,0.1168119164270469
2009,8,2009-08,Alian,0.5669403948772679,0.5866,0.29100000000000004,0.8425,0.11641804856439132
2009,8,2009-08,Kebumen,0.4548791338582677,0.444225,0.1854,0.8256,0.1168825055738606
2009,8,2009-08,Pejagoan,0.5648786941580756,0.5751000000000001,0.2462,0.8649,0.12911907172651974
2009,8,2009-08,Sruweng,0.5828028301886793,0.594025,0.19775,0.9465,0.12391008325347141
2009,8,2009-08,Adimulyo,0.6016850974930362,0.6386750000000001,0.2313,0.8502500000000001,0.12963283421604516
2009,8,2009-08,Kuwarasan,0.6661987201365188,0.701825,0.2726,0.8827,0.12850312977782455
2009,8,2009-08,Rowokele,0.5920104097452934,0.6127,0.09845000000000001,0.9141,0.1324656427682555
2009,8,2009-08,Sempor,0.5933582043343654,0.61145,0.0838,0.8884000000000001,0.12431653418221968
2009,8,2009-08,Gombong,0.6483811178247735,0.65325,0.38870000000000005,0.87095,0.09822385293531005
2009,8,2009-08,Karanganyar,0.6109820388349515,0.6271,0.30755,0.8492500000000001,0.11259107973391577
2009,8,2009-08,Karanggayam,0.5718917576419213,0.5779000000000001,0.26095,0.87795,0.09726966282720262
2009,8,2009-08,Sadang,0.6246395252837977,0.6248,0.31570000000000004,0.8865000000000001,0.12253817246568416
2009,8,2009-08,Bonorowo,0.6273898611111112,0.6392,0.3506,0.79415,0.10064804181311252
2009,8,2009-08,Padureso,0.6312252293577981,0.6404500000000001,0.28555,0.82955,0.09341326046366213
2009,8,2009-08,Poncowarno,0.5700503296703298,0.5794,0.25385,0.8399500000000001,0.1143120038542149
2009,8,2009-08,Karangsambung,0.5868633068081345,0.5958,0.23035,0.8382000000000001,0.10763979330923058
2009,9,2009-09,Ayah,0.673958767951625,0.69965,0.0918,0.9322,0.13000862191099322
2009,9,2009-09,Buayan,0.56141125,0.567625,0.1279,0.91295,0.14482559886885749
2009,9,2009-09,Puring,0.5390437866927593,0.53915,0.0268,0.8444,0.12490321013176038
2009,9,2009-09,Petanahan,0.5341380449141347,0.5438000000000001,0.0594,0.79005,0.12553237531169242
2009,9,2009-09,Klirong,0.58951801994302,0.604525,0.11520000000000001,0.8088500000000001,0.12739978391808862
2009,9,2009-09,Buluspesantren,0.5641843750000001,0.578525,0.22215000000000001,0.89375,0.11585397160591551
2009,9,2009-09,Ambal,0.44753338278931754,0.43695,-0.0392,0.74105,0.15749240202994583
2009,9,2009-09,Mirit,0.4715522982062781,0.47857500000000003,-0.0023,0.80755,0.12292375545675738
2009,9,2009-09,Prembun,0.46258594936708863,0.45795,0.2093,0.7422000000000001,0.1072717602901354
2009,9,2009-09,Kutowinangun,0.4018636283185841,0.39675,0.0859,0.8618,0.12427162271612542
2009,9,2009-09,Alian,0.5118509071504803,0.5302,0.11675,0.8338,0.13193756267548695
2009,9,2009-09,Kebumen,0.46892716535433077,0.46662500000000007,0.085,0.8631500000000001,0.1392202023216619
2009,9,2009-09,Pejagoan,0.5340647766323023,0.5425,0.1585,0.8408,0.15572150121754205
2009,9,2009-09,Sruweng,0.5134347035040431,0.5115500000000001,0.14300000000000002,0.8591000000000001,0.14297473133052596
2009,9,2009-09,Adimulyo,0.4509967966573816,0.43875,0.1338,0.83075,0.12097393203528779
2009,9,2009-09,Kuwarasan,0.4583249146757679,0.45232500000000003,0.0862,0.7909,0.13174765970712082
2009,9,2009-09,Rowokele,0.58800503875969,0.6043000000000001,0.09075000000000001,0.86345,0.13814067895136709
2009,9,2009-09,Sempor,0.5629217337461301,0.5754,0.09795000000000001,0.88,0.13924206132557562
2009,9,2009-09,Gombong,0.40100679758308155,0.4001,0.16855,0.68905,0.10467451569637284
2009,9,2009-09,Karanganyar,0.5133830097087378,0.5164500000000001,0.15745,0.7979,0.1179268117922525
2009,9,2009-09,Karanggayam,0.568805403930131,0.5800000000000001,0.1932,0.8702500000000001,0.12030099393231636
2009,9,2009-09,Sadang,0.5722146542827657,0.5736,0.23015000000000002,0.8902,0.13098364707765572
2009,9,2009-09,Bonorowo,0.5270526388888889,0.524325,0.2555,0.78505,0.1084285201051962
2009,9,2009-09,Padureso,0.5285506880733946,0.5427250000000001,0.15295,0.787,0.11458731516922671
2009,9,2009-09,Poncowarno,0.4690234065934067,0.46480000000000005,0.0688,0.7517,0.12886962807443605
2009,9,2009-09,Karangsambung,0.5404049513704686,0.5435,0.17555,0.82235,0.11075453092532311
2009,10,2009-10,Ayah,0.6786831913245547,0.7108,0.06670000000000001,0.9222,0.10913360264545588
2009,10,2009-10,Buayan,0.5853644464446444,0.6134000000000001,0.0713,0.9886,0.15534016570024345
2009,10,2009-10,Puring,0.5041528056112224,0.49465000000000003,0.1332,0.7824,0.1355799939395839
2009,10,2009-10,Petanahan,0.4593848360655738,0.44370000000000004,0.0854,0.7747,0.1387268047942277
2009,10,2009-10,Klirong,0.508133431085044,0.512,0.12440000000000001,0.7953,0.11365677713156572
2009,10,2009-10,Buluspesantren,0.4980122699386503,0.4978,0.0639,0.7767000000000001,0.12504795486169606
2009,10,2009-10,Ambal,0.4664918283963228,0.47000000000000003,0.17170000000000002,0.766,0.1324123305648885
2009,10,2009-10,Mirit,0.4945184149184149,0.4991,0.1877,0.7956000000000001,0.1178957864701601
2009,10,2009-10,Prembun,0.4936043037974684,0.5067,0.1092,0.7533000000000001,0.10431892145666764
2009,10,2009-10,Kutowinangun,0.48303221238938066,0.4893,0.10010000000000001,0.7989,0.09895079078895834
2009,10,2009-10,Alian,0.5461700106723586,0.5543,0.0858,0.8545,0.094749325103545
2009,10,2009-10,Kebumen,0.48215918635170607,0.48850000000000005,0.0616,0.77,0.11820446130679159
2009,10,2009-10,Pejagoan,0.5443247422680412,0.5609999999999999,0.0697,0.8556,0.11327123564368091
2009,10,2009-10,Sruweng,0.5094919137466307,0.5286500000000001,0.0388,0.9563,0.14487184415342083
2009,10,2009-10,Adimulyo,0.4368144846796657,0.43725,0.0937,0.8129000000000001,0.11526636844928592
2009,10,2009-10,Kuwarasan,0.4387873720136519,0.4446,0.0784,0.8531000000000001,0.13877260198748514
2009,10,2009-10,Rowokele,0.538052934662237,0.5676,0.042,0.9352,0.18188436260937788
2009,10,2009-10,Sempor,0.5170538080495356,0.5423,0.0523,0.9217000000000001,0.15303114872243104
2009,10,2009-10,Gombong,0.3896087613293052,0.3808,0.09580000000000001,0.629,0.0985161468598995
2009,10,2009-10,Karanganyar,0.5158217475728155,0.5269,0.08270000000000001,0.9588000000000001,0.13408170177300124
2009,10,2009-10,Karanggayam,0.5438889737991267,0.55145,0.0655,0.9794,0.12486407989606896
2009,10,2009-10,Sadang,0.5933778121775026,0.6166,0.15430000000000002,0.8802000000000001,0.1295757670817398
2009,10,2009-10,Bonorowo,0.5289566666666666,0.5387500000000001,0.2921,0.7030000000000001,0.08500773533430159
2009,10,2009-10,Padureso,0.5784674311926606,0.57985,0.15460000000000002,0.7526,0.08317678307090917
2009,10,2009-10,Poncowarno,0.5171353846153847,0.5184,0.15480000000000002,0.7554000000000001,0.10777929687950781
2009,10,2009-10,Karangsambung,0.568511759504863,0.5702,0.0794,0.9365,0.10396871984873007
2009,11,2009-11,Ayah,0.6697743305279266,0.7024,-0.14800000000000002,0.9396500000000001,0.15548713205143416
2009,11,2009-11,Buayan,0.6454367410714286,0.67015,0.07690000000000001,0.94425,0.17147772596037103
2009,11,2009-11,Puring,0.532839296333003,0.5537000000000001,0.007050000000000001,0.8667,0.2221103062135209
2009,11,2009-11,Petanahan,0.4689016534391534,0.4981,-0.0204,0.8388500000000001,0.22507222942772778
2009,11,2009-11,Klirong,0.5371809352517986,0.5712,0.06905,0.78095,0.14351326396921132
2009,11,2009-11,Buluspesantren,0.48553022113022115,0.5101,0.035750000000000004,0.8486,0.16918221891209462
2009,11,2009-11,Ambal,0.40950319881889763,0.42042500000000005,-0.0697,0.80315,0.20746306853322188
2009,11,2009-11,Mirit,0.4509245175936436,0.4717,0.02135,0.80725,0.16463647218757455
2009,11,2009-11,Prembun,0.4404715189873417,0.4565,0.033600000000000005,0.6713,0.11865549678240793
2009,11,2009-11,Kutowinangun,0.4762082300884955,0.5125000000000001,0.037000000000000005,0.8399000000000001,0.15055370922521033
2009,11,2009-11,Alian,0.6030773745997865,0.62925,0.10285000000000001,0.86965,0.1381128134821791
2009,11,2009-11,Kebumen,0.45264238845144367,0.44015000000000004,-0.041350000000000005,0.89095,0.1430419556536995
2009,11,2009-11,Pejagoan,0.5739176975945017,0.579875,0.06995,0.8741500000000001,0.140015783890037
2009,11,2009-11,Sruweng,0.5646368598382749,0.594875,0.04575,0.92815,0.17599476263488717
2009,11,2009-11,Adimulyo,0.4242193593314763,0.454925,0.033850000000000005,0.70975,0.14011666443743026
2009,11,2009-11,Kuwarasan,0.467955119453925,0.47775,0.13745000000000002,0.7413500000000001,0.12740623028899845
2009,11,2009-11,Rowokele,0.6010468438538207,0.6153500000000001,0.1477,0.92415,0.15289975345045653
2009,11,2009-11,Sempor,0.6016813312693499,0.63,0.004350000000000001,0.87485,0.144023991045519
2009,11,2009-11,Gombong,0.4455311178247734,0.4379,0.18575,0.8049000000000001,0.11860606187651712
2009,11,2009-11,Karanganyar,0.6062367961165048,0.64275,0.162,0.8871,0.15836548474240306
2009,11,2009-11,Karanggayam,0.640264192139738,0.6597500000000001,0.25720000000000004,0.91695,0.10260605679409028
2009,11,2009-11,Sadang,0.6662361713106295,0.6853,0.17830000000000001,0.8869,0.10504744136706196
2009,11,2009-11,Bonorowo,0.5014329166666667,0.531525,0.0079,0.7544500000000001,0.13112356219355234
2009,11,2009-11,Padureso,0.5902334862385321,0.5943750000000001,0.25235,0.8185,0.08127498072012783
2009,11,2009-11,Poncowarno,0.5526328571428571,0.56055,0.2494,0.8230500000000001,0.1006832666268329
2009,11,2009-11,Karangsambung,0.6056188770999116,0.6159,0.2235,0.90795,0.11015764372790203
2009,12,2009-12,Ayah,0.6737571264367817,0.70445,0.19395,0.9143,0.14868264241703016
2009,12,2009-12,Buayan,0.7169135835567472,0.74285,0.20750000000000002,0.92435,0.12471637683223806
2009,12,2009-12,Puring,0.6224873126873126,0.6297,0.0006000000000000001,0.9003500000000001,0.13770971691474204
2009,12,2009-12,Petanahan,0.6092940428380188,0.60335,-0.0716,0.90725,0.1421267424931507
2009,12,2009-12,Klirong,0.6288415472779371,0.64925,0.18810000000000002,0.87655,0.15506928290343233
2009,12,2009-12,Buluspesantren,0.6539481234866829,0.67045,0.18680000000000002,0.93155,0.14238377599493404
2009,12,2009-12,Ambal,0.6028957584830339,0.60545,0.0078000000000000005,0.8909,0.12930991331722924
2009,12,2009-12,Mirit,0.5559912383177571,0.555075,0.1399,0.8425,0.14063757947593433
2009,12,2009-12,Prembun,0.5636517721518988,0.5717,0.1741,0.7929,0.135423244071445
2009,12,2009-12,Kutowinangun,0.6436701769911505,0.66635,0.30115000000000003,0.8469,0.10340838251897143
2009,12,2009-12,Alian,0.6138578975453576,0.6235,0.2497,0.90125,0.11847586655871745
2009,12,2009-12,Kebumen,0.5180575459317586,0.510975,0.2036,0.85535,0.11798239288826784
2009,12,2009-12,Pejagoan,0.604399054982818,0.6199000000000001,0.25975000000000004,0.8555,0.13095211807560955
2009,12,2009-12,Sruweng,0.5991270889487872,0.62985,0.21695,0.87555,0.1738256820202375
2009,12,2009-12,Adimulyo,0.46805424791086353,0.45780000000000004,0.21295,0.7333500000000001,0.10549950622693907
2009,12,2009-12,Kuwarasan,0.6074378839590444,0.622375,0.1706,0.7964,0.10786691770470136
2009,12,2009-12,Rowokele,0.644007973421927,0.6697500000000001,0.1496,0.87875,0.13409301959576186
2009,12,2009-12,Sempor,0.6256408359133128,0.6456000000000001,0.0658,0.8746,0.1228359160886774
2009,12,2009-12,Gombong,0.45804365558912397,0.45335000000000003,0.1759,0.794,0.13230893493972506
2009,12,2009-12,Karanganyar,0.6197341747572815,0.68445,0.1203,0.8491500000000001,0.1689322857019176
2009,12,2009-12,Karanggayam,0.634826037117904,0.64525,0.21635000000000001,0.8631500000000001,0.10040491079853368
2009,12,2009-12,Sadang,0.640233746130031,0.6602,0.20645000000000002,0.8904500000000001,0.1074634682761239
2009,12,2009-12,Bonorowo,0.4790465277777778,0.4827,0.1553,0.7797000000000001,0.13117341959702433
2009,12,2009-12,Padureso,0.6621599770642204,0.695775,0.23750000000000002,0.9156500000000001,0.1372080560322064
2009,12,2009-12,Poncowarno,0.6557065934065934,0.6636500000000001,0.23755,0.8888,0.09364244981351375
2009,12,2009-12,Karangsambung,0.5878028735632185,0.5984,0.25245,0.8536,0.09236912275875928
2010,1,2010-01,Ayah,0.7748077566539924,0.7943,0.2295,0.9422,0.10276865170144998
2010,1,2010-01,Buayan,0.7895289544235926,0.8089000000000001,0.3074,0.9359000000000001,0.08629580340505101
2010,1,2010-01,Puring,0.7783440201005025,0.7951,0.3267,0.9457000000000001,0.0993100996190788
2010,1,2010-01,Petanahan,0.8256886486486487,0.8529,-0.0551,0.9787,0.11210323891485419
2010,1,2010-01,Klirong,0.7921549356223176,0.8074,0.14880000000000002,0.9341,0.07246243430572062
2010,1,2010-01,Buluspesantren,0.7759916062801933,0.80615,0.2485,0.9540500000000001,0.10492148953565814
2010,1,2010-01,Ambal,0.7691346573982126,0.81815,0.1547,0.9386,0.1392089540055865
2010,1,2010-01,Mirit,0.611933427922815,0.62265,0.07525,0.8829,0.14002534525340218
2010,1,2010-01,Prembun,0.6952189873417722,0.73795,0.233,0.90805,0.12077949866475146
2010,1,2010-01,Kutowinangun,0.8036119469026549,0.8200000000000001,0.4217,0.9221,0.07142416037101973
2010,1,2010-01,Alian,0.7580186766275347,0.7678,0.47515,0.9141,0.09315217031116836
2010,1,2010-01,Kebumen,0.6942659448818899,0.70785,0.31165000000000004,0.8992,0.11382190034604682
2010,1,2010-01,Pejagoan,0.7434183848797251,0.7698,0.37770000000000004,0.9134,0.114629311861937
2010,1,2010-01,Sruweng,0.7850287735849056,0.8193250000000001,0.1781,0.9259000000000001,0.10827169328261965
2010,1,2010-01,Adimulyo,0.8116378133704735,0.8154,0.4748,0.9357000000000001,0.0624958980923251
2010,1,2010-01,Kuwarasan,0.7941203924914676,0.808675,0.41555000000000003,0.9244,0.06923325297197472
2010,1,2010-01,Rowokele,0.6836166666666667,0.7463000000000001,0.0925,0.92035,0.16870916888955664
2010,1,2010-01,Sempor,0.7195788544891641,0.749,0.0057,0.9145000000000001,0.1310636865856148
2010,1,2010-01,Gombong,0.7258175226586103,0.7399,0.3885,0.9147500000000001,0.09855894985377887
2010,1,2010-01,Karanganyar,0.8085418446601942,0.8308000000000001,0.4192,0.92545,0.08243211099918342
2010,1,2010-01,Karanggayam,0.7778102074235808,0.8093250000000001,0.3497,0.9151,0.10328586769845792
2010,1,2010-01,Sadang,0.7439840557275542,0.7607,0.3531,0.9141,0.10024514943735811
2010,1,2010-01,Bonorowo,0.5047472222222222,0.524725,0.01955,0.7859,0.16486534212487056
2010,1,2010-01,Padureso,0.7592423165137615,0.7706000000000001,0.2696,0.9105500000000001,0.08089265414648678
2010,1,2010-01,Poncowarno,0.7588212087912087,0.77805,0.48050000000000004,0.91625,0.07825801019753369
2010,1,2010-01,Karangsambung,0.7128562776304156,0.7161000000000001,0.26595,0.92225,0.10131041261480035
2010,2,2010-02,Ayah,0.7412444146901301,0.78235,0.07100000000000001,0.9251,0.13324930080943367
2010,2,2010-02,Buayan,0.7534527629233512,0.77595,0.0403,0.9302,0.09158631068669859
2010,2,2010-02,Puring,0.7464809815950921,0.76485,0.0179,0.90215,0.08094630154239475
2010,2,2010-02,Petanahan,0.754668335684062,0.7614500000000001,0.2169,0.8812000000000001,0.06624552747642068
2010,2,2010-02,Klirong,0.7409284457478006,0.770375,0.0656,0.9651000000000001,0.12116456471328192
2010,2,2010-02,Buluspesantren,0.7417228813559322,0.7635500000000001,0.26815,0.9416,0.10398681315134786
2010,2,2010-02,Ambal,0.7415036511156188,0.75315,0.2505,0.8876000000000001,0.08224390142964493
2010,2,2010-02,Mirit,0.7039006849315069,0.7333500000000001,0.1333,0.9143,0.11671535898227756
2010,2,2010-02,Prembun,0.7750059493670886,0.7888000000000001,0.4743,0.90805,0.0709948970981163
2010,2,2010-02,Kutowinangun,0.7726260176991152,0.7913,0.4408,0.89715,0.07829636840480035
2010,2,2010-02,Alian,0.7960978121664889,0.8133,0.42350000000000004,0.9093,0.07556081691134965
2010,2,2010-02,Kebumen,0.7417896325459318,0.7577750000000001,0.33480000000000004,0.9078,0.10343191119479658
2010,2,2010-02,Pejagoan,0.7578481099656357,0.7814000000000001,0.4544,0.8976000000000001,0.09551586649578968
2010,2,2010-02,Sruweng,0.793847371967655,0.8127500000000001,0.42035,0.89215,0.07440335585872145
2010,2,2010-02,Adimulyo,0.7693475626740948,0.769625,0.47625,0.87795,0.04058914041056248
2010,2,2010-02,Kuwarasan,0.7650976962457339,0.767825,0.46965,0.89315,0.050260199402809014
2010,2,2010-02,Rowokele,0.7592192691029901,0.79795,0.14795,0.9038,0.11889938402398038
2010,2,2010-02,Sempor,0.7539506191950466,0.7827000000000001,0.0057,0.91635,0.12017015331954356
2010,2,2010-02,Gombong,0.7626693353474321,0.7802,0.44935,0.9033500000000001,0.10011164434316809
2010,2,2010-02,Karanganyar,0.8130361165048544,0.82865,0.4703,0.90075,0.0626515869398654
2010,2,2010-02,Karanggayam,0.7740025655021834,0.7926250000000001,0.2695,0.94445,0.0797481363074392
2010,2,2010-02,Sadang,0.7759085655314759,0.80635,0.25845,0.92245,0.09953130686544168
2010,2,2010-02,Bonorowo,0.7346970833333333,0.7553000000000001,0.29595,0.85165,0.08717555219908435
2010,2,2010-02,Padureso,0.8044801605504589,0.8302,0.22195,0.9041,0.08080869193598803
2010,2,2010-02,Poncowarno,0.7654223076923077,0.7925000000000001,0.42265,0.88965,0.09330707240401782
2010,2,2010-02,Karangsambung,0.7813237842617153,0.80095,0.21295,0.9082,0.0824861264502516
2010,3,2010-03,Ayah,0.7678387897595035,0.80935,-0.0037500000000000003,0.9463,0.12508217007691283
2010,3,2010-03,Buayan,0.7498392410714286,0.7983500000000001,0.0755,0.9557,0.1420464867408067
2010,3,2010-03,Puring,0.657537624750499,0.689575,0.14875,0.89215,0.16545724326197148
2010,3,2010-03,Petanahan,0.5881117607526882,0.5802,0.1274,0.8857,0.16201662627740934
2010,3,2010-03,Klirong,0.6799764748201439,0.6858000000000001,0.21430000000000002,0.8625,0.09854790937898578
2010,3,2010-03,Buluspesantren,0.628976280487805,0.6464000000000001,0.0451,0.82545,0.1218357819509698
2010,3,2010-03,Ambal,0.6073876132930514,0.6002500000000001,0.309,0.85135,0.1178873219108599
2010,3,2010-03,Mirit,0.6796134396355353,0.698825,0.2121,0.8731500000000001,0.10520047751117355
2010,3,2010-03,Prembun,0.6902424050632912,0.7203,0.3235,0.8266,0.1063502887490226
2010,3,2010-03,Kutowinangun,0.6661823008849558,0.71265,0.3286,0.8958,0.13128407456890534
2010,3,2010-03,Alian,0.7578805763073639,0.7784500000000001,0.34455,0.9145500000000001,0.08761111070999288
2010,3,2010-03,Kebumen,0.6197795931758531,0.6189,0.32455,0.8921,0.11070652082650341
2010,3,2010-03,Pejagoan,0.7579052405498282,0.803175,0.452,0.931,0.10394288658196023
2010,3,2010-03,Sruweng,0.7224819407008086,0.749025,0.3168,0.93635,0.14184040492402003
2010,3,2010-03,Adimulyo,0.5543508356545961,0.559775,0.24815,0.7596,0.09289464143522853
2010,3,2010-03,Kuwarasan,0.5576704778156997,0.56425,0.2235,0.8076,0.11902653953967055
2010,3,2010-03,Rowokele,0.7465003322259137,0.78515,0.31555,0.9167500000000001,0.11829470670976171
2010,3,2010-03,Sempor,0.740493746130031,0.78905,0.09705000000000001,0.89165,0.12583564065613972
2010,3,2010-03,Gombong,0.5402010574018128,0.54715,0.27690000000000003,0.8377,0.10980067153105404
2010,3,2010-03,Karanganyar,0.7306760194174757,0.77175,0.30245,0.95845,0.131307784220039
2010,3,2010-03,Karanggayam,0.7986498362445414,0.8059000000000001,0.4026,0.9177000000000001,0.0525389322787875
2010,3,2010-03,Sadang,0.7956454592363261,0.8081,0.5306500000000001,0.9056500000000001,0.05303423325383451
2010,3,2010-03,Bonorowo,0.7519224999999999,0.7590749999999999,0.5389,0.87465,0.05440462380140333
2010,3,2010-03,Padureso,0.7979199541284404,0.8113,0.3235,0.8565,0.05612464413975745
2010,3,2010-03,Poncowarno,0.7441147252747254,0.766,0.35315,0.8993500000000001,0.08283445686853234
2010,3,2010-03,Karangsambung,0.779553050397878,0.7968000000000001,0.2901,0.9003,0.07399264314504421
2010,4,2010-04,Ayah,0.7092407674772037,0.74595,0.1058,0.94235,0.14881850975342967
2010,4,2010-04,Buayan,0.7097012053571429,0.74675,-0.1635,0.9279000000000001,0.14502644192671252
2010,4,2010-04,Puring,0.5248760448521916,0.55565,-0.0345,0.9294,0.1903444687693463
2010,4,2010-04,Petanahan,0.5083773342354534,0.5356000000000001,0.0129,0.9975,0.19170836390218352
2010,4,2010-04,Klirong,0.5853638888888889,0.6021500000000001,0.19690000000000002,0.9850000000000001,0.15587097731752142
2010,4,2010-04,Buluspesantren,0.5725807177615572,0.57015,0.0863,0.9006000000000001,0.18282119429593327
2010,4,2010-04,Ambal,0.5422639053254439,0.55825,-0.0784,0.9287500000000001,0.18896184508874825
2010,4,2010-04,Mirit,0.5954497674418605,0.6027,0.21350000000000002,0.88995,0.13168816641735323
2010,4,2010-04,Prembun,0.622463164556962,0.6346,0.1169,0.8511000000000001,0.1456181836915677
2010,4,2010-04,Kutowinangun,0.5960729203539823,0.6415500000000001,0.10600000000000001,0.9048,0.17678536817122661
2010,4,2010-04,Alian,0.7211776414087513,0.7663500000000001,0.2121,0.93325,0.14073073106106335
2010,4,2010-04,Kebumen,0.4969072834645669,0.4829,0.17070000000000002,0.87955,0.15115256857117929
2010,4,2010-04,Pejagoan,0.6984335051546392,0.7434000000000001,0.2787,0.9157000000000001,0.14524589635034182
2010,4,2010-04,Sruweng,0.6544201482479786,0.71745,0.23020000000000002,0.90105,0.18777886434649946
2010,4,2010-04,Adimulyo,0.4573133704735376,0.461525,0.0757,0.81755,0.14893786346994134
2010,4,2010-04,Kuwarasan,0.5005456484641638,0.524125,0.055,0.80335,0.16747451653431344
2010,4,2010-04,Rowokele,0.7388613510520488,0.7791,0.0641,0.9326000000000001,0.12803679459800663
2010,4,2010-04,Sempor,0.7482899071207431,0.7866000000000001,0.0804,0.89995,0.10954625346108281
2010,4,2010-04,Gombong,0.5108888217522659,0.50355,0.19045,0.84835,0.12581577590744253
2010,4,2010-04,Karanganyar,0.664013786407767,0.7077,0.13615,0.9235000000000001,0.16737722738421787
2010,4,2010-04,Karanggayam,0.7792673580786026,0.801625,0.3533,0.9202,0.08136138778284441
2010,4,2010-04,Sadang,0.8029237358101137,0.8194,0.47950000000000004,0.9265500000000001,0.06748611873531501
2010,4,2010-04,Bonorowo,0.58134625,0.591025,0.2735,0.8016000000000001,0.10917382390580298
2010,4,2010-04,Padureso,0.7774372706422019,0.796125,0.48405000000000004,0.87955,0.06893118787968719
2010,4,2010-04,Poncowarno,0.7417781318681319,0.77205,0.26705,0.87755,0.0953691540764483
2010,4,2010-04,Karangsambung,0.7457877099911584,0.7715500000000001,0.2096,0.9106500000000001,0.09746294167151505
2010,5,2010-05,Ayah,0.6417998481397116,0.6648000000000001,0.0351,0.93915,0.15494786224779925
2010,5,2010-05,Buayan,0.7695784560143627,0.7936500000000001,0.4022,0.9378500000000001,0.09577537959973055
2010,5,2010-05,Puring,0.7419300995024876,0.7646000000000001,0.08510000000000001,0.926,0.11331197155421195
2010,5,2010-05,Petanahan,0.7707519073569482,0.793075,0.0709,0.9295,0.10628889140647053
2010,5,2010-05,Klirong,0.6912344476744186,0.7001250000000001,0.17070000000000002,0.8955000000000001,0.0965191469707559
2010,5,2010-05,Buluspesantren,0.6647327153110049,0.674575,0.037700000000000004,0.8945500000000001,0.11380771191072404
2010,5,2010-05,Ambal,0.6294875000000001,0.646925,-0.0015,0.9031,0.13209768831600555
2010,5,2010-05,Mirit,0.5373513683010263,0.54195,0.1458,0.9018,0.1349244267263426
2010,5,2010-05,Prembun,0.6515970886075949,0.67645,0.28455,0.91735,0.14717840232784482
2010,5,2010-05,Kutowinangun,0.7332312389380532,0.75905,0.3778,0.8911,0.10701241902234387
2010,5,2010-05,Alian,0.7465504268943436,0.76915,0.01815,0.92715,0.09951315484938747
2010,5,2010-05,Kebumen,0.6498408792650919,0.639325,0.2452,0.9202,0.12007755039585633
2010,5,2010-05,Pejagoan,0.6913225085910654,0.703975,0.2805,0.96055,0.13074787413026365
2010,5,2010-05,Sruweng,0.7157151617250674,0.7354750000000001,0.24305000000000002,0.9693,0.1224341278799248
2010,5,2010-05,Adimulyo,0.7905730501392759,0.8077000000000001,0.26145,0.91205,0.07446100923014207
2010,5,2010-05,Kuwarasan,0.8256127133105803,0.8439000000000001,0.512,0.9153,0.06278453991113547
2010,5,2010-05,Rowokele,0.7127064784053155,0.73845,0.14915,0.9688,0.13370954429862636
2010,5,2010-05,Sempor,0.7105426315789475,0.7424000000000001,0.23085,0.9417500000000001,0.1226044905523493
2010,5,2010-05,Gombong,0.7577290030211481,0.77595,0.3915,0.8997,0.09651070486107989
2010,5,2010-05,Karanganyar,0.7797319417475729,0.8058500000000001,0.45125000000000004,0.90935,0.07896144360896742
2010,5,2010-05,Karanggayam,0.7173696506550218,0.7462500000000001,0.2204,0.9228500000000001,0.12407721088813015
2010,5,2010-05,Sadang,0.7326194014447884,0.74705,0.38505,0.92745,0.10535048715948005
2010,5,2010-05,Bonorowo,0.4900404166666667,0.49000000000000005,0.1331,0.81845,0.1366041796114833
2010,5,2010-05,Padureso,0.7437723623853212,0.785525,0.25470000000000004,0.9104500000000001,0.11600666640393163
2010,5,2010-05,Poncowarno,0.7491774725274726,0.7633500000000001,0.46685000000000004,0.8984500000000001,0.07921457653342676
2010,5,2010-05,Karangsambung,0.6976125552608312,0.7201000000000001,0.26430000000000003,0.9329500000000001,0.12315648557678353
2010,6,2010-06,Ayah,0.7234253044140031,0.744875,0.0921,0.9922000000000001,0.1325344141894551
2010,6,2010-06,Buayan,0.735915831842576,0.7518750000000001,0.1305,0.93425,0.09563068246250069
2010,6,2010-06,Puring,0.7487948292682928,0.774,-0.07150000000000001,0.928,0.10348743054391006
2010,6,2010-06,Petanahan,0.6926545576407506,0.6963250000000001,0.1617,0.9097000000000001,0.1032116618285204
2010,6,2010-06,Klirong,0.6897687769784173,0.6957,0.22390000000000002,0.9204,0.09432005792662129
2010,6,2010-06,Buluspesantren,0.7194386579572447,0.7378250000000001,0.056600000000000004,0.9209,0.10991322518913195
2010,6,2010-06,Ambal,0.717944895936571,0.7442500000000001,0.24050000000000002,0.89815,0.10945163010309192
2010,6,2010-06,Mirit,0.6407477220956721,0.670175,-0.024200000000000003,0.92095,0.14787639025333144
2010,6,2010-06,Prembun,0.6776103797468354,0.68815,0.30605,0.8939,0.10266393999747506
2010,6,2010-06,Kutowinangun,0.6919076991150444,0.6970500000000001,0.2912,0.9096000000000001,0.09521876654667677
2010,6,2010-06,Alian,0.6930294557097119,0.6910000000000001,0.3234,0.93445,0.09211167397466255
2010,6,2010-06,Kebumen,0.6778169291338583,0.68835,0.30460000000000004,0.9074000000000001,0.10775059987662194
2010,6,2010-06,Pejagoan,0.6897009450171823,0.68765,0.3982,0.91685,0.09942081544083904
2010,6,2010-06,Sruweng,0.7397345687331537,0.7415,0.4307,0.91825,0.08950625338279629
2010,6,2010-06,Adimulyo,0.7079740947075209,0.71945,0.42375,0.89415,0.08384397789794731
2010,6,2010-06,Kuwarasan,0.65585,0.658425,0.46030000000000004,0.8511500000000001,0.0791888776039759
2010,6,2010-06,Rowokele,0.7292497785160575,0.7502000000000001,0.41665,0.9468000000000001,0.08945384436271465
2010,6,2010-06,Sempor,0.7021805572755419,0.7143,0.21665,0.93405,0.10482427873090351
2010,6,2010-06,Gombong,0.6191785498489426,0.6362,0.30960000000000004,0.90315,0.09940288065184519
2010,6,2010-06,Karanganyar,0.7141341747572815,0.7117,0.47815,0.9125000000000001,0.08574794360266585
2010,6,2010-06,Karanggayam,0.6901658569868997,0.69115,0.28915,0.9226500000000001,0.10441456113438231
2010,6,2010-06,Sadang,0.7420607327141383,0.7457,0.44625000000000004,0.9333,0.09755359961113454
2010,6,2010-06,Bonorowo,0.626665138888889,0.668675,-0.006900000000000001,0.83535,0.16429767053019156
2010,6,2010-06,Padureso,0.6962452981651376,0.698925,0.365,0.9109,0.1021135146244012
2010,6,2010-06,Poncowarno,0.7137839560439561,0.72635,0.4374,0.8889,0.09018426884433381
2010,6,2010-06,Karangsambung,0.7119900972590628,0.7155,0.35315,0.9198000000000001,0.10718210667474877
2010,7,2010-07,Ayah,0.7250827534039335,0.760275,0.0449,0.9819,0.14101730797081458
2010,7,2010-07,Buayan,0.7215695613249776,0.7662,0.27190000000000003,0.95015,0.1345591372392796
2010,7,2010-07,Puring,0.6042639253279516,0.6306,0.26185,0.8715,0.1445498039787782
2010,7,2010-07,Petanahan,0.5850139583333333,0.57325,0.1044,0.85235,0.1436664287614946
2010,7,2010-07,Klirong,0.6468444206008584,0.65195,0.1009,0.8430000000000001,0.10927743012937317
2010,7,2010-07,Buluspesantren,0.6231925120772948,0.61055,0.17450000000000002,0.8359500000000001,0.10504327356832678
2010,7,2010-07,Ambal,0.6182232638888888,0.6176,0.01,0.8422000000000001,0.10849962002969915
2010,7,2010-07,Mirit,0.6815765375854215,0.709175,0.050300000000000004,0.86985,0.10683834248806515
2010,7,2010-07,Prembun,0.7050715189873419,0.7337,0.39265,0.8356,0.09227267615486875
2010,7,2010-07,Kutowinangun,0.659833982300885,0.6917500000000001,0.276,0.84975,0.11893488363099479
2010,7,2010-07,Alian,0.7349140875133406,0.75795,0.42165,0.83965,0.08150904176258796
2010,7,2010-07,Kebumen,0.5896747375328084,0.578425,0.31745,0.83465,0.09626317410742061
2010,7,2010-07,Pejagoan,0.710655412371134,0.72715,0.27795000000000003,0.8768,0.10223967865173156
2010,7,2010-07,Sruweng,0.6982301212938005,0.74475,0.4037,0.9048,0.1237437088127716
2010,7,2010-07,Adimulyo,0.5229234679665739,0.5268250000000001,0.29560000000000003,0.7342500000000001,0.08270858675621279
2010,7,2010-07,Kuwarasan,0.5052955631399317,0.5027250000000001,0.22145,0.756,0.10918552371779554
2010,7,2010-07,Rowokele,0.7167687707641196,0.7479,0.2807,0.9298500000000001,0.11452696493375956
2010,7,2010-07,Sempor,0.7091524148606813,0.7427,0.15280000000000002,0.9086000000000001,0.11565255179719341
2010,7,2010-07,Gombong,0.5003586102719033,0.4894,0.30325,0.83775,0.10185766931097741
2010,7,2010-07,Karanganyar,0.7018150485436894,0.76675,0.39025000000000004,0.90525,0.1297540503576707
2010,7,2010-07,Karanggayam,0.7552122816593888,0.770775,0.43310000000000004,0.9126500000000001,0.06491827970350898
2010,7,2010-07,Sadang,0.7786994324045408,0.78895,0.4554,0.9144500000000001,0.06176889233302919
2010,7,2010-07,Bonorowo,0.7168084722222223,0.7514750000000001,0.1973,0.8347,0.10109165260708998
2010,7,2010-07,Padureso,0.7859125,0.7987250000000001,0.46830000000000005,0.908,0.05493881562128243
2010,7,2010-07,Poncowarno,0.748793956043956,0.7694000000000001,0.41325,0.86195,0.0737404627601833
2010,7,2010-07,Karangsambung,0.7620836870026526,0.77505,0.42865000000000003,0.8834000000000001,0.06252004358727613
2010,8,2010-08,Ayah,0.708128893129771,0.7452000000000001,0.08115,0.9296000000000001,0.14468510939566626
2010,8,2010-08,Buayan,0.7244580213903744,0.7536750000000001,-0.07050000000000001,0.9405,0.12111308123916156
2010,8,2010-08,Puring,0.62011,0.6405750000000001,0.04165,0.83835,0.14584748973289235
2010,8,2010-08,Petanahan,0.6545396644295302,0.6766,0.15430000000000002,0.876,0.11539585775553522
2010,8,2010-08,Klirong,0.6621384892086332,0.6606500000000001,0.33440000000000003,0.8491000000000001,0.08253234079785708
2010,8,2010-08,Buluspesantren,0.639793417874396,0.652525,0.21450000000000002,0.81815,0.09841198719150007
2010,8,2010-08,Ambal,0.5974157453109576,0.62375,-0.0016,0.8743000000000001,0.1399937946423468
2010,8,2010-08,Mirit,0.6142284642032332,0.613675,-0.0483,0.8818,0.1161459576178481
2010,8,2010-08,Prembun,0.6632512658227849,0.6698500000000001,0.34590000000000004,0.8536,0.0817936753515308
2010,8,2010-08,Kutowinangun,0.6785076991150443,0.6925,0.38655,0.84445,0.08690527621292037
2010,8,2010-08,Alian,0.7136028815368197,0.73785,0.32215,0.8976500000000001,0.09902836582630367
2010,8,2010-08,Kebumen,0.5770530839895014,0.5706249999999999,0.31795,0.8560000000000001,0.11211623362765633
2010,8,2010-08,Pejagoan,0.707878178694158,0.739225,0.28135,0.8927,0.11459715785046545
2010,8,2010-08,Sruweng,0.7027196765498652,0.72155,0.40295000000000003,0.90025,0.10168096446565734
2010,8,2010-08,Adimulyo,0.6128220752089137,0.6366,0.09595000000000001,0.8551500000000001,0.10507620694272642
2010,8,2010-08,Kuwarasan,0.5644307167235495,0.5789500000000001,0.09415,0.78805,0.11153740183768548
2010,8,2010-08,Rowokele,0.7018289590254706,0.7240000000000001,0.1553,0.9221,0.12490392839758456
2010,8,2010-08,Sempor,0.7389152631578948,0.7619,0.0801,0.8871,0.09766236424987376
2010,8,2010-08,Gombong,0.5998688821752266,0.59875,0.37005,0.8505,0.08146401276693813
2010,8,2010-08,Karanganyar,0.6931259223300971,0.71155,0.3952,0.87785,0.11040858333768595
2010,8,2010-08,Karanggayam,0.7535148471615722,0.76105,0.24735000000000001,0.909,0.06328423897289424
2010,8,2010-08,Sadang,0.7966269349845202,0.8146,0.54515,0.9056000000000001,0.06201858614851343
2010,8,2010-08,Bonorowo,0.6526918055555555,0.67045,0.44565000000000005,0.8023,0.08409242292010205
2010,8,2010-08,Padureso,0.7712855504587156,0.7826250000000001,0.26885000000000003,0.8697,0.05850214580805167
2010,8,2010-08,Poncowarno,0.7424323076923077,0.7402000000000001,0.5461,0.87385,0.05533911281148685
2010,8,2010-08,Karangsambung,0.7620556145004421,0.7732,0.2436,0.8824500000000001,0.07531567575221183
2010,9,2010-09,Ayah,0.4591810554290053,0.46275,0.05455,0.9577500000000001,0.1361033194481069
2010,9,2010-09,Buayan,0.5575524619516562,0.56315,0.21385,0.8727,0.11148329102165254
2010,9,2010-09,Puring,0.5178601463414634,0.5403,0.00995,0.9035000000000001,0.1930352214909915
2010,9,2010-09,Petanahan,0.5112544235924933,0.524625,0.1193,0.8267,0.15063587673522003
2010,9,2010-09,Klirong,0.5398530701754386,0.5464,0.1297,0.80705,0.12057309755749461
2010,9,2010-09,Buluspesantren,0.5304574209245743,0.5243,0.1247,0.8470000000000001,0.12874130951102516
2010,9,2010-09,Ambal,0.4936471717171717,0.5038,0.05545,0.8516,0.14328573762996244
2010,9,2010-09,Mirit,0.5102310185185185,0.523475,0.1223,0.7464500000000001,0.11720550705455919
2010,9,2010-09,Prembun,0.5428241772151899,0.5497500000000001,0.19920000000000002,0.8219000000000001,0.10476702528156626
2010,9,2010-09,Kutowinangun,0.5395117699115045,0.55715,0.25185,0.8682000000000001,0.11580142802725103
2010,9,2010-09,Alian,0.6154245997865528,0.64705,0.12665,0.9034000000000001,0.1263399288872811
2010,9,2010-09,Kebumen,0.4382831364829397,0.424925,0.1927,0.86595,0.10854396826021373
2010,9,2010-09,Pejagoan,0.620193642611684,0.632575,0.23225,0.9067000000000001,0.14397020594599927
2010,9,2010-09,Sruweng,0.5644942048517521,0.5699750000000001,0.22115,0.8819,0.14128309003471923
2010,9,2010-09,Adimulyo,0.4576027158774374,0.4627,0.0228,0.8259000000000001,0.11388965085866044
2010,9,2010-09,Kuwarasan,0.44113447098976105,0.44710000000000005,0.07305,0.70025,0.09896481063232264
2010,9,2010-09,Rowokele,0.5958135105204874,0.6072000000000001,0.0978,0.91205,0.12722386972963448
2010,9,2010-09,Sempor,0.5579568730650155,0.5663,0.052000000000000005,0.95235,0.13135401284164516
2010,9,2010-09,Gombong,0.4741941087613294,0.45215,0.264,0.82755,0.11327712424037538
2010,9,2010-09,Karanganyar,0.5870785436893203,0.5952500000000001,0.09820000000000001,0.8687,0.13736556291362909
2010,9,2010-09,Karanggayam,0.647372325327511,0.6574,0.1673,0.9003,0.10327605064823492
2010,9,2010-09,Sadang,0.6875993808049535,0.6992,0.33630000000000004,0.94535,0.10304136709569575
2010,9,2010-09,Bonorowo,0.48928652777777776,0.5004500000000001,0.1879,0.7853,0.09785574043741524
2010,9,2010-09,Padureso,0.6940815366972477,0.71425,0.19855,0.85295,0.10198178330392921
2010,9,2010-09,Poncowarno,0.6547702197802198,0.6565000000000001,0.3728,0.87895,0.08704632408215429
2010,9,2010-09,Karangsambung,0.6732492926613617,0.6809000000000001,0.27465,0.90705,0.10629109253500417
2010,10,2010-10,Ayah,0.629992242703533,0.644,-0.0263,0.9591000000000001,0.184242287367524
2010,10,2010-10,Buayan,0.6981008992805756,0.7733000000000001,-0.0637,0.9917,0.19295327238202598
2010,10,2010-10,Puring,0.434614182194617,0.41665,-0.1095,0.9965,0.21871129489157864
2010,10,2010-10,Petanahan,0.4343473612990528,0.43860000000000005,0.0714,0.8821,0.19425778863929533
2010,10,2010-10,Klirong,0.5713522895125555,0.6037,0.0526,0.9556,0.1460853852268774
2010,10,2010-10,Buluspesantren,0.46027602996254685,0.4924,-0.012,0.8204,0.19348290662426587
2010,10,2010-10,Ambal,0.46968097125867203,0.4923,-0.1486,0.8444,0.21715507134202994
2010,10,2010-10,Mirit,0.48266967592592597,0.5022,-0.09730000000000001,0.9580000000000001,0.18560435190531305
2010,10,2010-10,Prembun,0.5403961636828646,0.5737,-0.14880000000000002,0.8263,0.23160536749235183
2010,10,2010-10,Kutowinangun,0.6048868794326241,0.6776,-0.1423,0.8989,0.2279362497307655
2010,10,2010-10,Alian,0.7359372863247864,0.785,-0.1369,0.9398000000000001,0.1660653655310485
2010,10,2010-10,Kebumen,0.47120328083989504,0.46240000000000003,0.007,0.9109,0.19436707621745014
2010,10,2010-10,Pejagoan,0.6773927835051546,0.72035,0.171,0.9662000000000001,0.17762081290818021
2010,10,2010-10,Sruweng,0.61789474393531,0.6673,0.0212,0.9985,0.2284435750769479
2010,10,2010-10,Adimulyo,0.356641782729805,0.3523,-0.1553,0.7528,0.1659091987729746
2010,10,2010-10,Kuwarasan,0.4320651877133107,0.4313,0.0111,0.8613000000000001,0.19744989605016444
2010,10,2010-10,Rowokele,0.6954493909191584,0.7622,-0.0347,0.9631000000000001,0.1889372935789667
2010,10,2010-10,Sempor,0.6642296594427245,0.7267,0.0114,0.9918,0.1959888810729282
2010,10,2010-10,Gombong,0.4273649546827795,0.4223,0.1068,0.8793000000000001,0.16925852938273037
2010,10,2010-10,Karanganyar,0.6188409708737864,0.6863,-0.0392,0.9876,0.23523350004769406
2010,10,2010-10,Karanggayam,0.7450493995633188,0.7762,0.10450000000000001,0.9965,0.1347831267447747
2010,10,2010-10,Sadang,0.7179208462332302,0.8003,0.0898,0.9315,0.19328090525803213
2010,10,2010-10,Bonorowo,0.44836358543417365,0.47850000000000004,-0.1159,0.789,0.20111353655172878
2010,10,2010-10,Padureso,0.7462048165137616,0.80375,0.1774,0.8977,0.14571528368300815
2010,10,2010-10,Poncowarno,0.7414714285714286,0.76,0.2861,0.8983000000000001,0.0987243297954642
2010,10,2010-10,Karangsambung,0.7728527851458887,0.8017000000000001,0.11230000000000001,0.9154,0.11107775340789759
2010,11,2010-11,Ayah,0.6160127286585366,0.62605,0.06555,0.9011,0.13565367188059663
2010,11,2010-11,Buayan,0.6594741935483871,0.6765749999999999,-0.0027,0.9182,0.13913453816493998
2010,11,2010-11,Puring,0.5483362068965517,0.5668,0.0422,0.8723000000000001,0.19393477732840403
2010,11,2010-11,Petanahan,0.5214115862068966,0.5185500000000001,0.15480000000000002,0.877,0.15004346389917575
2010,11,2010-11,Klirong,0.5531220399429387,0.5703,0.12755,0.8464,0.16572603032826075
2010,11,2010-11,Buluspesantren,0.4950233173076923,0.514375,0.11675,0.82615,0.16488728471847672
2010,11,2010-11,Ambal,0.49751887280248197,0.5019,0.0882,0.81325,0.16856669787334888
2010,11,2010-11,Mirit,0.4798616292134832,0.4929,0.0478,0.8161,0.15263539597198755
2010,11,2010-11,Prembun,0.461497088607595,0.47095000000000004,-0.04075,0.7748,0.16233205540817497
2010,11,2010-11,Kutowinangun,0.4895514159292035,0.49460000000000004,0.041600000000000005,0.88085,0.1584558447686862
2010,11,2010-11,Alian,0.5614131270010672,0.5729000000000001,0.15960000000000002,0.9132,0.1446421396700959
2010,11,2010-11,Kebumen,0.46389908136482944,0.451125,0.12935,0.85175,0.1293448736176935
2010,11,2010-11,Pejagoan,0.592529381443299,0.5913250000000001,0.23800000000000002,0.8945000000000001,0.15113322732389328
2010,11,2010-11,Sruweng,0.5866907008086253,0.5972500000000001,0.16185000000000002,0.883,0.15969251284939995
2010,11,2010-11,Adimulyo,0.43298349582172707,0.44530000000000003,-0.02385,0.74285,0.1372316095818303
2010,11,2010-11,Kuwarasan,0.5737846416382253,0.584925,0.23090000000000002,0.8371500000000001,0.11520046188887798
2010,11,2010-11,Rowokele,0.659666334440753,0.681,0.1453,0.9219,0.13710336858869943
2010,11,2010-11,Sempor,0.6149591640866874,0.6202500000000001,0.0013000000000000002,0.8881,0.11733733614974906
2010,11,2010-11,Gombong,0.5889172205438067,0.5804,0.3467,0.9091,0.08776515623567366
2010,11,2010-11,Karanganyar,0.6614291262135922,0.6786,0.0916,0.8844000000000001,0.147411483975891
2010,11,2010-11,Karanggayam,0.6464061408296943,0.661525,0.20565,0.9112,0.11905941402702407
2010,11,2010-11,Sadang,0.6002123323013415,0.6117,0.09795000000000001,0.90895,0.15136384480471227
2010,11,2010-11,Bonorowo,0.3814270833333334,0.3962,0.03015,0.6909500000000001,0.13907315319681282
2010,11,2010-11,Padureso,0.5968118119266055,0.61595,0.17075,0.8519500000000001,0.13276410001889447
2010,11,2010-11,Poncowarno,0.5515370329670329,0.5721,0.11760000000000001,0.8338,0.1340908331101114
2010,11,2010-11,Karangsambung,0.6077520778072503,0.61975,0.15555,0.8792000000000001,0.1376175501307662
2010,12,2010-12,Ayah,0.604117972871138,0.5920500000000001,-0.0472,0.9112,0.1276815175643722
2010,12,2010-12,Buayan,0.6590113063063064,0.65395,0.31120000000000003,0.90525,0.11969460862494663
2010,12,2010-12,Puring,0.5634374752475247,0.56595,0.1501,0.8351500000000001,0.1161584258463878
2010,12,2010-12,Petanahan,0.6803338820301783,0.68135,0.31370000000000003,0.9215500000000001,0.09492771694610917
2010,12,2010-12,Klirong,0.694439469808542,0.6778500000000001,0.13670000000000002,0.9206000000000001,0.10828447766601076
2010,12,2010-12,Buluspesantren,0.66829556803995,0.6768000000000001,0.1066,0.8966000000000001,0.12058196807950088
2010,12,2010-12,Ambal,0.6379004459861249,0.6541,0.18030000000000002,0.9016500000000001,0.12606904917881964
2010,12,2010-12,Mirit,0.5975225028058362,0.6314000000000001,0.07830000000000001,0.82635,0.1339628858820539
2010,12,2010-12,Prembun,0.6171156962025317,0.6244000000000001,0.3156,0.8397,0.08581493758736236
2010,12,2010-12,Kutowinangun,0.6836851327433628,0.67505,0.39805,0.8793500000000001,0.09521627426632157
2010,12,2010-12,Alian,0.7150062966915689,0.7140500000000001,0.43395,0.9004500000000001,0.08444753123284814
2010,12,2010-12,Kebumen,0.6661686351706037,0.668475,0.36185,0.8823000000000001,0.109024770689321
2010,12,2010-12,Pejagoan,0.6530965635738832,0.6611750000000001,0.3552,0.8951,0.09095618803089726
2010,12,2010-12,Sruweng,0.7426366576819406,0.7495,0.45755,0.90005,0.06552944326934342
2010,12,2010-12,Adimulyo,0.6768975626740947,0.6659,0.39530000000000004,0.8959,0.083902477779179
2010,12,2010-12,Kuwarasan,0.5932226962457339,0.617475,0.23390000000000002,0.8507,0.11549985028091837
2010,12,2010-12,Rowokele,0.7508607419712071,0.7451,0.35525,0.92395,0.0789218503080017
2010,12,2010-12,Sempor,0.6787863157894737,0.6805,0.29095,0.91135,0.08868729896947418
2010,12,2010-12,Gombong,0.6872371601208459,0.6844,0.4405,0.8849,0.08879188621260325
2010,12,2010-12,Karanganyar,0.7260790291262136,0.73865,0.47385000000000005,0.9029,0.07963993568768724
2010,12,2010-12,Karanggayam,0.6663133460698691,0.665875,0.34595000000000004,0.90295,0.08736516850057299
2010,12,2010-12,Sadang,0.725628689370485,0.7322000000000001,0.4305,0.889,0.08081861800947417
2010,12,2010-12,Bonorowo,0.5292180555555556,0.5798000000000001,0.02605,0.8026000000000001,0.1486935377681119
2010,12,2010-12,Padureso,0.696773509174312,0.6901,0.4711,0.9011,0.09569162923102277
2010,12,2010-12,Poncowarno,0.6466452747252747,0.64505,0.43015000000000003,0.85945,0.0859861123126218
2010,12,2010-12,Karangsambung,0.7143511936339523,0.7309,0.33235000000000003,0.9078,0.09176796061235168
2011,1,2011-01,Ayah,0.7828617312072893,0.8137500000000001,0.2484,0.9457500000000001,0.11048158120044435
2011,1,2011-01,Buayan,0.7904516562220233,0.8096,0.35860000000000003,0.96035,0.08367548946700826
2011,1,2011-01,Puring,0.7513930303030304,0.769925,0.41190000000000004,0.9298500000000001,0.08595752390611185
2011,1,2011-01,Petanahan,0.7490928275862069,0.7625500000000001,0.4995,0.87595,0.05861067823979599
2011,1,2011-01,Klirong,0.7315502161383286,0.7651,0.0952,0.9991000000000001,0.11868434024263422
2011,1,2011-01,Buluspesantren,0.7161733091787439,0.73255,0.2575,0.9135000000000001,0.10688793470691274
2011,1,2011-01,Ambal,0.7437295114656033,0.7745000000000001,0.0762,0.9171,0.11511856046082622
2011,1,2011-01,Mirit,0.6929377952755905,0.7393500000000001,0.13140000000000002,0.8979,0.13442662250921011
2011,1,2011-01,Prembun,0.7734901265822784,0.7841,0.49110000000000004,0.8869,0.06462309128966269
2011,1,2011-01,Kutowinangun,0.7905900884955752,0.8004,0.48085,0.89815,0.06054465695528282
2011,1,2011-01,Alian,0.8046973852721451,0.81925,0.44745,0.9164,0.06051193030975031
2011,1,2011-01,Kebumen,0.7223269685039371,0.7369000000000001,0.38775000000000004,0.9113,0.09652443010969623
2011,1,2011-01,Pejagoan,0.7647901202749141,0.7736500000000001,0.42015,0.9381,0.09460996057690513
2011,1,2011-01,Sruweng,0.7763698113207548,0.783425,0.53445,0.9032,0.055211929520891816
2011,1,2011-01,Adimulyo,0.7531389972144846,0.751825,0.46985000000000005,0.89105,0.06792450604163414
2011,1,2011-01,Kuwarasan,0.7379442832764507,0.7448,0.36760000000000004,0.9287000000000001,0.07987176933329887
2011,1,2011-01,Rowokele,0.7411044296788483,0.74185,0.4742,0.9298500000000001,0.06463869716241298
2011,1,2011-01,Sempor,0.7101842105263158,0.72055,0.1476,0.9719500000000001,0.11375446799613022
2011,1,2011-01,Gombong,0.648270996978852,0.65085,0.40975,0.8851,0.08667617315422747
2011,1,2011-01,Karanganyar,0.7566089320388351,0.76895,0.4606,0.9313,0.09241357499062992
2011,1,2011-01,Karanggayam,0.7855743449781659,0.805275,0.45765,0.9435,0.08789099697615096
2011,1,2011-01,Sadang,0.7977827141382869,0.7986500000000001,0.447,0.95015,0.069330248499697
2011,1,2011-01,Bonorowo,0.6904281944444445,0.7207,0.2503,0.8316,0.10511932190143612
2011,1,2011-01,Padureso,0.7913556192660551,0.817725,0.20515,0.87005,0.07743968011766708
2011,1,2011-01,Poncowarno,0.8053605494505496,0.808,0.6182500000000001,0.932,0.04934944813841626
2011,1,2011-01,Karangsambung,0.7632155172413794,0.7676000000000001,0.39730000000000004,0.9157000000000001,0.06978171098849151
2011,2,2011-02,Ayah,0.7639624051593323,0.82445,0.127,0.9228000000000001,0.12877860294763216
2011,2,2011-02,Buayan,0.7192220878136201,0.763925,0.2394,0.8887,0.14060586562147517
2011,2,2011-02,Puring,0.6160435884691849,0.6315500000000001,0.0758,0.8253,0.1138305779581039
2011,2,2011-02,Petanahan,0.5596760458839407,0.56265,0.1704,0.8005,0.12336987955984467
2011,2,2011-02,Klirong,0.6185111111111111,0.63085,0.0665,0.7966000000000001,0.08999622042818256
2011,2,2011-02,Buluspesantren,0.6089992518703242,0.6126750000000001,0.2737,0.8077000000000001,0.08611875651609935
2011,2,2011-02,Ambal,0.5991947342519686,0.5971500000000001,0.06765,0.8359000000000001,0.10155050103839887
2011,2,2011-02,Mirit,0.6024840206185568,0.6087,0.08610000000000001,0.8344,0.09951075364585311
2011,2,2011-02,Prembun,0.6552963291139241,0.6654,0.4323,0.8118500000000001,0.08582560448525121
2011,2,2011-02,Kutowinangun,0.6520472566371681,0.657,0.37920000000000004,0.8298500000000001,0.09451103988749439
2011,2,2011-02,Alian,0.7501928495197439,0.7805000000000001,0.4118,0.88885,0.09039810086743785
2011,2,2011-02,Kebumen,0.5647142388451445,0.5554250000000001,0.29500000000000004,0.8678,0.10663551845702783
2011,2,2011-02,Pejagoan,0.7430085910652922,0.80295,0.42025,0.87855,0.1126225934332146
2011,2,2011-02,Sruweng,0.7049580862533692,0.7595750000000001,0.36595,0.8769,0.1305644756942665
2011,2,2011-02,Adimulyo,0.5178229108635098,0.5175500000000001,0.28165,0.7225,0.0853961196842442
2011,2,2011-02,Kuwarasan,0.5138595563139933,0.5221,0.23695000000000002,0.7316,0.10445288237114053
2011,2,2011-02,Rowokele,0.6742755260243632,0.6838500000000001,0.25995,0.92305,0.12077618542039299
2011,2,2011-02,Sempor,0.7257484210526317,0.78115,0.13215000000000002,0.90805,0.13432755265220794
2011,2,2011-02,Gombong,0.4624267371601208,0.43625,0.24665,0.8308500000000001,0.11635077142722507
2011,2,2011-02,Karanganyar,0.7118055339805825,0.7845500000000001,0.30155000000000004,0.8753500000000001,0.14572585970863805
2011,2,2011-02,Karanggayam,0.802658133187773,0.8082,0.33215,0.8952,0.04642144711906932
2011,2,2011-02,Sadang,0.796227141382869,0.8086500000000001,0.47965,0.8781500000000001,0.04969094190193808
2011,2,2011-02,Bonorowo,0.6105244444444444,0.61795,0.36910000000000004,0.7935500000000001,0.07972810261704201
2011,2,2011-02,Padureso,0.7707564220183486,0.7907250000000001,0.33835000000000004,0.85485,0.0717963454677127
2011,2,2011-02,Poncowarno,0.7646197802197802,0.77715,0.5238,0.86075,0.05651872337782754
2011,2,2011-02,Karangsambung,0.7861244916003537,0.8026000000000001,0.36785,0.8753500000000001,0.06490972205544
2011,3,2011-03,Ayah,0.7426862528560548,0.7684500000000001,0.09000000000000001,0.98165,0.14333769457910803
2011,3,2011-03,Buayan,0.7452063279857398,0.785475,0.0134,0.9349500000000001,0.12878959066308562
2011,3,2011-03,Puring,0.577111186770428,0.5851999999999999,-0.11900000000000001,0.8921,0.19205428665793653
2011,3,2011-03,Petanahan,0.5307190700808625,0.5301750000000001,0.03275,0.8404,0.1847807282991181
2011,3,2011-03,Klirong,0.6143117945007236,0.61665,0.2068,0.9149,0.162658964199353
2011,3,2011-03,Buluspesantren,0.5710533980582526,0.562,0.17725000000000002,0.8692000000000001,0.18081297918325195
2011,3,2011-03,Ambal,0.4860374142997062,0.45745,-0.003,0.8702000000000001,0.16130717797659083
2011,3,2011-03,Mirit,0.5106586956521739,0.504775,0.13720000000000002,0.8157000000000001,0.13095182424600235
2011,3,2011-03,Prembun,0.5512288607594937,0.5481,0.1452,0.8360500000000001,0.14668660259971406
2011,3,2011-03,Kutowinangun,0.5622929203539824,0.57065,0.23895000000000002,0.8516,0.14793999502119015
2011,3,2011-03,Alian,0.6719395410885806,0.69035,0.2401,0.9138000000000001,0.13410508042596325
2011,3,2011-03,Kebumen,0.45246213910761157,0.438,0.16540000000000002,0.9153,0.132716122013396
2011,3,2011-03,Pejagoan,0.6958682989690722,0.750225,0.2073,0.9062,0.1639292858013065
2011,3,2011-03,Sruweng,0.6362464959568734,0.6772750000000001,0.1988,0.8951,0.19877894951275107
2011,3,2011-03,Adimulyo,0.46349714484679666,0.4687,0.12325000000000001,0.73795,0.12191608347129193
2011,3,2011-03,Kuwarasan,0.5458128839590444,0.56115,0.1227,0.78215,0.13018843972592117
2011,3,2011-03,Rowokele,0.7199880952380953,0.7607,0.20355,0.9337000000000001,0.13135564172077177
2011,3,2011-03,Sempor,0.7260184829721363,0.74795,0.3452,0.9034000000000001,0.09882721836755443
2011,3,2011-03,Gombong,0.5650805135951662,0.5518000000000001,0.31925000000000003,0.8380500000000001,0.08946750379374431
2011,3,2011-03,Karanganyar,0.6950929126213592,0.7565000000000001,0.2833,0.8722000000000001,0.16013709327930187
2011,3,2011-03,Karanggayam,0.7937588700873364,0.8096750000000001,0.44205,0.9177000000000001,0.06936311806018496
2011,3,2011-03,Sadang,0.7334495356037153,0.7474500000000001,0.42155000000000004,0.91235,0.09737675337218611
2011,3,2011-03,Bonorowo,0.47171277777777776,0.47425,0.11900000000000001,0.7049000000000001,0.10153062887925636
2011,3,2011-03,Padureso,0.7009386467889908,0.73085,0.37725000000000003,0.8993,0.10061385389064695
2011,3,2011-03,Poncowarno,0.6487317582417583,0.66755,0.29665,0.8391000000000001,0.10338898158600898
2011,3,2011-03,Karangsambung,0.7188501326259947,0.72885,0.36920000000000003,0.90995,0.10191277445127918
2011,4,2011-04,Ayah,0.7445848890589135,0.76515,0.11045,0.93705,0.11734198965256527
2011,4,2011-04,Buayan,0.7928479500891266,0.8134,-0.0025,0.9589500000000001,0.09521338873390436
2011,4,2011-04,Puring,0.6861098196392785,0.7070750000000001,0.10400000000000001,0.91925,0.11185391181780559
2011,4,2011-04,Petanahan,0.7090583673469387,0.7371000000000001,0.0635,0.87755,0.10587868009838083
2011,4,2011-04,Klirong,0.679741275659824,0.696175,0.2087,0.8480500000000001,0.08658629301008905
2011,4,2011-04,Buluspesantren,0.6197956257594168,0.6554,0.20195000000000002,0.8541500000000001,0.14074379156976932
2011,4,2011-04,Ambal,0.5403128269617706,0.563225,-0.038650000000000004,0.8553000000000001,0.17005395643013277
2011,4,2011-04,Mirit,0.5507301478953357,0.56915,0.0405,0.8515,0.13769393656290654
2011,4,2011-04,Prembun,0.6225778481012658,0.6366,0.25595,0.8514,0.1464921075652666
2011,4,2011-04,Kutowinangun,0.6294198230088496,0.6950000000000001,0.0639,0.8560500000000001,0.18021899683284695
2011,4,2011-04,Alian,0.7364894877267876,0.77335,0.23685,0.8952,0.113673562488891
2011,4,2011-04,Kebumen,0.5894952755905511,0.588925,0.2503,0.8557,0.11681710949538089
2011,4,2011-04,Pejagoan,0.7220288659793814,0.7726,0.2953,0.8993,0.13484023185695113
2011,4,2011-04,Sruweng,0.7347346361185983,0.76195,0.3679,0.9096500000000001,0.11229124849101477
2011,4,2011-04,Adimulyo,0.7254704038997216,0.757825,0.039900000000000005,0.88165,0.11257530660318299
2011,4,2011-04,Kuwarasan,0.7609315699658704,0.79405,0.30005000000000004,0.87465,0.1022916299255482
2011,4,2011-04,Rowokele,0.7296672757475083,0.77105,0.14400000000000002,0.92205,0.13255867110513267
2011,4,2011-04,Sempor,0.7427549845201239,0.77725,0.1806,0.9426500000000001,0.1101893507279821
2011,4,2011-04,Gombong,0.7496558912386708,0.7783,0.36835,0.8912,0.09983075906868515
2011,4,2011-04,Karanganyar,0.7687464077669903,0.7917500000000001,0.45530000000000004,0.9146500000000001,0.08103733606560884
2011,4,2011-04,Karanggayam,0.7675328329694324,0.7912,0.38220000000000004,0.9208500000000001,0.07531937564456695
2011,4,2011-04,Sadang,0.7571615583075336,0.7976500000000001,0.3524,0.8854500000000001,0.09934695182797386
2011,4,2011-04,Bonorowo,0.5389886111111112,0.549075,0.21675,0.77585,0.11678348613644868
2011,4,2011-04,Padureso,0.7942307339449541,0.8017000000000001,0.4102,0.87195,0.04658647720290644
2011,4,2011-04,Poncowarno,0.7369996703296705,0.7487,0.41615,0.8905000000000001,0.08152453176873264
2011,4,2011-04,Karangsambung,0.7439302387267905,0.76095,0.31995,0.91205,0.08412493819434852
2011,5,2011-05,Ayah,0.8107699162223915,0.8453,0.0847,0.9739000000000001,0.08880324302831723
2011,5,2011-05,Buayan,0.7977691584601612,0.8180000000000001,0.057,0.9667,0.08367261341359022
2011,5,2011-05,Puring,0.7724110279441119,0.78795,0.0825,0.9303,0.08040499464779904
2011,5,2011-05,Petanahan,0.7906055779569894,0.801425,0.37360000000000004,0.8965000000000001,0.06170890152444895
2011,5,2011-05,Klirong,0.7629095683453239,0.7865500000000001,0.1082,0.8783000000000001,0.08368319892635252
2011,5,2011-05,Buluspesantren,0.76895900243309,0.786475,0.49150000000000005,0.8882,0.07028185031310064
2011,5,2011-05,Ambal,0.7455191308691309,0.7663000000000001,0.19745000000000001,0.89065,0.08395298168028843
2011,5,2011-05,Mirit,0.7175917156286722,0.7381500000000001,0.0776,0.8822500000000001,0.11148764605194383
2011,5,2011-05,Prembun,0.7545559493670886,0.7691,0.41090000000000004,0.86555,0.0695269526741201
2011,5,2011-05,Kutowinangun,0.7743783185840709,0.78605,0.42625,0.8751,0.06033212197014645
2011,5,2011-05,Alian,0.7938082710779083,0.80155,0.51275,0.89875,0.051435032001235684
2011,5,2011-05,Kebumen,0.7416862204724409,0.7585000000000001,0.33445,0.88265,0.09794165958117974
2011,5,2011-05,Pejagoan,0.7772575601374571,0.8113750000000001,0.41550000000000004,0.89365,0.08550208988156839
2011,5,2011-05,Sruweng,0.8040381401617249,0.8148500000000001,0.46790000000000004,0.8918,0.05190909734956025
2011,5,2011-05,Adimulyo,0.7782158077994428,0.7826250000000001,0.5468500000000001,0.87895,0.043675058505851155
2011,5,2011-05,Kuwarasan,0.7411417235494882,0.7488,0.43915000000000004,0.8917,0.06264268691684995
2011,5,2011-05,Rowokele,0.8005225359911406,0.8201,0.35005000000000003,0.9254,0.07608458415950563
2011,5,2011-05,Sempor,0.7766851083591332,0.7999,0.19835,0.9386,0.08398270135293485
2011,5,2011-05,Gombong,0.6551196374622357,0.67015,0.37620000000000003,0.8533000000000001,0.0907900544940619
2011,5,2011-05,Karanganyar,0.789918932038835,0.80645,0.49295,0.8644000000000001,0.05856142452629358
2011,5,2011-05,Karanggayam,0.7860158024017468,0.8051,0.40935000000000005,0.9009,0.06951203655478456
2011,5,2011-05,Sadang,0.8057709494324047,0.82675,0.49225,0.8952,0.0638991448036053
2011,5,2011-05,Bonorowo,0.6804509722222222,0.7307250000000001,0.2024,0.8353,0.13523797972011045
2011,5,2011-05,Padureso,0.8236205275229359,0.829925,0.3392,0.8847,0.04189514307475068
2011,5,2011-05,Poncowarno,0.7965948351648352,0.79995,0.5926,0.8861,0.04078114155208888
2011,5,2011-05,Karangsambung,0.7811341732979665,0.7949,0.3574,0.8827,0.06748963942298676
2011,6,2011-06,Ayah,0.7797168826219513,0.8261750000000001,0.021,0.9474,0.1170001443725329
2011,6,2011-06,Buayan,0.7461790917266188,0.7888250000000001,0.4027,0.8938,0.12528016282072463
2011,6,2011-06,Puring,0.6423263,0.6502,0.36175,0.83925,0.1146642069623734
2011,6,2011-06,Petanahan,0.6322724965706447,0.62905,0.37360000000000004,0.82055,0.10115735776628151
2011,6,2011-06,Klirong,0.666684964028777,0.66735,0.3413,0.8318000000000001,0.07633011555150838
2011,6,2011-06,Buluspesantren,0.6755085365853659,0.6908500000000001,0.262,0.8230000000000001,0.09520347484335151
2011,6,2011-06,Ambal,0.7100336509528585,0.72765,0.22410000000000002,0.84645,0.09073585749866801
2011,6,2011-06,Mirit,0.6983076966932726,0.7212000000000001,0.1622,0.8692500000000001,0.10280709066577073
2011,6,2011-06,Prembun,0.7017177215189873,0.70475,0.44495,0.84065,0.060820012965199254
2011,6,2011-06,Kutowinangun,0.7087873451327433,0.72045,0.40080000000000005,0.8204,0.06262490438786193
2011,6,2011-06,Alian,0.7493481856990396,0.76295,0.5761000000000001,0.8591500000000001,0.06241685433721346
2011,6,2011-06,Kebumen,0.6089994750656168,0.6064750000000001,0.32480000000000003,0.85075,0.08836657646981004
2011,6,2011-06,Pejagoan,0.7269165807560137,0.7697750000000001,0.41440000000000005,0.872,0.10075602804010655
2011,6,2011-06,Sruweng,0.7034582210242588,0.740675,0.40390000000000004,0.90285,0.11166084448532024
2011,6,2011-06,Adimulyo,0.5680025069637883,0.5685,0.3709,0.7571,0.07543396792819541
2011,6,2011-06,Kuwarasan,0.5556540102389078,0.56165,0.34795000000000004,0.7699,0.09614223347806139
2011,6,2011-06,Rowokele,0.7451271871539314,0.7845500000000001,0.38815,0.8905500000000001,0.1131956780460302
2011,6,2011-06,Sempor,0.7391010835913312,0.7753,0.0073,0.8883000000000001,0.10529291631624614
2011,6,2011-06,Gombong,0.48100226586102723,0.45675000000000004,0.33185000000000003,0.8107500000000001,0.0980588732125339
2011,6,2011-06,Karanganyar,0.6883513592233009,0.7512000000000001,0.3709,0.83965,0.12724252227097932
2011,6,2011-06,Karanggayam,0.7544464519650655,0.767925,0.3947,0.8956500000000001,0.06651770958797862
2011,6,2011-06,Sadang,0.7824090299277606,0.80105,0.5595,0.8864500000000001,0.059683292520407286
2011,6,2011-06,Bonorowo,0.6865276388888889,0.703325,0.32885000000000003,0.8228500000000001,0.08408613469884213
2011,6,2011-06,Padureso,0.7884128440366973,0.7926500000000001,0.4752,0.88015,0.04963907607945123
2011,6,2011-06,Poncowarno,0.7613147252747252,0.76425,0.6054,0.87685,0.046431778889663405
2011,6,2011-06,Karangsambung,0.7594539787798409,0.77115,0.33490000000000003,0.863,0.06980543442736267
2011,7,2011-07,Ayah,0.6952605382865807,0.72485,0.1618,0.91925,0.12936632472594706
2011,7,2011-07,Buayan,0.64442656529517,0.6506000000000001,0.17555,0.9209,0.13472665175868584
2011,7,2011-07,Puring,0.5716839795918368,0.5938000000000001,0.19340000000000002,0.86685,0.17224260150717294
2011,7,2011-07,Petanahan,0.6044270013568521,0.6481,0.18180000000000002,0.85285,0.1429454988020918
2011,7,2011-07,Klirong,0.6187596797671033,0.6278,0.19970000000000002,0.8415,0.09921294290308036
2011,7,2011-07,Buluspesantren,0.608729539951574,0.6311500000000001,0.28800000000000003,0.8214,0.12256391979741824
2011,7,2011-07,Ambal,0.53912749244713,0.52505,-0.017400000000000002,0.8802500000000001,0.14551043985295212
2011,7,2011-07,Mirit,0.5487348850574713,0.539825,0.0176,0.8620500000000001,0.1262395145468833
2011,7,2011-07,Prembun,0.5693389873417722,0.5737,0.26295,0.75105,0.09240615368838188
2011,7,2011-07,Kutowinangun,0.5736323008849558,0.59325,0.2725,0.80145,0.10283108322823295
2011,7,2011-07,Alian,0.6413856456776948,0.66735,0.31285,0.8178500000000001,0.10306542965620484
2011,7,2011-07,Kebumen,0.516478346456693,0.508875,0.2043,0.8602500000000001,0.10677340325508325
2011,7,2011-07,Pejagoan,0.6142934707903781,0.6201000000000001,0.23805,0.8245,0.12656096645713993
2011,7,2011-07,Sruweng,0.620766846361186,0.6422,0.2647,0.8489500000000001,0.11804785017878783
2011,7,2011-07,Adimulyo,0.6506678272980502,0.686675,0.21835000000000002,0.82675,0.11272960736106889
2011,7,2011-07,Kuwarasan,0.6682079351535836,0.709775,0.19255,0.8839,0.12331067555489536
2011,7,2011-07,Rowokele,0.6825642303433002,0.6941,0.34385,0.8701500000000001,0.09589434255031026
2011,7,2011-07,Sempor,0.630924891640867,0.64425,0.10985,0.8834500000000001,0.10729549720730824
2011,7,2011-07,Gombong,0.6603394259818732,0.6788000000000001,0.3551,0.84255,0.10772723517926369
2011,7,2011-07,Karanganyar,0.6803864077669903,0.6978000000000001,0.41100000000000003,0.8461000000000001,0.08282664432068923
2011,7,2011-07,Karanggayam,0.6701114082969433,0.68735,0.32025000000000003,0.89825,0.09090264695575455
2011,7,2011-07,Sadang,0.7389736842105262,0.7751,0.3209,0.8801,0.10682618340671914
2011,7,2011-07,Bonorowo,0.5920398611111112,0.592975,0.3165,0.8041,0.09478191020110113
2011,7,2011-07,Padureso,0.700559518348624,0.714775,0.17695,0.80905,0.0727143113382219
2011,7,2011-07,Poncowarno,0.6570125274725275,0.6598,0.3568,0.81015,0.07524394157778641
2011,7,2011-07,Karangsambung,0.6539579133510169,0.66115,0.2992,0.89185,0.09719441431882497
2011,8,2011-08,Ayah,0.6527110810810812,0.6694,0.2169,0.8726,0.11289730203056703
2011,8,2011-08,Buayan,0.6011782511210763,0.61685,0.17400000000000002,0.8669,0.12003579789323346
2011,8,2011-08,Puring,0.5522387948207171,0.57215,0.228,0.8214,0.13679036850880488
2011,8,2011-08,Petanahan,0.5848576446280992,0.604125,0.2293,0.77675,0.11204580527372923
2011,8,2011-08,Klirong,0.6415254730713246,0.6633,0.0531,0.7873,0.09148576132817132
2011,8,2011-08,Buluspesantren,0.630902442002442,0.65485,0.15710000000000002,0.8189500000000001,0.10564562804108533
2011,8,2011-08,Ambal,0.513001638530288,0.50265,0.1754,0.8499500000000001,0.12952475351217504
2011,8,2011-08,Mirit,0.5100928987194412,0.5062,0.1302,0.8168000000000001,0.1136602624662234
2011,8,2011-08,Prembun,0.5802656962025317,0.5889,0.329,0.7476,0.09327141994708606
2011,8,2011-08,Kutowinangun,0.5486965486725663,0.5497000000000001,0.31285,0.7974,0.0838228330855944
2011,8,2011-08,Alian,0.5610977588046958,0.5730000000000001,0.29095,0.8298500000000001,0.08870794998112803
2011,8,2011-08,Kebumen,0.5345159448818898,0.5277000000000001,0.2404,0.787,0.10657444912851688
2011,8,2011-08,Pejagoan,0.5529597938144329,0.5713,0.2655,0.7622,0.09292028790356388
2011,8,2011-08,Sruweng,0.5823497304582211,0.6006750000000001,0.29615,0.7657,0.08891565254847662
2011,8,2011-08,Adimulyo,0.5583264623955432,0.55515,0.31775000000000003,0.794,0.08586665471336138
2011,8,2011-08,Kuwarasan,0.5532826791808874,0.5498750000000001,0.25115,0.8571000000000001,0.11295319556593243
2011,8,2011-08,Rowokele,0.6070904208194905,0.6098,0.30635,0.8934500000000001,0.11449188213056222
2011,8,2011-08,Sempor,0.564333931888545,0.57425,0.2139,0.84185,0.0985080625027145
2011,8,2011-08,Gombong,0.4719558912386707,0.46735000000000004,0.30155000000000004,0.7118,0.07923001460644837
2011,8,2011-08,Karanganyar,0.566326213592233,0.57735,0.3378,0.7887000000000001,0.08564053398023858
2011,8,2011-08,Karanggayam,0.5555465338427948,0.5626,0.27590000000000003,0.80225,0.09612067265712307
2011,8,2011-08,Sadang,0.6324006707946336,0.64095,0.3473,0.86275,0.11379999164369586
2011,8,2011-08,Bonorowo,0.575361388888889,0.590975,0.3115,0.795,0.08757054907180642
2011,8,2011-08,Padureso,0.6247879587155963,0.6454500000000001,0.28185,0.7714500000000001,0.08467586158435793
2011,8,2011-08,Poncowarno,0.5699925274725275,0.5648000000000001,0.32195,0.8599,0.10091198525614864
2011,8,2011-08,Karangsambung,0.5888442528735633,0.58845,0.25680000000000003,0.8048500000000001,0.08985848926241276
2011,9,2011-09,Ayah,0.6534956621004566,0.66915,0.17420000000000002,0.8659,0.10458983959923007
2011,9,2011-09,Buayan,0.603665994623656,0.626925,0.0921,0.8717,0.11424443678759133
2011,9,2011-09,Puring,0.44338926805143414,0.43575,0.20635,0.83365,0.1275045662612372
2011,9,2011-09,Petanahan,0.4760813778990451,0.4675,0.22185000000000002,0.78095,0.13502555830677027
2011,9,2011-09,Klirong,0.5072155982905983,0.5106,0.1908,0.76485,0.08912246285651396
2011,9,2011-09,Buluspesantren,0.4990420509708738,0.500375,0.2509,0.7374,0.09976748907097205
2011,9,2011-09,Ambal,0.45678363095238095,0.44985,0.11030000000000001,0.7786500000000001,0.1281023467775334
2011,9,2011-09,Mirit,0.4617306818181818,0.462625,0.16105,0.7539,0.1075306241875843
2011,9,2011-09,Prembun,0.49404911392405065,0.4963,0.21815,0.73955,0.07953248300942986
2011,9,2011-09,Kutowinangun,0.4822030973451327,0.47875,0.24745,0.72375,0.08756909617810785
2011,9,2011-09,Alian,0.4889623265741729,0.4928,0.20305,0.8549,0.0982811722330624
2011,9,2011-09,Kebumen,0.4240774278215223,0.42960000000000004,0.0913,0.6894,0.09701771841284879
2011,9,2011-09,Pejagoan,0.4826468213058419,0.490175,0.11,0.73385,0.11552422029726533
2011,9,2011-09,Sruweng,0.46963625336927234,0.46482500000000004,0.18610000000000002,0.7169500000000001,0.11075383019414882
2011,9,2011-09,Adimulyo,0.44534658774373265,0.442375,0.18815,0.6635500000000001,0.07932155459817859
2011,9,2011-09,Kuwarasan,0.4603399317406144,0.46042500000000003,0.19615000000000002,0.7040000000000001,0.10407798976362707
2011,9,2011-09,Rowokele,0.5698891472868216,0.5787,0.08745,0.8939,0.12644959749736773
2011,9,2011-09,Sempor,0.48766538699690404,0.49815000000000004,0.09140000000000001,0.78695,0.11859395310114566
2011,9,2011-09,Gombong,0.37218006042296076,0.35025,0.0949,0.7212000000000001,0.09925522296178033
2011,9,2011-09,Karanganyar,0.4775485436893205,0.47150000000000003,0.2184,0.6768500000000001,0.09756120375672742
2011,9,2011-09,Karanggayam,0.486124672489083,0.48857500000000004,0.22205,0.8545,0.09709693389288504
2011,9,2011-09,Sadang,0.5577521155830754,0.5628500000000001,0.22805,0.87185,0.14161452076098818
2011,9,2011-09,Bonorowo,0.49527041666666666,0.497625,0.31715,0.65985,0.0734699908019424
2011,9,2011-09,Padureso,0.5668712155963304,0.585075,0.11665,0.74665,0.10676272871983843
2011,9,2011-09,Poncowarno,0.44750989010989006,0.44305,0.12865000000000001,0.78725,0.11554890825485555
2011,9,2011-09,Karangsambung,0.4835018125552608,0.48255000000000003,0.18525,0.87105,0.10367449067445927
2011,10,2011-10,Ayah,0.6331640371229699,0.6568,0.022000000000000002,0.9906,0.1459444061847433
2011,10,2011-10,Buayan,0.5500392632524709,0.5667,0.0468,0.9903000000000001,0.17440440862720089
2011,10,2011-10,Puring,0.43780438247011955,0.40735,0.1685,0.8913000000000001,0.15212822143733354
2011,10,2011-10,Petanahan,0.4486177266576455,0.4409,0.0824,0.7829,0.13980096347331092
2011,10,2011-10,Klirong,0.4782467625899281,0.4773,0.1405,0.7368,0.11096592029959669
2011,10,2011-10,Buluspesantren,0.4525499377334994,0.44630000000000003,-0.024,0.7401,0.11676048408795849
2011,10,2011-10,Ambal,0.4336370221327968,0.42060000000000003,0.06430000000000001,0.7983,0.13621858262033146
2011,10,2011-10,Mirit,0.43725428571428576,0.4419,0.062200000000000005,0.8083,0.11958354101477617
2011,10,2011-10,Prembun,0.41013569620253165,0.4141,0.0922,0.9524,0.14330403217346513
2011,10,2011-10,Kutowinangun,0.36835769911504423,0.3579,0.0611,0.7667,0.15746583514268675
2011,10,2011-10,Alian,0.4055820704375667,0.4243,0.0316,0.9870000000000001,0.1733693060013105
2011,10,2011-10,Kebumen,0.3762479002624672,0.37125,0.0499,0.9982000000000001,0.11749245087515824
2011,10,2011-10,Pejagoan,0.4354183848797251,0.4263,0.0345,0.9169,0.1650109537824134
2011,10,2011-10,Sruweng,0.35370026954177897,0.3564,0.0346,0.9354,0.16235121274647382
2011,10,2011-10,Adimulyo,0.4570483286908078,0.45,0.07440000000000001,0.7886000000000001,0.10955626562836264
2011,10,2011-10,Kuwarasan,0.45839470989761094,0.47990000000000005,0.07730000000000001,0.7492000000000001,0.15250397395147094
2011,10,2011-10,Rowokele,0.3726346622369878,0.3558,0.0346,0.9517,0.21252332805331542
2011,10,2011-10,Sempor,0.32696278637770904,0.3085,0.0223,0.9281,0.16681514214603554
2011,10,2011-10,Gombong,0.3076006042296073,0.27890000000000004,0.0402,0.9052,0.15456522415883972
2011,10,2011-10,Karanganyar,0.34733436893203884,0.35250000000000004,0.0476,0.8509,0.1819411241677832
2011,10,2011-10,Karanggayam,0.3518552703440743,0.3352,0.0275,0.9754,0.19622250579027226
2011,10,2011-10,Sadang,0.46859618163054695,0.47890000000000005,0.0472,0.9908,0.22817454324170888
2011,10,2011-10,Bonorowo,0.5003422222222222,0.49865000000000004,0.2812,0.7211000000000001,0.09500208445406493
2011,10,2011-10,Padureso,0.4362520642201836,0.45275000000000004,0.0373,0.862,0.18284232396116282
2011,10,2011-10,Poncowarno,0.36306329670329673,0.343,0.0346,0.9939,0.19362054675420037
2011,10,2011-10,Karangsambung,0.4270807250221043,0.4334,0.0374,0.9749000000000001,0.177581966728015
2011,11,2011-11,Ayah,0.6262146106399383,0.6485000000000001,-0.11270000000000001,0.933,0.13341081599879828
2011,11,2011-11,Buayan,0.6348472719141324,0.6728750000000001,0.17555,0.86795,0.14042296412753985
2011,11,2011-11,Puring,0.5133840954274353,0.5647249999999999,-0.0921,0.804,0.19629269733579666
2011,11,2011-11,Petanahan,0.47950857142857145,0.48810000000000003,0.06335,0.80835,0.19571203419281902
2011,11,2011-11,Klirong,0.5335317790530847,0.5594,0.019100000000000002,0.77405,0.15184495392949598
2011,11,2011-11,Buluspesantren,0.5095137828162292,0.5329,-0.006900000000000001,0.77695,0.1584283754105084
2011,11,2011-11,Ambal,0.47605645,0.5136499999999999,-0.022500000000000003,0.78235,0.1825701782353775
2011,11,2011-11,Mirit,0.4975778221208666,0.52585,-0.038700000000000005,0.795,0.15755454942536476
2011,11,2011-11,Prembun,0.4779703797468354,0.4863,-0.03155,0.7731,0.12476576284516841
2011,11,2011-11,Kutowinangun,0.4857707079646018,0.49615000000000004,0.12090000000000001,0.7885000000000001,0.13046352463982297
2011,11,2011-11,Alian,0.49379455709711845,0.4848,0.15015,0.8884500000000001,0.12428307222149111
2011,11,2011-11,Kebumen,0.4092965879265092,0.4,0.10825,0.7692,0.11170453290750913
2011,11,2011-11,Pejagoan,0.5138418384879726,0.51145,0.17320000000000002,0.84435,0.13188539756396922
2011,11,2011-11,Sruweng,0.5167566037735849,0.5257750000000001,0.15395,0.8201,0.14024574853928498
2011,11,2011-11,Adimulyo,0.4327660863509749,0.431925,-0.013900000000000001,0.84045,0.13593396498533108
2011,11,2011-11,Kuwarasan,0.44386723549488055,0.463075,0.0066,0.7353500000000001,0.15256046846220914
2011,11,2011-11,Rowokele,0.6213071982281285,0.6486000000000001,0.14715,0.90225,0.14690844099907632
2011,11,2011-11,Sempor,0.5613871826625387,0.58035,-0.0969,0.8895500000000001,0.13861598513219128
2011,11,2011-11,Gombong,0.4135083081570997,0.39905,0.16065000000000002,0.7407,0.12185114606163308
2011,11,2011-11,Karanganyar,0.5516161165048544,0.5558000000000001,0.11345000000000001,0.8692500000000001,0.14104028376024663
2011,11,2011-11,Karanggayam,0.5907187227074235,0.612725,0.1374,0.8956000000000001,0.12036140329557973
2011,11,2011-11,Sadang,0.6230191434468526,0.6527000000000001,0.1804,0.87365,0.14127546959751727
2011,11,2011-11,Bonorowo,0.5230920833333333,0.5470250000000001,0.128,0.7407,0.12296921131072584
2011,11,2011-11,Padureso,0.6064518348623853,0.61995,0.2836,0.7704000000000001,0.0839942804481914
2011,11,2011-11,Poncowarno,0.5045241758241759,0.49435,0.09820000000000001,0.8724500000000001,0.11728319656178078
2011,11,2011-11,Karangsambung,0.5686223695844387,0.5773,0.13735,0.8335,0.12784059481489268
2011,12,2011-12,Ayah,0.7058927370030581,0.74075,0.1472,0.9544,0.12961987547634313
2011,12,2011-12,Buayan,0.7376047279214987,0.77315,0.27725,0.91495,0.12778515699000362
2011,12,2011-12,Puring,0.603425024777007,0.6452,-0.0334,0.8886000000000001,0.19685372500712742
2011,12,2011-12,Petanahan,0.563829781420765,0.5598750000000001,0.1308,0.8836,0.13512953831550695
2011,12,2011-12,Klirong,0.5798210334788938,0.57925,0.09230000000000001,0.8773500000000001,0.14049840923105641
2011,12,2011-12,Buluspesantren,0.517999576783555,0.5286000000000001,0.0256,0.84865,0.158152757830439
2011,12,2011-12,Ambal,0.5575774850894633,0.5680000000000001,0.0671,0.8934500000000001,0.13938087698576643
2011,12,2011-12,Mirit,0.5694282110091743,0.5719000000000001,0.0267,0.8524,0.16239663094053464
2011,12,2011-12,Prembun,0.5463035443037975,0.5639500000000001,0.12515,0.81565,0.13673234581656676
2011,12,2011-12,Kutowinangun,0.5991142477876107,0.62195,0.20980000000000001,0.8462000000000001,0.13261840111651046
2011,12,2011-12,Alian,0.7008528815368197,0.7219,0.17325000000000002,0.8955000000000001,0.110204379488774
2011,12,2011-12,Kebumen,0.4842389763779527,0.4727,0.20515,0.84365,0.12490722947163739
2011,12,2011-12,Pejagoan,0.6063951890034365,0.61565,0.2576,0.8389500000000001,0.11805057533091841
2011,12,2011-12,Sruweng,0.5937742587601078,0.6200000000000001,0.15955,0.90015,0.16011554797697003
2011,12,2011-12,Adimulyo,0.47891824512534825,0.4924,0.1135,0.8167000000000001,0.12219683799453208
2011,12,2011-12,Kuwarasan,0.5684911262798635,0.5967500000000001,0.15275,0.7689,0.12195730337364699
2011,12,2011-12,Rowokele,0.697443300110742,0.72945,0.13235,0.9164,0.14664508681206895
2011,12,2011-12,Sempor,0.7110653560371517,0.7332500000000001,0.16905,0.9263,0.13588510353131186
2011,12,2011-12,Gombong,0.540724924471299,0.5257000000000001,0.24035,0.8629,0.12055259757505848
2011,12,2011-12,Karanganyar,0.6400380582524272,0.67035,0.16240000000000002,0.9094500000000001,0.17224596817217355
2011,12,2011-12,Karanggayam,0.6697807041484717,0.6681,0.24205000000000002,0.94005,0.11363624576338448
2011,12,2011-12,Sadang,0.6857850361197111,0.7089500000000001,0.27205,0.8799,0.10360607342223184
2011,12,2011-12,Bonorowo,0.4986198611111111,0.51535,0.0838,0.82745,0.14979676435918338
2011,12,2011-12,Padureso,0.7112397935779816,0.7178500000000001,0.30870000000000003,0.8956000000000001,0.0627776384193277
2011,12,2011-12,Poncowarno,0.6757931868131869,0.69135,0.40785000000000005,0.8757,0.08687092937895222
2011,12,2011-12,Karangsambung,0.676339566755084,0.6907500000000001,0.323,0.93155,0.1147534496085907
2012,1,2012-01,Ayah,0.7495169847328245,0.7900750000000001,-0.1165,0.9133,0.1300780705963479
2012,1,2012-01,Buayan,0.7958049509366637,0.8076,0.21005000000000001,0.9773000000000001,0.0759235821736721
2012,1,2012-01,Puring,0.7162880500000001,0.7318,0.20620000000000002,0.9458000000000001,0.11108980070059313
2012,1,2012-01,Petanahan,0.7746332223701731,0.81415,0.1504,0.9493,0.12449651722465063
2012,1,2012-01,Klirong,0.7489269784172663,0.78315,0.15610000000000002,0.91935,0.1136894235993483
2012,1,2012-01,Buluspesantren,0.7846751219512196,0.7978000000000001,0.48465,0.92715,0.07991676739177443
2012,1,2012-01,Ambal,0.81201765,0.8511250000000001,0.051800000000000006,0.9738,0.11971573787926759
2012,1,2012-01,Mirit,0.7201812712826333,0.76695,0.1323,0.9424,0.15535702980359165
2012,1,2012-01,Prembun,0.7469862025316456,0.7492500000000001,0.5376000000000001,0.91015,0.08423529556243409
2012,1,2012-01,Kutowinangun,0.7495679646017699,0.76495,0.4632,0.9192,0.10294174759791104
2012,1,2012-01,Alian,0.7559869263607258,0.778,0.40240000000000004,0.9560500000000001,0.10653149444555104
2012,1,2012-01,Kebumen,0.7347755249343833,0.742675,0.3689,0.94305,0.10630446876827437
2012,1,2012-01,Pejagoan,0.6529615979381443,0.65645,0.22585000000000002,0.93,0.14728821845002402
2012,1,2012-01,Sruweng,0.743142385444744,0.7577750000000001,0.36815000000000003,0.94615,0.12274489377600699
2012,1,2012-01,Adimulyo,0.7279350974930363,0.7289000000000001,0.2645,0.96475,0.12722053900189229
2012,1,2012-01,Kuwarasan,0.7878355802047782,0.80235,0.4043,0.97235,0.11427207067313588
2012,1,2012-01,Rowokele,0.7765731450719824,0.79635,0.32555,0.9658500000000001,0.08469155940211719
2012,1,2012-01,Sempor,0.7011692879256967,0.71235,0.050800000000000005,0.9492,0.10368376604656206
2012,1,2012-01,Gombong,0.771395166163142,0.78905,0.44635,0.9730500000000001,0.10617702615433545
2012,1,2012-01,Karanganyar,0.7453045631067962,0.766,0.37525000000000003,0.9679000000000001,0.09808993695382438
2012,1,2012-01,Karanggayam,0.6325950054585154,0.6341,0.31770000000000004,0.9225500000000001,0.121110236124387
2012,1,2012-01,Sadang,0.6598005159958721,0.66,0.31335,0.94015,0.0946776487460286
2012,1,2012-01,Bonorowo,0.6714061111111111,0.702775,0.25070000000000003,0.9029,0.12707449490090839
2012,1,2012-01,Padureso,0.781208256880734,0.7902750000000001,0.40890000000000004,0.9128000000000001,0.0837006455325039
2012,1,2012-01,Poncowarno,0.7146634065934067,0.72585,0.29500000000000004,0.90835,0.11265740039704138
2012,1,2012-01,Karangsambung,0.7042953138815208,0.7112,0.29855000000000004,0.93025,0.10623559125336006
2012,2,2012-02,Ayah,0.7297918867924528,0.7486,0.14450000000000002,0.91125,0.11907828267147282
2012,2,2012-02,Buayan,0.7786869740376008,0.78635,0.2192,0.9237500000000001,0.06382928736613763
2012,2,2012-02,Puring,0.7402557791537668,0.7679,0.1136,0.89595,0.10122021549781897
2012,2,2012-02,Petanahan,0.6825648965517241,0.7087,0.0902,0.91095,0.11666984581681906
2012,2,2012-02,Klirong,0.6834945095168375,0.6977,0.085,0.8752000000000001,0.10648046935559788
2012,2,2012-02,Buluspesantren,0.7036448918269232,0.7252500000000001,0.2197,0.8687,0.09813756255809529
2012,2,2012-02,Ambal,0.7143767062314541,0.7240500000000001,0.1305,0.8872500000000001,0.09883929484607522
2012,2,2012-02,Mirit,0.7078766402714931,0.748775,-0.0609,0.9287500000000001,0.13017434530458347
2012,2,2012-02,Prembun,0.7675843037974684,0.7837000000000001,0.47325,0.9107000000000001,0.06793716386957793
2012,2,2012-02,Kutowinangun,0.7228503539823008,0.74195,0.40740000000000004,0.87095,0.08097369041668848
2012,2,2012-02,Alian,0.7826608858057632,0.7963,0.53405,0.9093,0.0686761621260203
2012,2,2012-02,Kebumen,0.6908950787401574,0.7003250000000001,0.36035,0.9302,0.09647046879979965
2012,2,2012-02,Pejagoan,0.7630426975945018,0.7847,0.41795000000000004,0.924,0.09999491264090984
2012,2,2012-02,Sruweng,0.7778810646900268,0.79825,0.40340000000000004,0.91305,0.08873053927678405
2012,2,2012-02,Adimulyo,0.7526573119777159,0.772525,0.35715,0.8963500000000001,0.07794501927258768
2012,2,2012-02,Kuwarasan,0.758910409556314,0.774975,0.5503,0.88895,0.05701152084788282
2012,2,2012-02,Rowokele,0.741111184939092,0.7791,0.14045000000000002,0.9318000000000001,0.1140525780086674
2012,2,2012-02,Sempor,0.751794024767802,0.77925,0.14650000000000002,0.9191,0.1059440243723539
2012,2,2012-02,Gombong,0.6777542296072508,0.69375,0.37945,0.86845,0.10101738908484162
2012,2,2012-02,Karanganyar,0.764841067961165,0.7738,0.2775,0.9244,0.090947526148058
2012,2,2012-02,Karanggayam,0.76607942139738,0.7886250000000001,0.29995,0.9411,0.09419165841431976
2012,2,2012-02,Sadang,0.7374492260061921,0.7613500000000001,0.14285,0.9469500000000001,0.11097022856319577
2012,2,2012-02,Bonorowo,0.7565644444444445,0.7766500000000001,0.41985,0.901,0.08582786301158735
2012,2,2012-02,Padureso,0.8025788990825687,0.8178000000000001,0.25715,0.8854000000000001,0.06109166223519819
2012,2,2012-02,Poncowarno,0.7773301098901099,0.7875500000000001,0.51875,0.88495,0.06414894408687061
2012,2,2012-02,Karangsambung,0.7872910698496907,0.8017000000000001,0.25285,0.9314,0.07973261881944423
2012,3,2012-03,Ayah,0.734265349544073,0.75315,0.055400000000000005,0.9242,0.13635970178623302
2012,3,2012-03,Buayan,0.7311478085867621,0.7647,0.3014,0.93415,0.12659632792229322
2012,3,2012-03,Puring,0.6034839641434262,0.62035,0.1184,0.8825000000000001,0.14685019400364127
2012,3,2012-03,Petanahan,0.5921244897959185,0.5690000000000001,0.2499,0.8816,0.15409380224410654
2012,3,2012-03,Klirong,0.654772668579627,0.6445500000000001,0.1432,0.86995,0.11078741351160673
2012,3,2012-03,Buluspesantren,0.6465916464891042,0.629375,0.4242,0.8752000000000001,0.1101782456201896
2012,3,2012-03,Ambal,0.6340091999999999,0.607675,0.2371,0.8919,0.1162088881297812
2012,3,2012-03,Mirit,0.6579264874141876,0.6762250000000001,0.28500000000000003,0.85755,0.10453418073534403
2012,3,2012-03,Prembun,0.6984244303797469,0.70875,0.40090000000000003,0.8399000000000001,0.08790853836998098
2012,3,2012-03,Kutowinangun,0.695278761061947,0.7372000000000001,0.4358,0.83965,0.10845427012432265
2012,3,2012-03,Alian,0.7741745464247599,0.80955,0.3911,0.8873500000000001,0.099556441602216
2012,3,2012-03,Kebumen,0.6124942913385827,0.59335,0.3255,0.9124,0.1089869337846693
2012,3,2012-03,Pejagoan,0.7622698453608249,0.811775,0.35845,0.9249,0.10789832025679204
2012,3,2012-03,Sruweng,0.714816576819407,0.7495,0.32075000000000004,0.89065,0.1287637757323172
2012,3,2012-03,Adimulyo,0.5699656685236768,0.57555,0.3482,0.8229000000000001,0.08421606497929979
2012,3,2012-03,Kuwarasan,0.5685485494880546,0.573175,0.30985,0.7746000000000001,0.08749255932544099
2012,3,2012-03,Rowokele,0.749475415282392,0.7664000000000001,0.2305,0.9213,0.10305239106239034
2012,3,2012-03,Sempor,0.6926639938080498,0.72345,0.16525,0.9364,0.10444728481737246
2012,3,2012-03,Gombong,0.5133442598187311,0.50085,0.3554,0.8378,0.08755047079735688
2012,3,2012-03,Karanganyar,0.7239150485436894,0.74975,0.44195,0.861,0.10836432724458914
2012,3,2012-03,Karanggayam,0.7571556768558951,0.77485,0.3584,0.9770500000000001,0.07687849351582268
2012,3,2012-03,Sadang,0.77399520123839,0.7916000000000001,0.501,0.8785000000000001,0.07201291665604428
2012,3,2012-03,Bonorowo,0.7119531944444446,0.722175,0.4305,0.8606,0.06259424081216323
2012,3,2012-03,Padureso,0.82030126146789,0.832975,0.46795000000000003,0.8993500000000001,0.05031174972216675
2012,3,2012-03,Poncowarno,0.780013186813187,0.80335,0.50355,0.8714500000000001,0.07199296578702155
2012,3,2012-03,Karangsambung,0.7948709106984969,0.81025,0.324,0.9157500000000001,0.0625875648516549
2012,4,2012-04,Ayah,0.7524437688821752,0.79115,0.2305,0.9489500000000001,0.12595879679582417
2012,4,2012-04,Buayan,0.7600565022421525,0.8102,0.12015,0.92505,0.13224674163459563
2012,4,2012-04,Puring,0.61551298828125,0.66065,0.028200000000000003,0.86595,0.1742790009387781
2012,4,2012-04,Petanahan,0.5882584656084657,0.59535,0.15425,0.8726,0.1772486100826099
2012,4,2012-04,Klirong,0.634664245014245,0.6487,0.22145,0.8878,0.15389178181218868
2012,4,2012-04,Buluspesantren,0.5882892420537897,0.60075,0.21545,0.87455,0.16209636066547056
2012,4,2012-04,Ambal,0.568007956777996,0.5740750000000001,-0.0199,0.87275,0.17753744880293817
2012,4,2012-04,Mirit,0.5997300910125142,0.6108,-0.0088,0.84835,0.13783906000731608
2012,4,2012-04,Prembun,0.6110191139240506,0.61685,0.2001,0.8268500000000001,0.1453660031833212
2012,4,2012-04,Kutowinangun,0.6295037168141594,0.67205,0.2038,0.9221,0.1666917085610423
2012,4,2012-04,Alian,0.7394848986125934,0.7875000000000001,0.2059,0.9067000000000001,0.13518118304928162
2012,4,2012-04,Kebumen,0.5033744750656168,0.48265,0.19995000000000002,0.87995,0.1530970672998035
2012,4,2012-04,Pejagoan,0.7207777491408935,0.789525,0.23440000000000003,0.9154,0.15010778996152382
2012,4,2012-04,Sruweng,0.6692433288409705,0.74745,0.15765,0.925,0.1890057523279194
2012,4,2012-04,Adimulyo,0.5052428272980501,0.521325,0.1769,0.77595,0.12149245254112553
2012,4,2012-04,Kuwarasan,0.575925085324232,0.60065,0.14675000000000002,0.8009000000000001,0.12184023725803848
2012,4,2012-04,Rowokele,0.7493212070874862,0.7897000000000001,0.3483,0.9145000000000001,0.1172342951647396
2012,4,2012-04,Sempor,0.751800278637771,0.7732,0.27925,0.8991,0.0863535004959844
2012,4,2012-04,Gombong,0.5707663141993958,0.5757,0.2833,0.8250000000000001,0.1052707256814948
2012,4,2012-04,Karanganyar,0.680909708737864,0.7272000000000001,0.20785,0.8968,0.15467632001603082
2012,4,2012-04,Karanggayam,0.7994685862445416,0.8210000000000001,0.33515,0.9269000000000001,0.07082295839197997
2012,4,2012-04,Sadang,0.7798986068111455,0.80535,0.46095,0.9407000000000001,0.08060773649781727
2012,4,2012-04,Bonorowo,0.5690815277777778,0.575275,0.1874,0.77125,0.11321254506531464
2012,4,2012-04,Padureso,0.7951561926605505,0.806225,0.49815000000000004,0.8953000000000001,0.05339526237616745
2012,4,2012-04,Poncowarno,0.7406749450549451,0.76265,0.43345,0.8939,0.07277369988002362
2012,4,2012-04,Karangsambung,0.7779558797524314,0.8053,0.33965,0.9117500000000001,0.0816896408710475
2012,5,2012-05,Ayah,0.8084618920972645,0.858875,0.0926,0.937,0.10929176026232536
2012,5,2012-05,Buayan,0.8331251782531195,0.8446750000000001,0.45780000000000004,0.9187500000000001,0.057222341053989254
2012,5,2012-05,Puring,0.7400682132280356,0.7671,0.1691,0.89995,0.10387389207853853
2012,5,2012-05,Petanahan,0.7523758988015979,0.76915,0.0733,0.8883500000000001,0.0823857901610696
2012,5,2012-05,Klirong,0.7195887050359713,0.7307,0.4415,0.85485,0.07078979079173392
2012,5,2012-05,Buluspesantren,0.7001868004866181,0.727025,0.3025,0.8313,0.10174207125074097
2012,5,2012-05,Ambal,0.6449822154471546,0.6890750000000001,0.1759,0.8614,0.14671640078712805
2012,5,2012-05,Mirit,0.6123428490351873,0.6297,0.1222,0.872,0.1189747682592758
2012,5,2012-05,Prembun,0.6680445569620254,0.6954,0.3103,0.8467,0.11623995081974128
2012,5,2012-05,Kutowinangun,0.6913498230088496,0.72955,0.34185000000000004,0.8877,0.12089069889621241
2012,5,2012-05,Alian,0.7644612059765209,0.78285,0.30545,0.8726,0.07595918814007917
2012,5,2012-05,Kebumen,0.6005294619422572,0.59165,0.31845,0.87185,0.12307567450540273
2012,5,2012-05,Pejagoan,0.738455498281787,0.7956000000000001,0.32555,0.8824500000000001,0.1301286893598455
2012,5,2012-05,Sruweng,0.7230285714285715,0.7761750000000001,0.26165,0.88805,0.1397078612980362
2012,5,2012-05,Adimulyo,0.7236184540389972,0.756325,0.30175,0.8714500000000001,0.10075143216621366
2012,5,2012-05,Kuwarasan,0.800973976109215,0.8130250000000001,0.31985,0.9094000000000001,0.07259823867535586
2012,5,2012-05,Rowokele,0.8251800664451827,0.8407,0.38420000000000004,0.9136500000000001,0.06277505113111305
2012,5,2012-05,Sempor,0.8026440557275543,0.8133,0.4293,0.90385,0.05468929538475611
2012,5,2012-05,Gombong,0.76535,0.794,0.39545,0.8976000000000001,0.10117604501359077
2012,5,2012-05,Karanganyar,0.7762690291262135,0.8244,0.3703,0.88185,0.10494533355967099
2012,5,2012-05,Karanggayam,0.7906698962882097,0.8053,0.34690000000000004,0.8875000000000001,0.06411926471572917
2012,5,2012-05,Sadang,0.79018782249742,0.81835,0.42295,0.8939,0.07564455534033644
2012,5,2012-05,Bonorowo,0.5719415277777778,0.5972250000000001,0.2313,0.7714500000000001,0.11594202606211486
2012,5,2012-05,Padureso,0.7982770642201835,0.805625,0.3604,0.86575,0.047854602647939795
2012,5,2012-05,Poncowarno,0.7682697802197803,0.77675,0.58895,0.89785,0.056940504171778386
2012,5,2012-05,Karangsambung,0.7785164014146774,0.79425,0.33530000000000004,0.88675,0.07305447008701016
2012,6,2012-06,Ayah,0.8097903846153846,0.8317,0.2627,0.9469000000000001,0.07416771200258387
2012,6,2012-06,Buayan,0.7754680803571429,0.785825,0.45220000000000005,0.9241,0.07997880035165551
2012,6,2012-06,Puring,0.7420141951219513,0.7534000000000001,-0.0413,0.89315,0.06807138291286026
2012,6,2012-06,Petanahan,0.7611871983914209,0.768175,0.2011,0.85435,0.06361547279038347
2012,6,2012-06,Klirong,0.7445314037626629,0.77285,0.4045,0.8556,0.08634514625346129
2012,6,2012-06,Buluspesantren,0.7533868674698797,0.7889250000000001,0.2069,0.89815,0.1062400529254807
2012,6,2012-06,Ambal,0.7430487487487487,0.7746500000000001,0.0489,0.8873000000000001,0.09986473166522054
2012,6,2012-06,Mirit,0.7136695080091535,0.7279,0.1854,0.9076500000000001,0.11071646526443299
2012,6,2012-06,Prembun,0.7389053164556963,0.74695,0.47175,0.85565,0.05644588107845107
2012,6,2012-06,Kutowinangun,0.7551823008849557,0.76115,0.44755,0.86575,0.0577246224822963
2012,6,2012-06,Alian,0.760978121664888,0.767,0.5568000000000001,0.8741500000000001,0.05027847559660272
2012,6,2012-06,Kebumen,0.7150283464566929,0.7332750000000001,0.30435,0.878,0.09516964072316356
2012,6,2012-06,Pejagoan,0.7471994845360824,0.768475,0.4466,0.8935000000000001,0.08058095313611874
2012,6,2012-06,Sruweng,0.7770962938005391,0.7867500000000001,0.46035000000000004,0.87895,0.04780036501213914
2012,6,2012-06,Adimulyo,0.7576431754874652,0.764275,0.6071500000000001,0.8371500000000001,0.03900047115206956
2012,6,2012-06,Kuwarasan,0.6838513651877133,0.7009500000000001,0.38645,0.8149500000000001,0.0808912460818568
2012,6,2012-06,Rowokele,0.7914374861572536,0.8008500000000001,0.49315000000000003,0.9297000000000001,0.06396724983613604
2012,6,2012-06,Sempor,0.7411705263157896,0.7676000000000001,0.2889,0.8745,0.08468818692336585
2012,6,2012-06,Gombong,0.6049356495468278,0.6112000000000001,0.33945000000000003,0.8602000000000001,0.10331556277534935
2012,6,2012-06,Karanganyar,0.7603655339805826,0.7763,0.4324,0.8645,0.061028008065184186
2012,6,2012-06,Karanggayam,0.7332632368995633,0.751075,0.36205000000000004,0.90225,0.0747375167991707
2012,6,2012-06,Sadang,0.7884266253869969,0.80245,0.57785,0.9029,0.05561595412296972
2012,6,2012-06,Bonorowo,0.6861822222222222,0.7215750000000001,0.2,0.8442000000000001,0.12268703387551938
2012,6,2012-06,Padureso,0.7780505733944955,0.7840750000000001,0.393,0.87895,0.0459894940225595
2012,6,2012-06,Poncowarno,0.735612197802198,0.7417,0.59955,0.8822000000000001,0.05587343143413165
2012,6,2012-06,Karangsambung,0.7540307250221043,0.76675,0.29885,0.8954000000000001,0.07296650755249308
2012,7,2012-07,Ayah,0.6990237423780488,0.7409000000000001,0.1155,0.9124500000000001,0.1338661155785706
2012,7,2012-07,Buayan,0.6134607047279216,0.62965,-0.1017,0.9025000000000001,0.15352582173926496
2012,7,2012-07,Puring,0.5798021057786483,0.60155,0.0965,0.8501500000000001,0.15345578991790018
2012,7,2012-07,Petanahan,0.5445266085790885,0.532775,0.1937,0.8480000000000001,0.1502003704587687
2012,7,2012-07,Klirong,0.57916345323741,0.5618000000000001,0.21230000000000002,0.83245,0.11653087312361841
2012,7,2012-07,Buluspesantren,0.5789176219512195,0.5780000000000001,0.1593,0.812,0.12139438638657947
2012,7,2012-07,Ambal,0.6121851351351352,0.6212500000000001,0.030500000000000003,0.82855,0.11625344859860212
2012,7,2012-07,Mirit,0.6362465947786606,0.65985,0.0073,0.85245,0.12633311738863612
2012,7,2012-07,Prembun,0.6430456962025317,0.6525500000000001,0.38845,0.82315,0.070023911967985
2012,7,2012-07,Kutowinangun,0.6319246017699116,0.64365,0.37805,0.7883,0.07645977724493996
2012,7,2012-07,Alian,0.6063962113127002,0.6109,0.2862,0.86155,0.09592951498524493
2012,7,2012-07,Kebumen,0.5465064960629922,0.54695,0.2422,0.8006000000000001,0.10514317388631456
2012,7,2012-07,Pejagoan,0.6014411512027492,0.593975,0.34190000000000004,0.8438,0.10939340864763099
2012,7,2012-07,Sruweng,0.5922179919137466,0.60055,0.22985,0.8471500000000001,0.11872968452870432
2012,7,2012-07,Adimulyo,0.5026548746518106,0.50415,0.1443,0.78235,0.09979731596037617
2012,7,2012-07,Kuwarasan,0.494267747440273,0.49445000000000006,0.16840000000000002,0.84365,0.09377749326490255
2012,7,2012-07,Rowokele,0.6024958471760797,0.60505,0.228,0.8898,0.11933440799855864
2012,7,2012-07,Sempor,0.5876206811145511,0.60335,0.0932,0.88765,0.11846695447651913
2012,7,2012-07,Gombong,0.4651063444108761,0.4536,0.2596,0.80605,0.10271377055027625
2012,7,2012-07,Karanganyar,0.6026374757281553,0.59965,0.315,0.8852000000000001,0.11155994798146893
2012,7,2012-07,Karanggayam,0.6092519377729259,0.6189,0.22185000000000002,0.9051,0.10280092831674399
2012,7,2012-07,Sadang,0.7471038699690403,0.76185,0.225,0.89375,0.07352682361215461
2012,7,2012-07,Bonorowo,0.7071990277777778,0.7215750000000001,0.39175000000000004,0.8496,0.08670812112996175
2012,7,2012-07,Padureso,0.6626038990825689,0.6904,0.31370000000000003,0.8510000000000001,0.09827143430982839
2012,7,2012-07,Poncowarno,0.5902096703296703,0.599,0.3577,0.78385,0.09078344819913091
2012,7,2012-07,Karangsambung,0.6659035366931918,0.685,0.14235,0.91025,0.10625729103127994
2012,8,2012-08,Ayah,0.7023885026737969,0.72575,0.3109,0.875,0.09554205324207858
2012,8,2012-08,Buayan,0.6543161160714286,0.66085,0.19790000000000002,0.84235,0.09866600121660862
2012,8,2012-08,Puring,0.5363935357492654,0.55245,-0.0897,0.7802,0.1349681837116913
2012,8,2012-08,Petanahan,0.550516325136612,0.56665,0.25735,0.7889,0.11763242939734608
2012,8,2012-08,Klirong,0.5923861111111111,0.6006750000000001,0.2536,0.7654500000000001,0.08423615542151827
2012,8,2012-08,Buluspesantren,0.5539140567200986,0.56875,0.28095000000000003,0.75265,0.1120354839077475
2012,8,2012-08,Ambal,0.5053149949849548,0.49655000000000005,0.0478,0.77795,0.11614435123714743
2012,8,2012-08,Mirit,0.5210034502262444,0.524775,-0.028,0.7558,0.10207297923775668
2012,8,2012-08,Prembun,0.5634249367088607,0.5708500000000001,0.35400000000000004,0.7582,0.07838821665959715
2012,8,2012-08,Kutowinangun,0.5515985840707965,0.5628500000000001,0.3151,0.7886500000000001,0.0979913608154072
2012,8,2012-08,Alian,0.5887924759871932,0.59875,0.33205,0.78845,0.07803945561246553
2012,8,2012-08,Kebumen,0.4900452099737533,0.48605000000000004,0.2651,0.74665,0.09129922610671774
2012,8,2012-08,Pejagoan,0.593680412371134,0.616475,0.3714,0.7705500000000001,0.08997475415962106
2012,8,2012-08,Sruweng,0.5998767520215634,0.6281749999999999,0.327,0.77025,0.09961337654326806
2012,8,2012-08,Adimulyo,0.5493176880222842,0.56915,0.26330000000000003,0.73475,0.0943835901133086
2012,8,2012-08,Kuwarasan,0.6352284982935154,0.6551,0.25320000000000004,0.77985,0.08416084424009558
2012,8,2012-08,Rowokele,0.6783531561461795,0.6919000000000001,0.27855,0.8577,0.11351881864033964
2012,8,2012-08,Sempor,0.636515572755418,0.64495,0.1268,0.85035,0.08523807754929973
2012,8,2012-08,Gombong,0.568400906344411,0.5752,0.31415000000000004,0.76705,0.0904718370949526
2012,8,2012-08,Karanganyar,0.6062655339805826,0.6263000000000001,0.3406,0.8036000000000001,0.0847802832538224
2012,8,2012-08,Karanggayam,0.5969970524017468,0.6013000000000001,0.20695000000000002,0.8129000000000001,0.0808872361344953
2012,8,2012-08,Sadang,0.6853002579979359,0.7088,0.39155,0.8572500000000001,0.09272139870909632
2012,8,2012-08,Bonorowo,0.5929326388888889,0.595,0.3457,0.7734500000000001,0.09015775917174072
2012,8,2012-08,Padureso,0.6555333715596331,0.659375,0.25315,0.8067000000000001,0.060771890795665494
2012,8,2012-08,Poncowarno,0.6173026373626374,0.6161,0.4217,0.8409000000000001,0.08262934697826982
2012,8,2012-08,Karangsambung,0.6188283377541998,0.61555,0.22870000000000001,0.8441000000000001,0.08933679753933661
2012,9,2012-09,Ayah,0.6544729452054794,0.676825,-0.0045000000000000005,0.86805,0.1134409670896406
2012,9,2012-09,Buayan,0.593678590544157,0.6081,0.10020000000000001,0.8654000000000001,0.12122607523481041
2012,9,2012-09,Puring,0.5046280795344327,0.5079,0.09280000000000001,0.7448,0.11954801852748621
2012,9,2012-09,Petanahan,0.5180508795669825,0.5245500000000001,0.24825,0.86,0.11508013876511423
2012,9,2012-09,Klirong,0.6165129522431259,0.631,0.34845000000000004,0.8142,0.0793666397908433
2012,9,2012-09,Buluspesantren,0.5814821951219512,0.6033250000000001,0.12300000000000001,0.7926000000000001,0.10599385175478616
2012,9,2012-09,Ambal,0.47362069999999995,0.4708,-0.045700000000000005,0.7548,0.12643642306119704
2012,9,2012-09,Mirit,0.47641610268378065,0.4783,-0.0005,0.8065,0.10041625087431517
2012,9,2012-09,Prembun,0.5318474683544304,0.5351,0.24675000000000002,0.7195,0.08734266770133431
2012,9,2012-09,Kutowinangun,0.5041150442477876,0.50105,0.24615,0.7444000000000001,0.08146320193342409
2012,9,2012-09,Alian,0.5248540554962647,0.5248,0.21045,0.761,0.06840394370187419
2012,9,2012-09,Kebumen,0.47757040682414703,0.48182500000000006,0.22870000000000001,0.72245,0.08866560524822446
2012,9,2012-09,Pejagoan,0.5332580756013746,0.5441750000000001,0.31175,0.6852,0.07813516993099515
2012,9,2012-09,Sruweng,0.5469489892183288,0.5625249999999999,0.29985,0.69715,0.07077216859303571
2012,9,2012-09,Adimulyo,0.5260455431754875,0.53385,0.2457,0.6939500000000001,0.07359596837406693
2012,9,2012-09,Kuwarasan,0.533322866894198,0.5499,0.21735000000000002,0.81045,0.11428895676098678
2012,9,2012-09,Rowokele,0.5685256921373201,0.5720500000000001,0.26005,0.9024500000000001,0.10650924535199364
2012,9,2012-09,Sempor,0.49639365325077406,0.50255,0.12100000000000001,0.7782,0.08932578073368082
2012,9,2012-09,Gombong,0.433278247734139,0.42385,0.23625000000000002,0.64195,0.08305848617104843
2012,9,2012-09,Karanganyar,0.5257823300970874,0.5342,0.29165,0.7236,0.07629512389722541
2012,9,2012-09,Karanggayam,0.4798754639737991,0.4789,0.25415,0.79635,0.08660559868813163
2012,9,2012-09,Sadang,0.5817349845201238,0.58455,0.27890000000000004,0.84435,0.10493734903710773
2012,9,2012-09,Bonorowo,0.5166202777777777,0.528325,0.31880000000000003,0.6616500000000001,0.07847207026091482
2012,9,2012-09,Padureso,0.5952145642201835,0.6003000000000001,0.30375,0.7542,0.06592256699711409
2012,9,2012-09,Poncowarno,0.5258278021978022,0.5281,0.26395,0.7559,0.09476778102522182
2012,9,2012-09,Karangsambung,0.5095486737400531,0.5073,0.22455,0.7594500000000001,0.09843012533690004
2012,10,2012-10,Ayah,0.5719404067536454,0.5871000000000001,0.0366,0.891,0.158029526965704
2012,10,2012-10,Buayan,0.5711611310592459,0.5991,0.1227,0.86805,0.155039306685665
2012,10,2012-10,Puring,0.5431011605415861,0.5494,0.0654,0.8027000000000001,0.1275576605447257
2012,10,2012-10,Petanahan,0.516612343966713,0.51605,0.1082,0.78485,0.14646162673884408
2012,10,2012-10,Klirong,0.5623869011976047,0.588425,0.19465000000000002,0.76425,0.12108012050153767
2012,10,2012-10,Buluspesantren,0.5620216363636364,0.5738500000000001,0.1617,0.8193,0.09834393460855637
2012,10,2012-10,Ambal,0.535374039408867,0.5447000000000001,0.0974,0.9720000000000001,0.13771405444458074
2012,10,2012-10,Mirit,0.5070759703196348,0.509475,0.0587,0.78905,0.1204178749525034
2012,10,2012-10,Prembun,0.4752450632911393,0.4832,0.17485,0.7397,0.10505077401522811
2012,10,2012-10,Kutowinangun,0.45703778761061953,0.45295,0.15035,0.7802,0.11403069165127504
2012,10,2012-10,Alian,0.43048767342582706,0.42905000000000004,0.09585,0.8034,0.1329860904415838
2012,10,2012-10,Kebumen,0.39767125984251966,0.37222500000000003,0.1275,0.8908,0.12444906702312893
2012,10,2012-10,Pejagoan,0.45297405498281784,0.43365,0.16160000000000002,0.86085,0.14561294926455803
2012,10,2012-10,Sruweng,0.4132643530997305,0.401775,0.09805,0.8647,0.14013720791172168
2012,10,2012-10,Adimulyo,0.47898565459610026,0.49767500000000003,0.14375000000000002,0.7512000000000001,0.12288019989729801
2012,10,2012-10,Kuwarasan,0.3891528156996587,0.3923,0.0989,0.7433000000000001,0.12446486179752346
2012,10,2012-10,Rowokele,0.5175317275747509,0.53035,0.1038,0.8791,0.15405960431476629
2012,10,2012-10,Sempor,0.38770950464396287,0.38445,0.07150000000000001,0.7572500000000001,0.13477943879440976
2012,10,2012-10,Gombong,0.37652688821752267,0.38175000000000003,0.10265,0.8078000000000001,0.12307723547975051
2012,10,2012-10,Karanganyar,0.3970391262135923,0.396,0.09735,0.7378,0.13326367300189104
2012,10,2012-10,Karanggayam,0.4229920032751092,0.42075,0.06785000000000001,0.85465,0.13663539888061288
2012,10,2012-10,Sadang,0.5217508255933954,0.53235,0.08085,0.89205,0.1425196202680217
2012,10,2012-10,Bonorowo,0.5056269444444446,0.499525,0.19465000000000002,0.76725,0.10051033243788765
2012,10,2012-10,Padureso,0.4520767201834862,0.4608,0.11080000000000001,0.8591000000000001,0.12289353098069626
2012,10,2012-10,Poncowarno,0.44277307692307694,0.45525000000000004,0.09960000000000001,0.78405,0.11278302228530353
2012,10,2012-10,Karangsambung,0.4990556145004421,0.5048,0.09670000000000001,0.8339500000000001,0.13788875411650464
2012,11,2012-11,Ayah,0.6125299765807962,0.6439,-0.048100000000000004,0.9704,0.2023759966098366
2012,11,2012-11,Buayan,0.6424505829596413,0.6683,0.0412,0.9448000000000001,0.1865409222758284
2012,11,2012-11,Puring,0.5544042828685259,0.6688500000000001,-0.1845,0.9244,0.2628903450443048
2012,11,2012-11,Petanahan,0.4877842975206612,0.5341,-0.0869,0.9793000000000001,0.2669504737885129
2012,11,2012-11,Klirong,0.5427594436310396,0.5898,0.0269,0.9181,0.20723483410482596
2012,11,2012-11,Buluspesantren,0.4947060196560196,0.5373,-0.17950000000000002,0.9462,0.2319563368651975
2012,11,2012-11,Ambal,0.4496043887147336,0.4741,-0.1671,0.8369000000000001,0.24668547821791678
2012,11,2012-11,Mirit,0.5160332558139534,0.54285,-0.0555,0.8222,0.19440754109238081
2012,11,2012-11,Prembun,0.5893635443037976,0.6093000000000001,0.0925,0.8441000000000001,0.14716807953155986
2012,11,2012-11,Kutowinangun,0.5834925663716815,0.6331,0.0901,0.8933000000000001,0.2066192721557142
2012,11,2012-11,Alian,0.647131696905016,0.6958000000000001,0.057600000000000005,0.9618000000000001,0.18585852002232772
2012,11,2012-11,Kebumen,0.44694225721784786,0.43970000000000004,-0.0173,0.995,0.18905526681334642
2012,11,2012-11,Pejagoan,0.6899756013745705,0.7506,0.091,0.9356000000000001,0.17313758286571804
2012,11,2012-11,Sruweng,0.590733423180593,0.61755,0.0207,0.9923000000000001,0.21437603443238634
2012,11,2012-11,Adimulyo,0.43794475524475523,0.4712,-0.15940000000000001,0.8195,0.1985134756407083
2012,11,2012-11,Kuwarasan,0.5651575085324233,0.5824,0.09970000000000001,0.9512,0.14271668306301585
2012,11,2012-11,Rowokele,0.5770337028824835,0.6122000000000001,0.0328,0.9771000000000001,0.18945400466622858
2012,11,2012-11,Sempor,0.5888296594427245,0.6247,-0.0339,0.9988,0.17644612124487408
2012,11,2012-11,Gombong,0.5191154078549849,0.5052,0.1741,0.871,0.1141351582762429
2012,11,2012-11,Karanganyar,0.6285572815533981,0.6873,-0.10990000000000001,0.9289000000000001,0.23678844123666523
2012,11,2012-11,Karanggayam,0.6771642467248908,0.7217,0.0801,0.9870000000000001,0.15711194241644796
2012,11,2012-11,Sadang,0.7092717234262126,0.7261000000000001,0.067,0.9994000000000001,0.15299699513841705
2012,11,2012-11,Bonorowo,0.5192633333333334,0.5595,0.0688,0.9846,0.1604392129264054
2012,11,2012-11,Padureso,0.7491733944954129,0.7816500000000001,0.27640000000000003,0.9072,0.10737826958181836
2012,11,2012-11,Poncowarno,0.6407553846153847,0.6940000000000001,0.0813,0.9241,0.17224440994331341
2012,11,2012-11,Karangsambung,0.6704285840707964,0.7008000000000001,0.0805,0.9893000000000001,0.1650975541773417
2012,12,2012-12,Ayah,0.703742840735069,0.7519250000000001,0.03155,0.9113,0.14376447279313892
2012,12,2012-12,Buayan,0.6872959713518354,0.72795,0.16245,0.9046500000000001,0.1281672033556135
2012,12,2012-12,Puring,0.5488609780439122,0.5883750000000001,-0.010700000000000001,0.8983000000000001,0.20129151560791145
2012,12,2012-12,Petanahan,0.638568410326087,0.6450750000000001,0.0785,0.87065,0.12094461468253406
2012,12,2012-12,Klirong,0.61545,0.60495,0.1307,0.8727,0.15447096164414326
2012,12,2012-12,Buluspesantren,0.5564669277108434,0.588625,-0.0859,0.8606,0.2219902132453267
2012,12,2012-12,Ambal,0.5554813425468905,0.5847,0.033100000000000004,0.9407000000000001,0.20096086019933682
2012,12,2012-12,Mirit,0.5509704596412557,0.55725,-0.0126,0.8412000000000001,0.17394574932939957
2012,12,2012-12,Prembun,0.5936013924050634,0.6021500000000001,0.06415,0.90275,0.16349148181065426
2012,12,2012-12,Kutowinangun,0.6203440707964603,0.6676500000000001,0.1811,0.8582500000000001,0.15503020029874037
2012,12,2012-12,Alian,0.7310265741728922,0.7474000000000001,0.29350000000000004,0.9183,0.09998783132099884
2012,12,2012-12,Kebumen,0.5338867454068241,0.5125250000000001,0.2281,0.90825,0.1254177018179756
2012,12,2012-12,Pejagoan,0.6706411512027491,0.7018,0.29535,0.87675,0.14095401105876504
2012,12,2012-12,Sruweng,0.6652536388140162,0.7036250000000001,0.22755,0.93455,0.15576294380663488
2012,12,2012-12,Adimulyo,0.46902771587743736,0.496225,-0.024200000000000003,0.6973,0.1356263440992357
2012,12,2012-12,Kuwarasan,0.4420588737201366,0.44545,0.027800000000000002,0.7603000000000001,0.14546031098353854
2012,12,2012-12,Rowokele,0.674083665559247,0.7091500000000001,0.1766,0.9226500000000001,0.14690651045675748
2012,12,2012-12,Sempor,0.670184055727554,0.6972,-0.00675,0.94145,0.12814545686737872
2012,12,2012-12,Gombong,0.4670516616314199,0.4505,0.2525,0.86575,0.11387228882345146
2012,12,2012-12,Karanganyar,0.6763063106796118,0.7227,0.23395000000000002,0.8983500000000001,0.15900579025293932
2012,12,2012-12,Karanggayam,0.6543403930131004,0.6631750000000001,0.25220000000000004,0.8992,0.11460012317594433
2012,12,2012-12,Sadang,0.7201728070175438,0.7449,0.33245,0.9332,0.11136316459332665
2012,12,2012-12,Bonorowo,0.4863769444444445,0.509925,-0.033100000000000004,0.8045,0.1709217908677573
2012,12,2012-12,Padureso,0.7780591743119268,0.7897500000000001,0.4025,0.91005,0.08509535346825377
2012,12,2012-12,Poncowarno,0.7175680219780218,0.71975,0.4792,0.92745,0.08742226194739827
2012,12,2012-12,Karangsambung,0.7321404067197171,0.7418,0.3753,0.9166500000000001,0.08855339297330624
2013,1,2013-01,Ayah,0.7356887232415903,0.7602,0.08610000000000001,0.9447000000000001,0.12297149831126435
2013,1,2013-01,Buayan,0.7532568811438785,0.7693,0.2248,0.9139,0.08324518807603948
2013,1,2013-01,Puring,0.6235470443349754,0.6493,-0.018000000000000002,0.9215500000000001,0.1397106972012033
2013,1,2013-01,Petanahan,0.77278039348711,0.798,0.1275,0.92315,0.12191825507919149
2013,1,2013-01,Klirong,0.7179828260869565,0.727025,0.15330000000000002,0.87915,0.09031718266222778
2013,1,2013-01,Buluspesantren,0.6963917067307693,0.7035,0.3461,0.8518,0.07943722948855807
2013,1,2013-01,Ambal,0.6878666666666667,0.7018500000000001,0.25170000000000003,0.8808,0.10197002729692296
2013,1,2013-01,Mirit,0.6093505662514156,0.6276,-0.054700000000000006,0.8608,0.14295232302693095
2013,1,2013-01,Prembun,0.6318160759493671,0.65085,0.22455,0.8829,0.13889166610149772
2013,1,2013-01,Kutowinangun,0.6800746902654867,0.6991,0.37945,0.91195,0.0922556229244985
2013,1,2013-01,Alian,0.7401410885805764,0.7585000000000001,0.28215,0.92035,0.09695067702690965
2013,1,2013-01,Kebumen,0.6504747375328084,0.653375,0.33145,0.8712000000000001,0.10635308299586987
2013,1,2013-01,Pejagoan,0.7030841924398625,0.7163250000000001,0.2551,0.90915,0.11643409961229804
2013,1,2013-01,Sruweng,0.7542376010781671,0.793275,0.3769,0.94855,0.10203508933416562
2013,1,2013-01,Adimulyo,0.6360357242339832,0.6422000000000001,0.08155,0.9389000000000001,0.12536046422414127
2013,1,2013-01,Kuwarasan,0.6072850682593857,0.6212500000000001,0.18835000000000002,0.8592000000000001,0.10129644472068083
2013,1,2013-01,Rowokele,0.73625503875969,0.7484500000000001,0.25385,0.9164500000000001,0.0973007466778558
2013,1,2013-01,Sempor,0.6739732198142415,0.69765,0.051300000000000005,0.90005,0.1299707066406859
2013,1,2013-01,Gombong,0.6154773413897281,0.61985,0.3744,0.8709,0.08187651467772472
2013,1,2013-01,Karanganyar,0.7569449514563107,0.7665500000000001,0.37270000000000003,0.9337500000000001,0.09735266519779594
2013,1,2013-01,Karanggayam,0.6920018013100436,0.6968750000000001,0.26085,0.8948,0.10578517835518064
2013,1,2013-01,Sadang,0.7776634674922601,0.78805,0.3763,0.95745,0.10218405580537072
2013,1,2013-01,Bonorowo,0.4794940277777778,0.49160000000000004,0.024300000000000002,0.7654500000000001,0.1432541092067182
2013,1,2013-01,Padureso,0.7874422018348625,0.800975,0.45955,0.913,0.08144332207020305
2013,1,2013-01,Poncowarno,0.7351034065934067,0.7497,0.39575000000000005,0.9446500000000001,0.09713670509856771
2013,1,2013-01,Karangsambung,0.7339251547303272,0.74795,0.25375000000000003,0.9183,0.08611697656832597
2013,2,2013-02,Ayah,0.7779670592705168,0.8135,0.1014,0.9595,0.12210724299331345
2013,2,2013-02,Buayan,0.7577597122302158,0.775925,0.31010000000000004,0.9185500000000001,0.08405861914423277
2013,2,2013-02,Puring,0.7290787037037038,0.748075,-0.058800000000000005,0.9094000000000001,0.09053622042985407
2013,2,2013-02,Petanahan,0.7207884353741496,0.729,0.1484,0.9662000000000001,0.08250003419253614
2013,2,2013-02,Klirong,0.7480690922190202,0.7698750000000001,0.1486,0.8993,0.09278437057474255
2013,2,2013-02,Buluspesantren,0.7607846107055961,0.7847000000000001,0.44770000000000004,0.8852500000000001,0.07609948942366093
2013,2,2013-02,Ambal,0.7600945663010967,0.7787000000000001,0.12365000000000001,0.9037000000000001,0.08882217233322075
2013,2,2013-02,Mirit,0.7087356900452488,0.7379500000000001,0.042800000000000005,0.9127000000000001,0.11889573192317067
2013,2,2013-02,Prembun,0.7685274683544304,0.787,0.4132,0.8966500000000001,0.07206232770736336
2013,2,2013-02,Kutowinangun,0.7766470796460178,0.7986000000000001,0.50295,0.916,0.08069049529712
2013,2,2013-02,Alian,0.7754092315901814,0.79085,0.48460000000000003,0.93535,0.08265634793818874
2013,2,2013-02,Kebumen,0.7072255905511812,0.7239,0.324,0.8958,0.09982163184253384
2013,2,2013-02,Pejagoan,0.7296468213058419,0.748275,0.4441,0.9078,0.10537721610767581
2013,2,2013-02,Sruweng,0.7932542452830189,0.8111,0.5361,0.9218000000000001,0.07322393231944448
2013,2,2013-02,Adimulyo,0.799782799442897,0.8128500000000001,0.457,0.89285,0.05898423087355885
2013,2,2013-02,Kuwarasan,0.8087720989761094,0.8167250000000001,0.5596,0.9108,0.055621380678635736
2013,2,2013-02,Rowokele,0.7766008859357697,0.80025,0.41265,0.9433,0.08955491002459956
2013,2,2013-02,Sempor,0.7786195975232199,0.7964,0.2571,0.92225,0.08420103823822654
2013,2,2013-02,Gombong,0.7498809667673716,0.77075,0.44845,0.90415,0.09978236953067407
2013,2,2013-02,Karanganyar,0.8162770873786408,0.82725,0.44935,0.9,0.06255936923351513
2013,2,2013-02,Karanggayam,0.7943642467248909,0.8116500000000001,0.45375000000000004,0.9501000000000001,0.07816417034862247
2013,2,2013-02,Sadang,0.8059120227038185,0.81935,0.4516,0.94105,0.07239292486223275
2013,2,2013-02,Bonorowo,0.7109190277777778,0.7442500000000001,0.2883,0.89895,0.11947640210006748
2013,2,2013-02,Padureso,0.7836849770642201,0.797425,0.3588,0.9162,0.07079632109441888
2013,2,2013-02,Poncowarno,0.7961991208791209,0.81515,0.46145,0.91815,0.08299581585704545
2013,2,2013-02,Karangsambung,0.8106404951370468,0.8266,0.3901,0.92015,0.07201413344508698
2013,3,2013-03,Ayah,0.7479288608562692,0.7804500000000001,0.1265,0.96275,0.12274537927363934
2013,3,2013-03,Buayan,0.7483642156862744,0.78485,0.2973,0.9410000000000001,0.12506186392763816
2013,3,2013-03,Puring,0.6640107537688443,0.6996,0.19790000000000002,0.9710500000000001,0.15346501378887886
2013,3,2013-03,Petanahan,0.5783633155792277,0.5797,0.25805,0.89605,0.15135920556844853
2013,3,2013-03,Klirong,0.6665213161659514,0.6655500000000001,0.08515,0.915,0.10546152487734624
2013,3,2013-03,Buluspesantren,0.6278960365853657,0.61805,0.331,0.8803000000000001,0.0968786242413728
2013,3,2013-03,Ambal,0.6414466633466135,0.6536250000000001,0.33080000000000004,0.8824500000000001,0.10828391319993311
2013,3,2013-03,Mirit,0.6400770270270271,0.6698250000000001,0.16770000000000002,0.8831,0.12316574295642552
2013,3,2013-03,Prembun,0.6817877215189874,0.7102,0.3986,0.8588,0.10282255765101904
2013,3,2013-03,Kutowinangun,0.7162483185840708,0.7199,0.35145000000000004,0.8766,0.0909152285879997
2013,3,2013-03,Alian,0.7235225720384205,0.7494500000000001,0.30865000000000004,0.9266000000000001,0.11453234481889091
2013,3,2013-03,Kebumen,0.5986457349081364,0.5934250000000001,0.26530000000000004,0.8809,0.10679778825871512
2013,3,2013-03,Pejagoan,0.7186957044673539,0.72245,0.38320000000000004,0.9128000000000001,0.11176956334721341
2013,3,2013-03,Sruweng,0.7103053234501348,0.7257,0.32135,0.9321,0.11893380730831858
2013,3,2013-03,Adimulyo,0.6231474930362118,0.630325,0.2763,0.8623500000000001,0.0977687668047284
2013,3,2013-03,Kuwarasan,0.6736337883959045,0.6828750000000001,0.36000000000000004,0.8465,0.08123333786611196
2013,3,2013-03,Rowokele,0.6979110188261352,0.7217,0.19765000000000002,0.9334,0.13229904158404218
2013,3,2013-03,Sempor,0.698142879256966,0.7150000000000001,0.1272,0.9314,0.11750895873392612
2013,3,2013-03,Gombong,0.6148832326283988,0.6184000000000001,0.35975,0.8853000000000001,0.07700409559557668
2013,3,2013-03,Karanganyar,0.7076563106796117,0.7057,0.37295,0.9239,0.11366015437779871
2013,3,2013-03,Karanggayam,0.7755855076419216,0.8031,0.2745,0.9235500000000001,0.09668742483400057
2013,3,2013-03,Sadang,0.7559810113519093,0.7839,0.30625,0.91635,0.10262915209259739
2013,3,2013-03,Bonorowo,0.7056930555555556,0.72575,0.33935000000000004,0.8515,0.07718660951153251
2013,3,2013-03,Padureso,0.7830144495412845,0.8048500000000001,0.38255,0.90375,0.08788211523868458
2013,3,2013-03,Poncowarno,0.7634238461538463,0.7828,0.35195000000000004,0.9432,0.0980520092847033
2013,3,2013-03,Karangsambung,0.7407327144120248,0.7599,0.2713,0.93345,0.104468540036056
2013,4,2013-04,Ayah,0.7927751136363637,0.850875,0.067,0.9948,0.13100243791099253
2013,4,2013-04,Buayan,0.7686750669045496,0.82665,0.0824,0.9197000000000001,0.14408438208916344
2013,4,2013-04,Puring,0.6235572989076464,0.6832,0.09090000000000001,0.88585,0.17849604574173342
2013,4,2013-04,Petanahan,0.5785974289580514,0.57525,0.09330000000000001,0.887,0.1847603833690344
2013,4,2013-04,Klirong,0.6412957223001402,0.6535500000000001,0.28300000000000003,0.8713000000000001,0.144906283587275
2013,4,2013-04,Buluspesantren,0.5966682091346154,0.607025,0.18680000000000002,0.8725,0.1709475428481124
2013,4,2013-04,Ambal,0.5992541834677421,0.589925,0.21745,0.88595,0.16210422935424879
2013,4,2013-04,Mirit,0.6178048682703322,0.61885,0.1388,0.8787,0.13437376659413097
2013,4,2013-04,Prembun,0.6353255696202533,0.647,0.1713,0.8519500000000001,0.1347009839621513
2013,4,2013-04,Kutowinangun,0.6467542477876107,0.6943,0.26795,0.86965,0.1356562295951572
2013,4,2013-04,Alian,0.7244483457844183,0.76605,0.19655,0.9003500000000001,0.14096187418323708
2013,4,2013-04,Kebumen,0.5138576115485565,0.4944,0.21945,0.87255,0.13190648436645314
2013,4,2013-04,Pejagoan,0.7143296391752578,0.761225,0.29845,0.9255,0.1481725473297001
2013,4,2013-04,Sruweng,0.6501357142857144,0.7096750000000001,0.17365,0.9172,0.18982395674237426
2013,4,2013-04,Adimulyo,0.4755493732590529,0.48782500000000006,-0.0189,0.7485,0.1332134287024193
2013,4,2013-04,Kuwarasan,0.4987244027303755,0.49970000000000003,0.1698,0.78485,0.13768415930534414
2013,4,2013-04,Rowokele,0.766367331118494,0.8112,0.28505,0.9188000000000001,0.12258949275288088
2013,4,2013-04,Sempor,0.7447903095975232,0.7656000000000001,0.30965000000000004,0.9026000000000001,0.09275534474547285
2013,4,2013-04,Gombong,0.4771756797583082,0.4601,0.2561,0.83375,0.11360367341091282
2013,4,2013-04,Karanganyar,0.6610618446601942,0.71645,0.1076,0.9326500000000001,0.19134511943995447
2013,4,2013-04,Karanggayam,0.7592645469432315,0.78185,0.35645000000000004,0.9124500000000001,0.09398089376235555
2013,4,2013-04,Sadang,0.7817879256965944,0.8043,0.43425,0.9258500000000001,0.09219999711070655
2013,4,2013-04,Bonorowo,0.617297638888889,0.6299750000000001,0.2888,0.79995,0.09097286516216824
2013,4,2013-04,Padureso,0.8008418577981652,0.8153250000000001,0.48045000000000004,0.8659,0.05948614813696075
2013,4,2013-04,Poncowarno,0.7311270329670331,0.7277,0.5256000000000001,0.8843500000000001,0.06499346556325483
2013,4,2013-04,Karangsambung,0.7664147656940761,0.78535,0.30475,0.92415,0.09368614655834755
2013,5,2013-05,Ayah,0.678548869630746,0.6979000000000001,0.010400000000000001,0.91605,0.11423055311072539
2013,5,2013-05,Buayan,0.7676124218051832,0.78185,0.25520000000000004,0.9288500000000001,0.08216873225639298
2013,5,2013-05,Puring,0.6720283268101761,0.7037500000000001,0.131,0.91035,0.13461436761044973
2013,5,2013-05,Petanahan,0.7345331309041837,0.7558,0.1096,0.8914000000000001,0.1065628074044192
2013,5,2013-05,Klirong,0.626973826458037,0.6677500000000001,0.1121,0.84735,0.15098404041499938
2013,5,2013-05,Buluspesantren,0.5583067745803358,0.5973,0.0728,0.81725,0.14968456113038414
2013,5,2013-05,Ambal,0.5520892716535434,0.5981500000000001,0.04575,0.8744000000000001,0.1915019755173
2013,5,2013-05,Mirit,0.5865657718120806,0.6105750000000001,-0.0027,0.86585,0.14847929729603004
2013,5,2013-05,Prembun,0.624663670886076,0.6574,0.2253,0.83925,0.14544062633181426
2013,5,2013-05,Kutowinangun,0.6404756637168142,0.71475,0.1811,0.8501000000000001,0.17380713096706352
2013,5,2013-05,Alian,0.7495364461045892,0.77615,0.2257,0.87595,0.09982522938857635
2013,5,2013-05,Kebumen,0.5231481627296588,0.5050749999999999,0.20315,0.8395,0.13874351320784103
2013,5,2013-05,Pejagoan,0.7040501718213059,0.750125,0.2614,0.92205,0.13784130489451277
2013,5,2013-05,Sruweng,0.6892830862533693,0.737,0.13505,0.899,0.15490404048659745
2013,5,2013-05,Adimulyo,0.5521574512534819,0.58405,0.10035000000000001,0.8645,0.16639512788257416
2013,5,2013-05,Kuwarasan,0.5975368600682595,0.637675,0.13375,0.8596,0.13641439644596762
2013,5,2013-05,Rowokele,0.7575130675526025,0.7962,0.2434,0.94945,0.11835915697422322
2013,5,2013-05,Sempor,0.7443369349845202,0.7525000000000001,0.30760000000000004,0.915,0.08083564765295416
2013,5,2013-05,Gombong,0.6528498489425982,0.66445,0.4398,0.8329000000000001,0.07856200136764317
2013,5,2013-05,Karanganyar,0.7156190291262137,0.7421,0.194,0.8942,0.12295762348009553
2013,5,2013-05,Karanggayam,0.7338180131004367,0.7427250000000001,0.3914,0.87995,0.0816906711205537
2013,5,2013-05,Sadang,0.700508617131063,0.7121000000000001,0.2818,0.91905,0.10490577961210569
2013,5,2013-05,Bonorowo,0.5188101388888889,0.5216500000000001,0.0538,0.7508,0.12480746611718316
2013,5,2013-05,Padureso,0.6983755733944955,0.70495,0.45875000000000005,0.8953000000000001,0.08044697941023549
2013,5,2013-05,Poncowarno,0.7607689010989012,0.768,0.47540000000000004,0.86795,0.060404355556706237
2013,5,2013-05,Karangsambung,0.7661783377541999,0.778,0.38870000000000005,0.9289000000000001,0.07560463117937427
2013,6,2013-06,Ayah,0.751759984871407,0.80195,-0.0234,0.9416,0.14403659042808542
2013,6,2013-06,Buayan,0.8137369292748433,0.8280000000000001,0.1228,0.92805,0.06515138228310782
2013,6,2013-06,Puring,0.745453125,0.76685,0.2893,0.86705,0.08309887350813074
2013,6,2013-06,Petanahan,0.7679849598930482,0.777225,0.1245,0.85255,0.06560622314312373
2013,6,2013-06,Klirong,0.761275982532751,0.78385,0.30275,0.88385,0.07726707028846962
2013,6,2013-06,Buluspesantren,0.746189077669903,0.76875,0.3161,0.8823500000000001,0.09077799497121518
2013,6,2013-06,Ambal,0.6886173439048564,0.7115,0.0298,0.8782500000000001,0.11231465188138429
2013,6,2013-06,Mirit,0.6726112811791384,0.706725,0.0752,0.8694000000000001,0.1340951515584655
2013,6,2013-06,Prembun,0.7257110126582278,0.7534500000000001,0.38820000000000005,0.86295,0.09322724495289007
2013,6,2013-06,Kutowinangun,0.7306283185840708,0.7565500000000001,0.4012,0.89925,0.08687833336728593
2013,6,2013-06,Alian,0.800671931696905,0.8109000000000001,0.31985,0.8878,0.052735371471838675
2013,6,2013-06,Kebumen,0.7098911417322835,0.721975,0.28365,0.89265,0.10024411959836237
2013,6,2013-06,Pejagoan,0.7813030068728523,0.8247500000000001,0.40825,0.9087000000000001,0.08917768511654504
2013,6,2013-06,Sruweng,0.8043750673854448,0.820525,0.5217,0.912,0.059418068051555556
2013,6,2013-06,Adimulyo,0.7830509052924791,0.7964249999999999,0.29410000000000003,0.8605,0.06388835766399206
2013,6,2013-06,Kuwarasan,0.8043934300341297,0.8173,0.46690000000000004,0.88055,0.05553398334183905
2013,6,2013-06,Rowokele,0.8020680509413068,0.8243,0.3402,0.9125000000000001,0.07500111018572683
2013,6,2013-06,Sempor,0.806032786377709,0.8289500000000001,0.108,0.9183,0.07386046209973199
2013,6,2013-06,Gombong,0.7387287009063445,0.7706000000000001,0.38275000000000003,0.8666,0.10660497049936443
2013,6,2013-06,Karanganyar,0.805307281553398,0.82065,0.39675,0.9016500000000001,0.07042837276053897
2013,6,2013-06,Karanggayam,0.8082519104803495,0.826025,0.4123,0.96355,0.05981230313749901
2013,6,2013-06,Sadang,0.8234029411764706,0.8431000000000001,0.46280000000000004,0.9185500000000001,0.06276265469754139
2013,6,2013-06,Bonorowo,0.5801973611111112,0.618925,0.11465,0.8237,0.1614012878579441
2013,6,2013-06,Padureso,0.8189172018348625,0.824525,0.42850000000000005,0.9004000000000001,0.038587711536444004
2013,6,2013-06,Poncowarno,0.7962953846153845,0.8079500000000001,0.50785,0.88215,0.053317794182621836
2013,6,2013-06,Karangsambung,0.8075201149425288,0.82135,0.3512,0.902,0.06054302384597856
2013,7,2013-07,Ayah,0.7071516679302502,0.7512500000000001,-0.0341,0.9575,0.14897868731192612
2013,7,2013-07,Buayan,0.6881899643175737,0.70965,0.186,0.9379000000000001,0.12472957749416157
2013,7,2013-07,Puring,0.6082103599221791,0.6329,0.1062,0.8551000000000001,0.13541509422992132
2013,7,2013-07,Petanahan,0.5775976287262873,0.57565,0.2048,0.8994500000000001,0.14479529016744697
2013,7,2013-07,Klirong,0.6731056768558952,0.669,0.08750000000000001,0.9016500000000001,0.09897219242372599
2013,7,2013-07,Buluspesantren,0.6422536674816625,0.6413,0.32515,0.8853500000000001,0.10451967713454711
2013,7,2013-07,Ambal,0.6784610286844709,0.68745,0.0115,0.8655,0.10981131085017247
2013,7,2013-07,Mirit,0.6380251128668172,0.66205,0.09870000000000001,0.8804500000000001,0.1294255241744514
2013,7,2013-07,Prembun,0.7248587341772152,0.7521,0.4519,0.8552500000000001,0.08226116264319604
2013,7,2013-07,Kutowinangun,0.7122007079646019,0.7322500000000001,0.3436,0.8693000000000001,0.09288248269947968
2013,7,2013-07,Alian,0.7480899679829242,0.76885,0.3901,0.85645,0.07810505267702557
2013,7,2013-07,Kebumen,0.619706627296588,0.6211,0.2635,0.8602500000000001,0.09978474739346768
2013,7,2013-07,Pejagoan,0.7307073883161512,0.768325,0.3765,0.88765,0.10294471340276651
2013,7,2013-07,Sruweng,0.7030223045822103,0.7253000000000001,0.4192,0.89395,0.10547856569577901
2013,7,2013-07,Adimulyo,0.6056643454038998,0.60965,0.34765,0.8551500000000001,0.08609155979228417
2013,7,2013-07,Kuwarasan,0.6001112627986348,0.6142500000000001,0.30865000000000004,0.7708,0.08974545598377891
2013,7,2013-07,Rowokele,0.6715782945736433,0.6868500000000001,0.2293,0.9303,0.12710019961234936
2013,7,2013-07,Sempor,0.7119339938080496,0.7463000000000001,0.07100000000000001,0.92095,0.12477350897131748
2013,7,2013-07,Gombong,0.545302416918429,0.5324,0.33345,0.8261000000000001,0.08764984757349552
2013,7,2013-07,Karanganyar,0.7095674757281554,0.7513500000000001,0.40965,0.8988,0.12167982495629685
2013,7,2013-07,Karanggayam,0.7926417849344979,0.8085249999999999,0.46075000000000005,0.9158000000000001,0.05875076615621987
2013,7,2013-07,Sadang,0.8201026315789475,0.8389500000000001,0.5174,0.8981,0.0560366525599388
2013,7,2013-07,Bonorowo,0.6723275,0.700075,0.26035,0.8622000000000001,0.13027067156021727
2013,7,2013-07,Padureso,0.7936503440366973,0.8041,0.40065,0.9416500000000001,0.06394465223295508
2013,7,2013-07,Poncowarno,0.7533338461538462,0.77285,0.39465,0.8764000000000001,0.07983941112460427
2013,7,2013-07,Karangsambung,0.78067608311229,0.7948500000000001,0.37705,0.9074500000000001,0.06872336127620707
2013,8,2013-08,Ayah,0.7558840076335879,0.795275,0.0417,0.9265,0.10937232813734538
2013,8,2013-08,Buayan,0.7351289874551973,0.740025,0.41050000000000003,0.9093,0.09470033242418285
2013,8,2013-08,Puring,0.6170462890625,0.62475,0.2114,0.84755,0.11337169831318769
2013,8,2013-08,Petanahan,0.653309404600812,0.6794,0.35875,0.8876000000000001,0.10957609680361184
2013,8,2013-08,Klirong,0.6373320143884892,0.6395000000000001,0.4027,0.85765,0.09498052878974537
2013,8,2013-08,Buluspesantren,0.6174841240875912,0.631475,0.25485,0.85255,0.10793938589953637
2013,8,2013-08,Ambal,0.6020626953125,0.599875,0.1227,0.8097000000000001,0.1037154061064654
2013,8,2013-08,Mirit,0.5963320903954804,0.5983,-0.00095,0.8218500000000001,0.10557259996259392
2013,8,2013-08,Prembun,0.6252520253164557,0.6281,0.4173,0.78235,0.07733588230634357
2013,8,2013-08,Kutowinangun,0.6355561061946904,0.65275,0.3215,0.7988500000000001,0.09459119681985069
2013,8,2013-08,Alian,0.7038688900747064,0.72965,0.36945,0.8611500000000001,0.09796625938698046
2013,8,2013-08,Kebumen,0.5404385826771654,0.5385500000000001,0.20070000000000002,0.8421000000000001,0.10694763102433934
2013,8,2013-08,Pejagoan,0.6795525773195876,0.72875,0.34040000000000004,0.82345,0.11286774428304569
2013,8,2013-08,Sruweng,0.680693935309973,0.7260500000000001,0.38035,0.8351500000000001,0.11009649943702535
2013,8,2013-08,Adimulyo,0.6189642757660169,0.626175,0.40185000000000004,0.7864,0.06680327770774253
2013,8,2013-08,Kuwarasan,0.6282545221843003,0.6344000000000001,0.3397,0.75895,0.06849250302160219
2013,8,2013-08,Rowokele,0.7431658914728683,0.76575,0.4116,0.9031,0.100523732367316
2013,8,2013-08,Sempor,0.7322482972136224,0.7457,0.44010000000000005,0.90285,0.07750530667067901
2013,8,2013-08,Gombong,0.5936388217522659,0.60205,0.32945,0.80355,0.08662169152713776
2013,8,2013-08,Karanganyar,0.6956942718446603,0.7291000000000001,0.37370000000000003,0.84455,0.0981853466278495
2013,8,2013-08,Karanggayam,0.7147124181222708,0.72285,0.35860000000000003,0.8560500000000001,0.06466653102424355
2013,8,2013-08,Sadang,0.7699672858617133,0.7972,0.4117,0.8808,0.07968476953167795
2013,8,2013-08,Bonorowo,0.6492308333333334,0.65725,0.3514,0.8081,0.08576826964025411
2013,8,2013-08,Padureso,0.7588503440366973,0.7704250000000001,0.43960000000000005,0.84565,0.05501710445978159
2013,8,2013-08,Poncowarno,0.712599120879121,0.7102,0.52495,0.8606,0.060932641059451
2013,8,2013-08,Karangsambung,0.7275092838196288,0.7399,0.34985,0.8695,0.08639365946971637
2013,9,2013-09,Ayah,0.6809843702579667,0.714125,0.1401,0.8766,0.12787418858191651
2013,9,2013-09,Buayan,0.6203704545454546,0.6198750000000001,0.14635,0.9095000000000001,0.13072351343013575
2013,9,2013-09,Puring,0.5737061685055166,0.5669500000000001,-0.039,0.86545,0.1189102190315622
2013,9,2013-09,Petanahan,0.5972845430107527,0.6129,0.0913,0.8312,0.10877164132242355
2013,9,2013-09,Klirong,0.6230383502170768,0.6356,0.22775,0.8400500000000001,0.09708957688038518
2013,9,2013-09,Buluspesantren,0.6166689759036145,0.643275,0.0443,0.8519,0.10999151812112506
2013,9,2013-09,Ambal,0.5067932338308457,0.5018,-0.0071,0.7847000000000001,0.14286711114443473
2013,9,2013-09,Mirit,0.5337987528344672,0.548625,-0.0067,0.78895,0.12328250307865267
2013,9,2013-09,Prembun,0.5081624050632911,0.5063500000000001,0.1767,0.7687,0.1102121325561306
2013,9,2013-09,Kutowinangun,0.452333982300885,0.46505,0.07765,0.8654000000000001,0.11223964010012237
2013,9,2013-09,Alian,0.5480311632870865,0.5548000000000001,0.15085,0.8125,0.10876110696617622
2013,9,2013-09,Kebumen,0.48707198162729665,0.484375,0.07075000000000001,0.7846500000000001,0.11221537505776111
2013,9,2013-09,Pejagoan,0.49231013745704466,0.496525,0.13775,0.77625,0.12367072861208922
2013,9,2013-09,Sruweng,0.5239901617250674,0.5455000000000001,0.16215000000000002,0.7774500000000001,0.11730331969541248
2013,9,2013-09,Adimulyo,0.5558829387186629,0.5673250000000001,0.20500000000000002,0.8731,0.10713935201408972
2013,9,2013-09,Kuwarasan,0.6083453924914675,0.628125,0.23825000000000002,0.86975,0.12936080790608714
2013,9,2013-09,Rowokele,0.5747522702104098,0.58575,0.12390000000000001,0.863,0.12503052089337344
2013,9,2013-09,Sempor,0.5203410835913312,0.53125,0.10005,0.8913500000000001,0.11762710626351393
2013,9,2013-09,Gombong,0.5575602719033234,0.56265,0.24075000000000002,0.78795,0.11089772839589718
2013,9,2013-09,Karanganyar,0.5580771844660195,0.5576,0.30060000000000003,0.83945,0.11180273191182116
2013,9,2013-09,Karanggayam,0.5464179312227074,0.5532250000000001,0.1564,0.8214,0.10135832951754371
2013,9,2013-09,Sadang,0.6168728586171311,0.62715,0.19205,0.8862500000000001,0.12441476216910548
2013,9,2013-09,Bonorowo,0.5685063888888889,0.5671250000000001,0.29545,0.8047000000000001,0.11447107240484572
2013,9,2013-09,Padureso,0.611601490825688,0.6347499999999999,0.24375000000000002,0.8141,0.10034805514280074
2013,9,2013-09,Poncowarno,0.5136692307692308,0.52195,0.1154,0.7949,0.10857342519074381
2013,9,2013-09,Karangsambung,0.566149160035367,0.57475,0.08155,0.8661000000000001,0.1154981669399633
2013,10,2013-10,Ayah,0.6915850815850816,0.7271000000000001,0.0426,0.9897,0.16275908651636434
2013,10,2013-10,Buayan,0.7045739480752015,0.7189,0.08660000000000001,0.9544,0.1255811146550415
2013,10,2013-10,Puring,0.5598879482071714,0.5526500000000001,0.22970000000000002,0.8451000000000001,0.11599231670260388
2013,10,2013-10,Petanahan,0.527786030428769,0.5178,0.14830000000000002,0.8247,0.13477237337981343
2013,10,2013-10,Klirong,0.5779418290854573,0.5996,0.1414,0.9332,0.1223360810884701
2013,10,2013-10,Buluspesantren,0.5905257425742575,0.611,0.1043,0.8393,0.1114301561903554
2013,10,2013-10,Ambal,0.4887277665995976,0.4771,0.0723,0.8764000000000001,0.15334174611058565
2013,10,2013-10,Mirit,0.526171581450654,0.5311,0.2068,0.7804,0.11977387935993501
2013,10,2013-10,Prembun,0.5423167088607596,0.5548000000000001,0.17470000000000002,0.7467,0.0942677268656082
2013,10,2013-10,Kutowinangun,0.512198761061947,0.5056,0.08220000000000001,0.8550000000000001,0.13116087365226758
2013,10,2013-10,Alian,0.5751959445037352,0.5898,0.1116,0.9461,0.1223111524753118
2013,10,2013-10,Kebumen,0.500405249343832,0.49935,0.0942,0.9226000000000001,0.13365420929672625
2013,10,2013-10,Pejagoan,0.5595982817869416,0.5885,0.07050000000000001,0.9937,0.17492060426872252
2013,10,2013-10,Sruweng,0.5306500000000001,0.5141,0.0816,0.9577,0.1828970106813463
2013,10,2013-10,Adimulyo,0.5047419220055711,0.5179,0.0932,0.7637,0.11813646297064245
2013,10,2013-10,Kuwarasan,0.5777377133105802,0.6063000000000001,0.10310000000000001,0.7525000000000001,0.11665904022596539
2013,10,2013-10,Rowokele,0.6373533776301218,0.6666000000000001,0.037700000000000004,0.995,0.1723407085710869
2013,10,2013-10,Sempor,0.5398024148606811,0.5636,0.0644,0.9747,0.1736029991119681
2013,10,2013-10,Gombong,0.45718731117824774,0.47150000000000003,0.08950000000000001,0.7721,0.1250195062327943
2013,10,2013-10,Karanganyar,0.5344188349514564,0.5467000000000001,0.0913,0.9845,0.15121269407403634
2013,10,2013-10,Karanggayam,0.5544344978165939,0.5885,0.0582,0.9597,0.17118149823589268
2013,10,2013-10,Sadang,0.6728103199174407,0.6977,0.1646,0.8961,0.13167236356945913
2013,10,2013-10,Bonorowo,0.5335400000000001,0.54025,0.1326,0.7262000000000001,0.1001069525835022
2013,10,2013-10,Padureso,0.5963309633027524,0.6459,0.0809,0.8662000000000001,0.14865699476221292
2013,10,2013-10,Poncowarno,0.586666153846154,0.5906,0.1749,0.8685,0.12025491787041513
2013,10,2013-10,Karangsambung,0.5818030061892131,0.596,0.0971,0.9806,0.1290267196564499
2013,11,2013-11,Ayah,0.6730863461538461,0.7014750000000001,0.1638,0.90025,0.1405610108708458
2013,11,2013-11,Buayan,0.6305021486123545,0.6475000000000001,0.1422,0.87155,0.1475361039219503
2013,11,2013-11,Puring,0.5909930118110237,0.62835,-0.0599,0.9004000000000001,0.1616109509559354
2013,11,2013-11,Petanahan,0.5666711459754434,0.57785,0.21915,0.8813500000000001,0.1635857818959919
2013,11,2013-11,Klirong,0.6052534702549575,0.6094,0.1932,0.8629,0.11660520134268008
2013,11,2013-11,Buluspesantren,0.5834265662650603,0.578775,0.23120000000000002,0.81825,0.11773053105216133
2013,11,2013-11,Ambal,0.541269069069069,0.5723,-0.0568,0.83845,0.18300571786697334
2013,11,2013-11,Mirit,0.5685417327293318,0.5725,0.08035,0.83835,0.14315495336676826
2013,11,2013-11,Prembun,0.583406835443038,0.6003000000000001,0.21895,0.78335,0.1174001054119845
2013,11,2013-11,Kutowinangun,0.5826037168141593,0.61405,0.08015,0.82445,0.13872913535027476
2013,11,2013-11,Alian,0.6828241728922093,0.7203,0.19790000000000002,0.87475,0.1236863384755562
2013,11,2013-11,Kebumen,0.5101788713910761,0.50165,0.22360000000000002,0.8411000000000001,0.12246848108000617
2013,11,2013-11,Pejagoan,0.6607562714776632,0.6895,0.25630000000000003,0.8727,0.1183208201694979
2013,11,2013-11,Sruweng,0.6268957547169811,0.6524000000000001,0.19340000000000002,0.9144,0.147014694330969
2013,11,2013-11,Adimulyo,0.512258147632312,0.520875,0.18910000000000002,0.7716000000000001,0.11364392029294501
2013,11,2013-11,Kuwarasan,0.5088108361774745,0.5048250000000001,0.2194,0.7691,0.10381853005155348
2013,11,2013-11,Rowokele,0.6311579180509413,0.6554,0.17220000000000002,0.8361000000000001,0.09513858249503687
2013,11,2013-11,Sempor,0.5901286996904025,0.606,0.13785,0.8289000000000001,0.11768407337122633
2013,11,2013-11,Gombong,0.4689123867069487,0.46385000000000004,0.18135,0.77295,0.097590337252821
2013,11,2013-11,Karanganyar,0.6418157281553399,0.6812,0.30735,0.8481000000000001,0.12275548145949852
2013,11,2013-11,Karanggayam,0.6305509279475983,0.6367,0.19465000000000002,0.86355,0.1126347599680891
2013,11,2013-11,Sadang,0.7128260577915377,0.71265,0.35315,0.90315,0.09267782082126388
2013,11,2013-11,Bonorowo,0.5101444444444445,0.521425,0.23895000000000002,0.752,0.10627184434125231
2013,11,2013-11,Padureso,0.7225978211009176,0.7381,0.3849,0.84865,0.07606928676279949
2013,11,2013-11,Poncowarno,0.6480717582417583,0.65605,0.22890000000000002,0.8889,0.09705532408462879
2013,11,2013-11,Karangsambung,0.7021652961980548,0.7187,0.33025000000000004,0.9168000000000001,0.09384908055360293
2013,12,2013-12,Ayah,0.5428521739130435,0.537,0.10540000000000001,0.8632000000000001,0.15372791095764704
2013,12,2013-12,Buayan,0.5081889883616831,0.5215000000000001,0.04285,0.9475,0.14218963946670415
2013,12,2013-12,Puring,0.4694015033947624,0.4888,-0.0028,0.9387000000000001,0.21076848159145234
2013,12,2013-12,Petanahan,0.5082174666666667,0.47392500000000004,0.1467,0.8618,0.1800098756038556
2013,12,2013-12,Klirong,0.5195068740955138,0.5235000000000001,0.1736,0.82235,0.14453029084187347
2013,12,2013-12,Buluspesantren,0.4886336165048544,0.4963,0.1197,0.85165,0.16192467519023956
2013,12,2013-12,Ambal,0.49157703373015876,0.5002500000000001,0.0637,0.8382000000000001,0.16157252782220127
2013,12,2013-12,Mirit,0.4696017533936652,0.480275,0.02995,0.7844,0.15367813497145813
2013,12,2013-12,Prembun,0.5217625316455697,0.5241,0.18655000000000002,0.8642000000000001,0.1369802623726014
2013,12,2013-12,Kutowinangun,0.5752597345132743,0.5847,0.18885000000000002,0.8812000000000001,0.16840222423257417
2013,12,2013-12,Alian,0.5587979188900747,0.56445,0.21985000000000002,0.92995,0.13660863817862312
2013,12,2013-12,Kebumen,0.4449719160104987,0.42275000000000007,0.15835000000000002,0.84655,0.13549753389491817
2013,12,2013-12,Pejagoan,0.5345249140893472,0.523875,0.1703,0.91895,0.14304955242158807
2013,12,2013-12,Sruweng,0.4903523584905661,0.484125,0.13855,0.9134,0.16689048601988177
2013,12,2013-12,Adimulyo,0.34799777158774375,0.33442500000000003,0.06785000000000001,0.7367,0.1313100401547879
2013,12,2013-12,Kuwarasan,0.39937807167235495,0.410625,0.0106,0.73995,0.1380459411257666
2013,12,2013-12,Rowokele,0.4863493909191584,0.49260000000000004,0.10085000000000001,0.8327,0.13654472981993934
2013,12,2013-12,Sempor,0.5114499071207431,0.5205500000000001,0.128,0.8417,0.135633835855158
2013,12,2013-12,Gombong,0.41890558912386716,0.40745000000000003,0.1557,0.73995,0.10662498824529136
2013,12,2013-12,Karanganyar,0.5221248543689321,0.5188,0.13490000000000002,0.84185,0.13027677114784103
2013,12,2013-12,Karanggayam,0.5879573417030568,0.58025,0.22610000000000002,0.8936000000000001,0.12559445828688737
2013,12,2013-12,Sadang,0.6913839009287925,0.6985,0.25885,0.889,0.1053561604302924
2013,12,2013-12,Bonorowo,0.4091091666666667,0.416875,0.0516,0.7666000000000001,0.13506174081744576
2013,12,2013-12,Padureso,0.6151501146788991,0.639325,0.13945000000000002,0.8052,0.10287376920790789
2013,12,2013-12,Poncowarno,0.6214702197802198,0.6175,0.35425,0.8789,0.10228257184510176
2013,12,2013-12,Karangsambung,0.6383361626878868,0.6507000000000001,0.21350000000000002,0.875,0.132404450311819
2014,1,2014-01,Ayah,0.6651586429112964,0.7140500000000001,0.043500000000000004,0.8481000000000001,0.12661319051539358
2014,1,2014-01,Buayan,0.664389052725648,0.68125,0.0733,0.85595,0.08398012873707188
2014,1,2014-01,Puring,0.5364916504854369,0.54395,0.1527,0.8604,0.11379749488853859
2014,1,2014-01,Petanahan,0.5784183646112601,0.59955,0.23270000000000002,0.74395,0.08157869458007923
2014,1,2014-01,Klirong,0.5550079330422125,0.56865,0.1746,0.8709,0.0896669791686106
2014,1,2014-01,Buluspesantren,0.5209698547215497,0.5222,0.2044,0.8580000000000001,0.08807796148580321
2014,1,2014-01,Ambal,0.6366594689378758,0.652925,0.1501,0.90725,0.12244288508621073
2014,1,2014-01,Mirit,0.6132289595375724,0.6514500000000001,0.12090000000000001,0.86585,0.15421249479701246
2014,1,2014-01,Prembun,0.6456843037974683,0.65415,0.36635,0.8739,0.09093659667256479
2014,1,2014-01,Kutowinangun,0.6558223008849559,0.65705,0.39095,0.8763500000000001,0.08382870549819071
2014,1,2014-01,Alian,0.6065225720384206,0.6169,0.38230000000000003,0.7917000000000001,0.06995894572977458
2014,1,2014-01,Kebumen,0.533379593175853,0.5286000000000001,0.29645,0.7596,0.08252509862529905
2014,1,2014-01,Pejagoan,0.5807487113402062,0.6048,0.2728,0.7407,0.09719054429964016
2014,1,2014-01,Sruweng,0.5960966981132076,0.5998,0.2947,0.8763000000000001,0.060346483118834934
2014,1,2014-01,Adimulyo,0.5824986072423399,0.590875,0.2706,0.7105,0.07021817758416467
2014,1,2014-01,Kuwarasan,0.5816372013651877,0.600125,0.2954,0.7250500000000001,0.07378235744161368
2014,1,2014-01,Rowokele,0.6110580841638982,0.6358,0.2217,0.8095,0.1272799074066344
2014,1,2014-01,Sempor,0.6285477089783282,0.6461,0.15615,0.81745,0.10315040145258098
2014,1,2014-01,Gombong,0.611193504531722,0.6193500000000001,0.38580000000000003,0.7838,0.08170618856212593
2014,1,2014-01,Karanganyar,0.610565145631068,0.6164000000000001,0.40955,0.7334,0.06161344516401263
2014,1,2014-01,Karanggayam,0.6076930949781659,0.617875,0.33295,0.7782,0.07073643189737354
2014,1,2014-01,Sadang,0.6347934984520124,0.6456000000000001,0.39675,0.784,0.06561879858390975
2014,1,2014-01,Bonorowo,0.49684388888888886,0.5238750000000001,-0.0082,0.7583000000000001,0.1589524985085128
2014,1,2014-01,Padureso,0.6682155963302753,0.66625,0.28600000000000003,0.9268000000000001,0.10256394340172514
2014,1,2014-01,Poncowarno,0.653084065934066,0.65805,0.40435000000000004,0.8037000000000001,0.06678186496245657
2014,1,2014-01,Karangsambung,0.5974859416445623,0.60095,0.36260000000000003,0.7659,0.06446093177607322
2014,2,2014-02,Ayah,0.716564344879518,0.7321,0.11420000000000001,0.9403,0.1221927547069959
2014,2,2014-02,Buayan,0.7733738859180037,0.777225,0.08560000000000001,0.9421,0.08920099190144071
2014,2,2014-02,Puring,0.7043463307240705,0.7257250000000001,0.0874,0.9454,0.11794138596036043
2014,2,2014-02,Petanahan,0.7635278000000002,0.8141,0.083,0.9013500000000001,0.12956084703268447
2014,2,2014-02,Klirong,0.7785026618705035,0.8218000000000001,0.058100000000000006,0.9046500000000001,0.1233354758406036
2014,2,2014-02,Buluspesantren,0.7821492788461538,0.8147500000000001,0.042300000000000004,0.9114000000000001,0.10449061244160762
2014,2,2014-02,Ambal,0.7393297752808989,0.7588,0.215,0.8985000000000001,0.10905380092397442
2014,2,2014-02,Mirit,0.6665388571428571,0.6852,0.08420000000000001,0.92305,0.15508697914896344
2014,2,2014-02,Prembun,0.7745493670886076,0.7936500000000001,0.5325500000000001,0.9094500000000001,0.07272342835183854
2014,2,2014-02,Kutowinangun,0.7876353982300885,0.8072,0.50215,0.8923000000000001,0.06431952843511642
2014,2,2014-02,Alian,0.7306470117395945,0.7077,0.42615000000000003,0.91735,0.09246954704592317
2014,2,2014-02,Kebumen,0.7565748031496062,0.78205,0.3551,0.89505,0.09960604658371582
2014,2,2014-02,Pejagoan,0.7893541237113403,0.80635,0.5447000000000001,0.92725,0.0810415950019004
2014,2,2014-02,Sruweng,0.7873830188679247,0.7982,0.5909,0.92735,0.06917157090217857
2014,2,2014-02,Adimulyo,0.7846603760445683,0.7987,0.50005,0.9138000000000001,0.06712918028458502
2014,2,2014-02,Kuwarasan,0.7716538395904438,0.777075,0.5214500000000001,0.9034000000000001,0.06744869227943824
2014,2,2014-02,Rowokele,0.6639097452934664,0.6467,0.2104,0.9383,0.1313164924931759
2014,2,2014-02,Sempor,0.7623066563467492,0.7702,0.26025000000000004,0.92115,0.09430560537380085
2014,2,2014-02,Gombong,0.6903767371601208,0.69435,0.29535,0.87975,0.10319113327966307
2014,2,2014-02,Karanganyar,0.7739789320388349,0.78885,0.51265,0.9036000000000001,0.0827919956957594
2014,2,2014-02,Karanggayam,0.7845019923580786,0.811,0.40605,0.9307500000000001,0.08602457361363809
2014,2,2014-02,Sadang,0.7641407636738906,0.7715500000000001,0.44670000000000004,0.9387500000000001,0.09004155630915481
2014,2,2014-02,Bonorowo,0.7239829166666667,0.761725,0.2632,0.8991,0.1339782829358456
2014,2,2014-02,Padureso,0.6659711009174311,0.6606000000000001,0.38085,0.87095,0.053111228077220636
2014,2,2014-02,Poncowarno,0.6981138461538463,0.6889000000000001,0.47385000000000005,0.8655,0.06802735289830084
2014,2,2014-02,Karangsambung,0.7184553050397878,0.70245,0.39690000000000003,0.9335,0.08407986476475332
2014,3,2014-03,Ayah,0.6926616438356165,0.7213,0.0589,0.9207000000000001,0.12727391764127272
2014,3,2014-03,Buayan,0.7580050446428572,0.7787000000000001,0.3851,0.9408000000000001,0.09070902028305837
2014,3,2014-03,Puring,0.7077973313192346,0.7397,0.33035000000000003,0.9038,0.107726514909421
2014,3,2014-03,Petanahan,0.6458616216216216,0.6584,0.16620000000000001,0.9618000000000001,0.11747740711517887
2014,3,2014-03,Klirong,0.6780757731958763,0.6757500000000001,0.3206,0.9850000000000001,0.08472234621637942
2014,3,2014-03,Buluspesantren,0.6397919805589308,0.6479,0.2964,0.86045,0.09100491142175658
2014,3,2014-03,Ambal,0.6234766800401204,0.6278,0.2752,0.8515,0.1051771196115404
2014,3,2014-03,Mirit,0.6423493750000001,0.65395,0.2023,0.84635,0.09143464917979455
2014,3,2014-03,Prembun,0.682610253164557,0.7048500000000001,0.39430000000000004,0.8616,0.09911870968723559
2014,3,2014-03,Kutowinangun,0.6726794690265487,0.6779000000000001,0.33015,0.872,0.09948277621940312
2014,3,2014-03,Alian,0.7316363927427962,0.7485,0.34290000000000004,0.90705,0.09428757733729319
2014,3,2014-03,Kebumen,0.6169721128608924,0.6227750000000001,0.27590000000000003,0.866,0.11790046652336965
2014,3,2014-03,Pejagoan,0.7150736254295533,0.73955,0.2973,0.9116000000000001,0.11852158080382535
2014,3,2014-03,Sruweng,0.7055697439353099,0.72395,0.33990000000000004,0.90495,0.10942685179547908
2014,3,2014-03,Adimulyo,0.6829512534818941,0.688825,0.3786,0.85255,0.08806062847903356
2014,3,2014-03,Kuwarasan,0.6709420648464165,0.6798250000000001,0.39130000000000004,0.84335,0.08669945548405301
2014,3,2014-03,Rowokele,0.7524055924695461,0.7704000000000001,0.32385,0.9015500000000001,0.08833545852512391
2014,3,2014-03,Sempor,0.7319049845201239,0.7561,0.25680000000000003,0.9225000000000001,0.11206738754568857
2014,3,2014-03,Gombong,0.5627049848942599,0.5568000000000001,0.3608,0.8522000000000001,0.08858495903706205
2014,3,2014-03,Karanganyar,0.742142427184466,0.76995,0.41340000000000005,0.9293,0.10867046097391661
2014,3,2014-03,Karanggayam,0.7565983624454149,0.79335,0.23645000000000002,0.9579500000000001,0.11609566144558858
2014,3,2014-03,Sadang,0.7713791021671828,0.79525,0.21765,0.93045,0.10265714347586455
2014,3,2014-03,Bonorowo,0.7248480555555555,0.73505,0.38470000000000004,0.9034000000000001,0.0762655411965123
2014,3,2014-03,Padureso,0.7716675458715596,0.80105,0.3991,0.92005,0.0904648963582322
2014,3,2014-03,Poncowarno,0.7361309890109891,0.7619,0.37085,0.8975500000000001,0.10253936995773648
2014,3,2014-03,Karangsambung,0.7682832007073387,0.7928000000000001,0.3398,0.9231,0.0881830864127471
2014,4,2014-04,Ayah,0.6806353008377761,0.7065,-0.0718,0.94845,0.1476700894462547
2014,4,2014-04,Buayan,0.7008545089285715,0.757925,0.19085000000000002,0.9356000000000001,0.1604852465674969
2014,4,2014-04,Puring,0.591342752918288,0.6189500000000001,-0.007850000000000001,0.89215,0.16736559929200165
2014,4,2014-04,Petanahan,0.5499882949932342,0.5568500000000001,0.1822,0.86775,0.1861589736740249
2014,4,2014-04,Klirong,0.6052477306002929,0.62065,0.18150000000000002,0.8796,0.14403539131636373
2014,4,2014-04,Buluspesantren,0.5787001872659177,0.5828,0.22955,0.8642000000000001,0.16846035650398014
2014,4,2014-04,Ambal,0.5629311871227365,0.572425,-0.0048000000000000004,0.8545,0.17939972486290082
2014,4,2014-04,Mirit,0.5835446145124717,0.58465,0.038900000000000004,0.8905000000000001,0.12135758147532746
2014,4,2014-04,Prembun,0.5922868354430381,0.59185,0.1296,0.8250500000000001,0.15221375947505497
2014,4,2014-04,Kutowinangun,0.6080593805309734,0.6397,0.1574,0.8380000000000001,0.15992546588229578
2014,4,2014-04,Alian,0.7314252401280683,0.7736500000000001,0.3005,0.8777,0.12197235948661085
2014,4,2014-04,Kebumen,0.5114267716535433,0.48997500000000005,0.22590000000000002,0.8572500000000001,0.13211326974156967
2014,4,2014-04,Pejagoan,0.7187928694158077,0.7691,0.323,0.8824000000000001,0.13338401040529865
2014,4,2014-04,Sruweng,0.6648431940700809,0.7193499999999999,0.27645000000000003,0.9238500000000001,0.17268246441083726
2014,4,2014-04,Adimulyo,0.49153558495821725,0.512175,0.1149,0.7443500000000001,0.11819244733766275
2014,4,2014-04,Kuwarasan,0.4823366040955631,0.49135,0.15945,0.7598,0.13296641183528943
2014,4,2014-04,Rowokele,0.7046722037652271,0.7495,0.18345,0.94545,0.14782642386160338
2014,4,2014-04,Sempor,0.7422324148606813,0.7912,0.11995,0.91525,0.12616509308217824
2014,4,2014-04,Gombong,0.4474194864048338,0.4394,0.21480000000000002,0.8417,0.13873100236630959
2014,4,2014-04,Karanganyar,0.6719959223300971,0.76005,0.13995000000000002,0.8885500000000001,0.18416932812025408
2014,4,2014-04,Karanggayam,0.7905649836244543,0.807,0.43460000000000004,0.9113,0.062001483449112424
2014,4,2014-04,Sadang,0.7964897316821467,0.8098500000000001,0.4656,0.9087000000000001,0.059465858121064294
2014,4,2014-04,Bonorowo,0.5892286111111111,0.588175,0.3174,0.79625,0.10426075251377027
2014,4,2014-04,Padureso,0.7833849770642203,0.7999750000000001,0.29215,0.8570000000000001,0.06772123452605851
2014,4,2014-04,Poncowarno,0.7178642857142858,0.73445,0.3425,0.8618,0.08783011876885591
2014,4,2014-04,Karangsambung,0.7747844827586208,0.79995,0.41565,0.8814500000000001,0.0779422389522173
2014,5,2014-05,Ayah,0.7648300925925926,0.817675,0.21405000000000002,0.9381,0.12794433468836927
2014,5,2014-05,Buayan,0.7890928443649375,0.810575,0.3519,0.9217000000000001,0.08657027527161784
2014,5,2014-05,Puring,0.6429810562015504,0.692675,0.0833,0.8432000000000001,0.14972414271574855
2014,5,2014-05,Petanahan,0.6388553162853298,0.65635,0.19460000000000002,0.8623500000000001,0.12139803253554085
2014,5,2014-05,Klirong,0.644096454413893,0.65925,0.32355,0.8741500000000001,0.12414175583168785
2014,5,2014-05,Buluspesantren,0.6239898379052369,0.6555500000000001,0.2049,0.85055,0.1449951420618801
2014,5,2014-05,Ambal,0.5836591549295774,0.6083500000000001,0.00995,0.84965,0.18211246811503004
2014,5,2014-05,Mirit,0.5680987164527421,0.57255,0.13255,0.8314,0.13842550454150676
2014,5,2014-05,Prembun,0.603516582278481,0.60675,0.2467,0.8283,0.13644607947748033
2014,5,2014-05,Kutowinangun,0.6430150442477875,0.7083,0.22695,0.8828,0.1577967725262095
2014,5,2014-05,Alian,0.7310042689434365,0.7757000000000001,0.2853,0.88205,0.1297578092394331
2014,5,2014-05,Kebumen,0.5216898293963255,0.5097,0.2356,0.8745,0.14152171866968066
2014,5,2014-05,Pejagoan,0.7247445876288661,0.786775,0.32055,0.92325,0.14574638961801292
2014,5,2014-05,Sruweng,0.6880754043126684,0.73265,0.25835,0.90575,0.14719968426144608
2014,5,2014-05,Adimulyo,0.5740762534818942,0.6010500000000001,0.11760000000000001,0.7705500000000001,0.1174112365052452
2014,5,2014-05,Kuwarasan,0.6668783276450512,0.70055,0.30785,0.81405,0.10667523294478616
2014,5,2014-05,Rowokele,0.7599638427464009,0.7983,0.21630000000000002,0.98065,0.11822662743253108
2014,5,2014-05,Sempor,0.7836937461300311,0.79605,0.28155,0.9155500000000001,0.07305305365414654
2014,5,2014-05,Gombong,0.6671290030211481,0.68025,0.39295,0.8477,0.08423316073426178
2014,5,2014-05,Karanganyar,0.7378394174757281,0.7802,0.4027,0.9144500000000001,0.12112843732896811
2014,5,2014-05,Karanggayam,0.7880116266375546,0.81525,0.38245,0.9084000000000001,0.07979540750660055
2014,5,2014-05,Sadang,0.7770044891640866,0.80725,0.4,0.9061,0.09502760482629145
2014,5,2014-05,Bonorowo,0.5183770833333334,0.54355,0.14020000000000002,0.751,0.12426758827489863
2014,5,2014-05,Padureso,0.7962701834862386,0.8039750000000001,0.39535000000000003,0.8771,0.05373018447168061
2014,5,2014-05,Poncowarno,0.7482720879120879,0.7544000000000001,0.4832,0.88405,0.0614866080392153
2014,5,2014-05,Karangsambung,0.7682484969053934,0.7889,0.36675,0.89275,0.08537354531188228
2014,6,2014-06,Ayah,0.7067546910755149,0.7270500000000001,0.06585,0.9701500000000001,0.1483884092216855
2014,6,2014-06,Buayan,0.7933479036574488,0.8264,0.0635,0.9399000000000001,0.10915292870281158
2014,6,2014-06,Puring,0.6868135832521909,0.6979500000000001,0.001,0.9086000000000001,0.1294505314606195
2014,6,2014-06,Petanahan,0.7334396032831738,0.79325,0.0574,0.9252,0.14914738928026056
2014,6,2014-06,Klirong,0.7165347360912981,0.7732,0.2028,0.90125,0.14238894038779545
2014,6,2014-06,Buluspesantren,0.7646381009615385,0.7967000000000001,0.37205,0.9166500000000001,0.10184604975747144
2014,6,2014-06,Ambal,0.7452664335664336,0.7622,0.093,0.8924000000000001,0.09288653088337556
2014,6,2014-06,Mirit,0.6765222285714286,0.69245,0.0651,0.91,0.11304939173478512
2014,6,2014-06,Prembun,0.7179522784810126,0.73175,0.49795,0.84945,0.06976053403416989
2014,6,2014-06,Kutowinangun,0.7779329203539823,0.782,0.4398,0.88715,0.06067098944716561
2014,6,2014-06,Alian,0.7810896478121665,0.7917500000000001,0.46640000000000004,0.8719,0.05805856108301956
2014,6,2014-06,Kebumen,0.7198313648293962,0.7329000000000001,0.2958,0.8949,0.09540098858264882
2014,6,2014-06,Pejagoan,0.7624314432989691,0.7777750000000001,0.4768,0.9192,0.08418917792509814
2014,6,2014-06,Sruweng,0.7956321428571429,0.8132,0.5114500000000001,0.9021,0.061228729690221764
2014,6,2014-06,Adimulyo,0.7995882311977717,0.8264,0.25405,0.90525,0.08411115418144521
2014,6,2014-06,Kuwarasan,0.8256906996587031,0.8370000000000001,0.5447000000000001,0.8952,0.04828302353266488
2014,6,2014-06,Rowokele,0.7342778516057586,0.74695,0.16305,0.93705,0.10519602898867302
2014,6,2014-06,Sempor,0.746040959752322,0.78025,0.3572,0.9015500000000001,0.11050595950199513
2014,6,2014-06,Gombong,0.7854374622356494,0.80305,0.50815,0.89005,0.07779736209051391
2014,6,2014-06,Karanganyar,0.817512427184466,0.83555,0.5024500000000001,0.9005000000000001,0.061807487771258045
2014,6,2014-06,Karanggayam,0.7527417576419215,0.786125,0.4233,0.92015,0.09338154730130936
2014,6,2014-06,Sadang,0.7709718782249743,0.7971,0.29985,0.9067000000000001,0.08740448893770818
2014,6,2014-06,Bonorowo,0.597928888888889,0.64455,0.09275,0.8024,0.13765091293594375
2014,6,2014-06,Padureso,0.8071685779816514,0.8122750000000001,0.40475,0.88985,0.05696517726570895
2014,6,2014-06,Poncowarno,0.7860002197802197,0.78735,0.6087,0.8991,0.035819892256543404
2014,6,2014-06,Karangsambung,0.7721955349248453,0.7874,0.46815,0.92435,0.07282730038090417
2014,7,2014-07,Ayah,0.6703288812785388,0.6940250000000001,-0.10070000000000001,0.9585,0.13414993972832698
2014,7,2014-07,Buayan,0.6299664438502675,0.6517000000000001,0.1274,0.9590000000000001,0.15304444799046113
2014,7,2014-07,Puring,0.6372428359683795,0.65375,0.0167,0.87895,0.1328474317370539
2014,7,2014-07,Petanahan,0.6533045576407507,0.668425,0.1383,0.9182,0.11978526237022896
2014,7,2014-07,Klirong,0.7012039531478771,0.7139500000000001,0.4035,0.88115,0.0812040066405292
2014,7,2014-07,Buluspesantren,0.6762127139364303,0.6942,0.32480000000000003,0.85745,0.08266200255246774
2014,7,2014-07,Ambal,0.7244986013986014,0.74915,0.1029,0.87965,0.09959808569630037
2014,7,2014-07,Mirit,0.6965083715596331,0.731325,0.046700000000000005,0.88075,0.12343923763792689
2014,7,2014-07,Prembun,0.7305693670886076,0.74815,0.3658,0.8613500000000001,0.0783241272516075
2014,7,2014-07,Kutowinangun,0.7172238053097345,0.73895,0.3801,0.9136000000000001,0.08949481205430102
2014,7,2014-07,Alian,0.7680389007470652,0.7866500000000001,0.36050000000000004,0.9104000000000001,0.08125087517510939
2014,7,2014-07,Kebumen,0.6489641732283465,0.66625,0.27545000000000003,0.9072,0.11992718072677418
2014,7,2014-07,Pejagoan,0.6803536082474227,0.7030000000000001,0.2805,0.93,0.12302507586302991
2014,7,2014-07,Sruweng,0.6427911725067387,0.66025,0.2034,0.93145,0.12284285482151863
2014,7,2014-07,Adimulyo,0.6500962395543176,0.657375,0.30405,0.8654000000000001,0.10278227363104557
2014,7,2014-07,Kuwarasan,0.6259726109215018,0.63625,0.258,0.82555,0.09842717754615268
2014,7,2014-07,Rowokele,0.6754204318936876,0.6963,0.1819,0.9195000000000001,0.12592851461203597
2014,7,2014-07,Sempor,0.6220378947368421,0.6374000000000001,0.11615,0.9193,0.13281246747782866
2014,7,2014-07,Gombong,0.5249503021148036,0.5303,0.16465000000000002,0.81105,0.10827519082665803
2014,7,2014-07,Karanganyar,0.6503239805825244,0.6543,0.217,0.94425,0.11529056143500917
2014,7,2014-07,Karanggayam,0.7005967521834061,0.7214,0.23945000000000002,0.92015,0.12036311096651184
2014,7,2014-07,Sadang,0.7554663054695563,0.76085,0.3401,0.9057000000000001,0.08741469976000411
2014,7,2014-07,Bonorowo,0.6800304166666667,0.7368250000000001,0.07880000000000001,0.8884500000000001,0.1628883466812424
2014,7,2014-07,Padureso,0.803008256880734,0.8109000000000001,0.45875000000000005,0.869,0.04945311224042717
2014,7,2014-07,Poncowarno,0.7480461538461538,0.7672,0.45380000000000004,0.93505,0.07571928355966873
2014,7,2014-07,Karangsambung,0.7383091954022989,0.744,0.2349,0.9046000000000001,0.08626868825518046
2014,8,2014-08,Ayah,0.7551299772899319,0.7972,0.2341,0.9282,0.11307869799445254
2014,8,2014-08,Buayan,0.7286241502683365,0.7389,0.3361,0.9038,0.10325749890661545
2014,8,2014-08,Puring,0.5967960696517414,0.6101,0.34255,0.8215,0.12432285724198536
2014,8,2014-08,Petanahan,0.5982879972565158,0.6202500000000001,0.3005,0.8388,0.12253905881873364
2014,8,2014-08,Klirong,0.6273658518518519,0.62395,0.37610000000000005,0.8084,0.09237973042374197
2014,8,2014-08,Buluspesantren,0.5694980487804878,0.5646,0.2076,0.7897500000000001,0.11569082521477522
2014,8,2014-08,Ambal,0.5379623645320198,0.5294,0.0333,0.8128000000000001,0.12453362130285571
2014,8,2014-08,Mirit,0.5583798285714286,0.5513,0.023200000000000002,0.8200000000000001,0.1057615578363453
2014,8,2014-08,Prembun,0.5958146835443039,0.58165,0.36365000000000003,0.7823,0.09825502776243086
2014,8,2014-08,Kutowinangun,0.6115139823008849,0.6393500000000001,0.3559,0.8097000000000001,0.12469644231031311
2014,8,2014-08,Alian,0.7183288687299894,0.74755,0.33795000000000003,0.85475,0.098247562810959
2014,8,2014-08,Kebumen,0.5347702099737534,0.519825,0.24105000000000001,0.8322,0.10595322089519577
2014,8,2014-08,Pejagoan,0.6944318728522337,0.7455499999999999,0.33815,0.84775,0.11056216010854254
2014,8,2014-08,Sruweng,0.6842965633423181,0.7201500000000001,0.34195000000000003,0.8540500000000001,0.12333343774043608
2014,8,2014-08,Adimulyo,0.5613440111420613,0.571925,0.314,0.72075,0.07725313985422809
2014,8,2014-08,Kuwarasan,0.5952662969283277,0.60255,0.3361,0.7624000000000001,0.06835716338803058
2014,8,2014-08,Rowokele,0.7184980620155039,0.7363500000000001,0.3869,0.89595,0.10355487467950328
2014,8,2014-08,Sempor,0.7465578328173375,0.7668,0.3452,0.8773500000000001,0.07903935958965994
2014,8,2014-08,Gombong,0.5829067975830816,0.58135,0.376,0.7966500000000001,0.07342520429660583
2014,8,2014-08,Karanganyar,0.7003899029126213,0.7433500000000001,0.41140000000000004,0.84175,0.10247934077851174
2014,8,2014-08,Karanggayam,0.7330664847161573,0.739725,0.3972,0.8543000000000001,0.05960309814051998
2014,8,2014-08,Sadang,0.7803468008255935,0.80045,0.47850000000000004,0.87495,0.0655619473256683
2014,8,2014-08,Bonorowo,0.5841431944444444,0.5796,0.4394,0.7627,0.07040475581368359
2014,8,2014-08,Padureso,0.7659241972477064,0.774275,0.40285000000000004,0.8506,0.05296892604772318
2014,8,2014-08,Poncowarno,0.7180364835164835,0.7251000000000001,0.49655000000000005,0.84035,0.0633431967148164
2014,8,2014-08,Karangsambung,0.7474684792219276,0.7573500000000001,0.36475,0.87965,0.06936665890487549
2014,9,2014-09,Ayah,0.7132167053364269,0.74175,0.1077,0.8828,0.1024443197158604
2014,9,2014-09,Buayan,0.6624862578334826,0.67625,0.21955000000000002,0.9281,0.11465622331480509
2014,9,2014-09,Puring,0.578839512195122,0.58885,0.1726,0.86575,0.11757645821588315
2014,9,2014-09,Petanahan,0.6294596752368065,0.6571,0.28785,0.8280000000000001,0.09662212646434892
2014,9,2014-09,Klirong,0.6425036818851253,0.6531,0.4087,0.7781,0.06824156419401221
2014,9,2014-09,Buluspesantren,0.5992880434782609,0.632325,0.11810000000000001,0.77835,0.11353454890137916
2014,9,2014-09,Ambal,0.49044338677354715,0.48635000000000006,0.0781,0.8427,0.12339141954035977
2014,9,2014-09,Mirit,0.49898291284403673,0.49685,0.1607,0.7978000000000001,0.10739056094804386
2014,9,2014-09,Prembun,0.5470225316455696,0.5543,0.32180000000000003,0.82235,0.10338868299193078
2014,9,2014-09,Kutowinangun,0.5224713274336285,0.51465,0.30160000000000003,0.7604000000000001,0.09653858076496685
2014,9,2014-09,Alian,0.5787717182497333,0.5972500000000001,0.11625,0.8298000000000001,0.11486776372672666
2014,9,2014-09,Kebumen,0.5173909448818897,0.5195500000000001,0.2214,0.78795,0.12579909324101685
2014,9,2014-09,Pejagoan,0.6065745704467355,0.6214,0.3169,0.8118000000000001,0.10328095189066043
2014,9,2014-09,Sruweng,0.5910336253369273,0.6092500000000001,0.18585000000000002,0.8025,0.11856772771709172
2014,9,2014-09,Adimulyo,0.6580850278551532,0.6758250000000001,0.33885000000000004,0.80025,0.07885374429678771
2014,9,2014-09,Kuwarasan,0.6755635665529011,0.70115,0.26555,0.84345,0.09737927745095536
2014,9,2014-09,Rowokele,0.6315322259136212,0.6512,0.04965,0.8931,0.11673791391446345
2014,9,2014-09,Sempor,0.5890887306501549,0.6077,0.12935,0.84325,0.11102903311739312
2014,9,2014-09,Gombong,0.5979681268882175,0.60945,0.34195000000000003,0.76895,0.09803250002496122
2014,9,2014-09,Karanganyar,0.6066873786407766,0.62855,0.1781,0.78035,0.10636462180979223
2014,9,2014-09,Karanggayam,0.5834932041484716,0.5935,0.1542,0.8675,0.1038702862132355
2014,9,2014-09,Sadang,0.6395872549019609,0.6587000000000001,0.17065,0.8884000000000001,0.1147895466752133
2014,9,2014-09,Bonorowo,0.5149066666666666,0.5316000000000001,0.2922,0.74455,0.08343500346244241
2014,9,2014-09,Padureso,0.6285410550458715,0.65125,0.23,0.8545,0.11512680638508203
2014,9,2014-09,Poncowarno,0.5788795604395605,0.60605,0.26430000000000003,0.8431000000000001,0.12254165772882161
2014,9,2014-09,Karangsambung,0.6015019893899205,0.6131500000000001,0.2487,0.82965,0.10395011485112995
2014,10,2014-10,Ayah,0.7425421752738655,0.75795,0.09960000000000001,0.896,0.09037668708612923
2014,10,2014-10,Buayan,0.6694551258992806,0.7143,0.078,0.9724,0.14578854781896966
2014,10,2014-10,Puring,0.6066251,0.5997,-0.17470000000000002,0.9991000000000001,0.11334387967592252
2014,10,2014-10,Petanahan,0.5745892904953146,0.5648000000000001,0.07010000000000001,0.7982,0.10008873970479762
2014,10,2014-10,Klirong,0.611937794117647,0.6139,0.3292,0.762,0.07093619563393878
2014,10,2014-10,Buluspesantren,0.6036478260869566,0.6223500000000001,0.057600000000000005,0.7733,0.08982021795367187
2014,10,2014-10,Ambal,0.512779408658923,0.5153,0.2151,0.7672,0.1209341274282882
2014,10,2014-10,Mirit,0.5355537122969838,0.5471,0.18730000000000002,0.7873,0.10707514211666823
2014,10,2014-10,Prembun,0.578507341772152,0.5900000000000001,0.2974,0.7649,0.07984566994765291
2014,10,2014-10,Kutowinangun,0.5702166371681416,0.5783,0.234,0.8087000000000001,0.10765703873268744
2014,10,2014-10,Alian,0.5924401280683033,0.6278,0.0876,0.9898,0.1352408834417036
2014,10,2014-10,Kebumen,0.5071971128608924,0.5257000000000001,0.1111,0.9865,0.11721884289981727
2014,10,2014-10,Pejagoan,0.5686835051546392,0.5996,0.0746,0.9309000000000001,0.1272869741289457
2014,10,2014-10,Sruweng,0.5538815363881402,0.5577,0.0826,0.9404,0.15249683562201696
2014,10,2014-10,Adimulyo,0.5422196378830083,0.55395,0.117,0.8556,0.07846414607201417
2014,10,2014-10,Kuwarasan,0.5701244027303755,0.60775,0.101,0.8522000000000001,0.12887902416091834
2014,10,2014-10,Rowokele,0.5642645625692138,0.5968,0.06280000000000001,0.9932000000000001,0.19147206934689012
2014,10,2014-10,Sempor,0.5392162848297214,0.5787,0.054400000000000004,0.9943000000000001,0.1751846257969268
2014,10,2014-10,Gombong,0.4388996978851964,0.4359,0.0999,0.7658,0.1642937788545308
2014,10,2014-10,Karanganyar,0.5379308737864078,0.5621,0.0824,0.8556,0.15515897527992412
2014,10,2014-10,Karanggayam,0.5543465611353712,0.57845,0.0688,0.9931000000000001,0.1543649064877974
2014,10,2014-10,Sadang,0.6020515995872034,0.6346,0.0734,0.9475,0.14859084256209518
2014,10,2014-10,Bonorowo,0.5937647222222222,0.6063000000000001,0.36460000000000004,0.7794000000000001,0.08661170119132965
2014,10,2014-10,Padureso,0.6543447247706422,0.67075,0.11380000000000001,0.809,0.1087457954250677
2014,10,2014-10,Poncowarno,0.6181268131868132,0.6263000000000001,0.17880000000000001,0.8242,0.0958462797764581
2014,10,2014-10,Karangsambung,0.6120782493368702,0.6277,0.1213,0.8669,0.11697554878729205
2014,11,2014-11,Ayah,0.510499885583524,0.5148,0.0902,0.8755000000000001,0.11196066231738176
2014,11,2014-11,Buayan,0.5375463903743316,0.54375,0.17005,0.8966000000000001,0.11706550481631009
2014,11,2014-11,Puring,0.49938723932472695,0.50325,0.0436,0.8056000000000001,0.1295681713283617
2014,11,2014-11,Petanahan,0.4787788306451613,0.48200000000000004,0.15775,0.8098500000000001,0.12968818893628467
2014,11,2014-11,Klirong,0.5053282234957021,0.5122,0.0653,0.77305,0.11678106517486893
2014,11,2014-11,Buluspesantren,0.4732639804639805,0.4746,0.1564,0.75505,0.09790868922330515
2014,11,2014-11,Ambal,0.44095814299900693,0.44975000000000004,0.1223,0.8237,0.14190874670536344
2014,11,2014-11,Mirit,0.47125338691159596,0.4637,0.1226,0.82945,0.12880261147931157
2014,11,2014-11,Prembun,0.5105821518987342,0.5133,0.28885,0.7092,0.08530368299988
2014,11,2014-11,Kutowinangun,0.4814529203539823,0.49010000000000004,0.23270000000000002,0.8379000000000001,0.10514270119872962
2014,11,2014-11,Alian,0.5572453575240128,0.56425,0.19820000000000002,0.8779,0.13439714500379465
2014,11,2014-11,Kebumen,0.4000274278215223,0.3855,0.162,0.83985,0.09043815477035004
2014,11,2014-11,Pejagoan,0.5299250000000001,0.534975,0.1583,0.8707,0.12569043719793035
2014,11,2014-11,Sruweng,0.502933962264151,0.5056,0.12155,0.87495,0.13433695003389157
2014,11,2014-11,Adimulyo,0.4630625348189416,0.45167500000000005,0.14615,0.803,0.1215222093150297
2014,11,2014-11,Kuwarasan,0.45380861774744025,0.456925,0.1738,0.6960000000000001,0.09908487190920438
2014,11,2014-11,Rowokele,0.49841035437430786,0.49675,0.09580000000000001,0.888,0.13990224268776397
2014,11,2014-11,Sempor,0.5081911455108359,0.51915,0.07685,0.9016500000000001,0.130285725140815
2014,11,2014-11,Gombong,0.4663058912386707,0.46530000000000005,0.23985,0.76195,0.09733733880539507
2014,11,2014-11,Karanganyar,0.5626999029126213,0.5700000000000001,0.16190000000000002,0.85045,0.12836316659706368
2014,11,2014-11,Karanggayam,0.5586840338427949,0.5596,0.1932,0.913,0.10642612263895428
2014,11,2014-11,Sadang,0.5404292053663572,0.5366500000000001,0.1831,0.91705,0.11646808470959633
2014,11,2014-11,Bonorowo,0.5013384722222223,0.49665000000000004,0.30110000000000003,0.7308,0.0863688310976008
2014,11,2014-11,Padureso,0.5634199541284404,0.581775,0.19605,0.81405,0.12288469759205771
2014,11,2014-11,Poncowarno,0.5302995604395605,0.53895,0.23240000000000002,0.8045,0.09120420578927783
2014,11,2014-11,Karangsambung,0.5588889478337754,0.5533,0.24105000000000001,0.8691000000000001,0.10292758825205489
2014,12,2014-12,Ayah,0.6338260590015129,0.7025,-0.02425,0.9145000000000001,0.17827498383083526
2014,12,2014-12,Buayan,0.6283453654188949,0.6908000000000001,0.035500000000000004,0.91115,0.18062813904013342
2014,12,2014-12,Puring,0.4400024281466799,0.46205,-0.045250000000000005,0.8196,0.2333437703265276
2014,12,2014-12,Petanahan,0.44295500685871064,0.44630000000000003,0.014100000000000001,0.8637,0.23038484021552208
2014,12,2014-12,Klirong,0.5469119326500732,0.5649000000000001,0.059300000000000005,0.87665,0.19816246723107098
2014,12,2014-12,Buluspesantren,0.4889925480769231,0.4892,0.03195,0.8582000000000001,0.22338174891820797
2014,12,2014-12,Ambal,0.4315235700197239,0.4275,0.0257,0.8366,0.16504882557636874
2014,12,2014-12,Mirit,0.4462748603351956,0.44435,0.0465,0.8230500000000001,0.15527121350172715
2014,12,2014-12,Prembun,0.5005978481012658,0.49085,-0.0415,0.82725,0.18674873697348562
2014,12,2014-12,Kutowinangun,0.5200094690265487,0.51525,0.08585000000000001,0.8524,0.18682917201693164
2014,12,2014-12,Alian,0.5948359124866596,0.6071000000000001,0.1494,0.91405,0.16566675687040594
2014,12,2014-12,Kebumen,0.39073143044619424,0.38545,0.084,0.783,0.12167763237395894
2014,12,2014-12,Pejagoan,0.5718980240549828,0.58015,0.18675,0.9038,0.14716510134422423
2014,12,2014-12,Sruweng,0.6190605121293801,0.6434,0.09775,0.9212,0.19230486298453436
2014,12,2014-12,Adimulyo,0.3665865598885794,0.3773,-0.03425,0.7285,0.16647559363727857
2014,12,2014-12,Kuwarasan,0.39793711604095566,0.417025,-0.083,0.7574500000000001,0.18590554177091306
2014,12,2014-12,Rowokele,0.5665981173864896,0.58235,0.06860000000000001,0.8863500000000001,0.15777359362658472
2014,12,2014-12,Sempor,0.6140006501547988,0.6393500000000001,0.12105,0.8955000000000001,0.1431726123489471
2014,12,2014-12,Gombong,0.4415726586102719,0.42475,0.15755,0.912,0.1404516561102433
2014,12,2014-12,Karanganyar,0.658645145631068,0.71285,0.1799,0.92925,0.1901243854620151
2014,12,2014-12,Karanggayam,0.6746313864628821,0.6894,0.2384,0.9205500000000001,0.12669720686434327
2014,12,2014-12,Sadang,0.6138927760577916,0.6259,0.13955,0.9365,0.1397062054399286
2014,12,2014-12,Bonorowo,0.42710666666666663,0.4288,0.0143,0.76385,0.16521926343835064
2014,12,2014-12,Padureso,0.7026583715596331,0.7496750000000001,0.2116,0.9091,0.14948643936798078
2014,12,2014-12,Poncowarno,0.5975909890109891,0.59375,0.2242,0.8502500000000001,0.1427057347935881
2014,12,2014-12,Karangsambung,0.6104423519009726,0.6156,0.1612,0.93755,0.14147711467070304
2015,1,2015-01,Ayah,0.7808499999999999,0.8371500000000001,-0.0102,0.9497000000000001,0.14286979069024872
2015,1,2015-01,Buayan,0.7890548300536673,0.8108250000000001,0.23320000000000002,0.9714,0.10014636171466687
2015,1,2015-01,Puring,0.6929398803589233,0.7333000000000001,0.1792,0.90825,0.1411516546695002
2015,1,2015-01,Petanahan,0.7249130581867388,0.7441500000000001,0.0717,0.9124,0.10324280639531049
2015,1,2015-01,Klirong,0.6966560781476122,0.71225,0.18000000000000002,0.9405,0.10245853970331471
2015,1,2015-01,Buluspesantren,0.7320489759036145,0.7432000000000001,0.40240000000000004,0.9366500000000001,0.08233977479937304
2015,1,2015-01,Ambal,0.7639078450844092,0.7736500000000001,0.0551,0.9137500000000001,0.08188870937414444
2015,1,2015-01,Mirit,0.7103563793103449,0.728375,0.2546,0.8809,0.08952662820401683
2015,1,2015-01,Prembun,0.7082303797468353,0.72995,0.30610000000000004,0.8781500000000001,0.10635228682315213
2015,1,2015-01,Kutowinangun,0.7402427433628319,0.7555000000000001,0.33125,0.90385,0.09084743186543447
2015,1,2015-01,Alian,0.7686021344717182,0.79185,0.31245,0.89895,0.09431985223620874
2015,1,2015-01,Kebumen,0.6142289370078741,0.6114,0.12760000000000002,0.9038,0.12466270634634265
2015,1,2015-01,Pejagoan,0.7144930412371134,0.747625,0.3002,0.9412,0.13265496866640503
2015,1,2015-01,Sruweng,0.725085242587601,0.7455,0.31075,0.9191,0.10719778911800146
2015,1,2015-01,Adimulyo,0.6407937325905293,0.671575,0.08675000000000001,0.8773000000000001,0.13133895060792897
2015,1,2015-01,Kuwarasan,0.6773462457337883,0.71325,0.1572,0.85235,0.1220981397061146
2015,1,2015-01,Rowokele,0.7459761351052049,0.7763,0.07035000000000001,0.9494,0.1284754852201766
2015,1,2015-01,Sempor,0.6997227554179568,0.7230500000000001,0.11900000000000001,0.9114500000000001,0.12125359487502484
2015,1,2015-01,Gombong,0.6498170694864048,0.65745,0.26605,0.8400000000000001,0.09069800876940659
2015,1,2015-01,Karanganyar,0.7451774757281553,0.7592,0.39785000000000004,0.8874500000000001,0.09566983215162089
2015,1,2015-01,Karanggayam,0.7504076692139738,0.7774500000000001,0.16540000000000002,0.9328000000000001,0.10500317865262353
2015,1,2015-01,Sadang,0.7604294633642932,0.7794000000000001,0.3415,0.9167000000000001,0.10367307861959814
2015,1,2015-01,Bonorowo,0.6275218055555556,0.64625,0.27390000000000003,0.8087500000000001,0.10662121787386711
2015,1,2015-01,Padureso,0.7986642201834864,0.8154250000000001,0.5125000000000001,0.89175,0.06316775733026309
2015,1,2015-01,Poncowarno,0.7146731868131869,0.7334,0.42365,0.8922,0.09995747357157071
2015,1,2015-01,Karangsambung,0.7791985853227232,0.803,0.35700000000000004,0.91925,0.0895107601755888
2015,2,2015-02,Ayah,0.7848962990936557,0.8158000000000001,0.09730000000000001,0.9343,0.09473825713753325
2015,2,2015-02,Buayan,0.8099929722470904,0.8139500000000001,0.5952000000000001,0.90985,0.048815693723884356
2015,2,2015-02,Puring,0.7600416501976285,0.7826250000000001,0.2667,0.90535,0.08962071072279368
2015,2,2015-02,Petanahan,0.7834735254691689,0.8066,0.1537,0.9081,0.0883413364667067
2015,2,2015-02,Klirong,0.7869974820143885,0.8051,0.29910000000000003,0.90415,0.08282765684397975
2015,2,2015-02,Buluspesantren,0.7839334344660195,0.7987000000000001,0.2521,0.9057000000000001,0.08402545045693507
2015,2,2015-02,Ambal,0.798686986986987,0.8252,0.3541,0.9312,0.08824874799311991
2015,2,2015-02,Mirit,0.7665489678899083,0.8071,0.129,0.9252,0.12261477851174878
2015,2,2015-02,Prembun,0.8177844303797469,0.8227,0.52805,0.91015,0.05022931482424887
2015,2,2015-02,Kutowinangun,0.808713982300885,0.8238500000000001,0.38535,0.90615,0.06788265903318473
2015,2,2015-02,Alian,0.8028150480256138,0.80955,0.4687,0.9244,0.05284102289873737
2015,2,2015-02,Kebumen,0.7507406824146982,0.77725,0.2499,0.89885,0.10866138262786797
2015,2,2015-02,Pejagoan,0.7440440721649484,0.7678750000000001,0.4833,0.9127000000000001,0.09123821523532848
2015,2,2015-02,Sruweng,0.7928767520215634,0.8028250000000001,0.4792,0.8957,0.056991753038341
2015,2,2015-02,Adimulyo,0.8151360027855153,0.8187500000000001,0.6333000000000001,0.898,0.03520156477648521
2015,2,2015-02,Kuwarasan,0.8121859215017065,0.8200750000000001,0.6063500000000001,0.9339500000000001,0.047737354460006
2015,2,2015-02,Rowokele,0.7821751937984497,0.8016000000000001,0.2192,0.9279000000000001,0.07502661247556253
2015,2,2015-02,Sempor,0.7367571826625386,0.77125,0.06815,0.91105,0.1183303587803674
2015,2,2015-02,Gombong,0.7526851963746224,0.7757000000000001,0.4294,0.9107500000000001,0.0972970338031688
2015,2,2015-02,Karanganyar,0.7981696116504855,0.8169500000000001,0.4506,0.90705,0.06044199621658191
2015,2,2015-02,Karanggayam,0.7721889192139738,0.7889,0.38195,0.9054000000000001,0.08157844891267449
2015,2,2015-02,Sadang,0.8002642930856554,0.80835,0.561,0.90575,0.049640855191767544
2015,2,2015-02,Bonorowo,0.7870736111111111,0.81415,0.24680000000000002,0.9086000000000001,0.1076532225133806
2015,2,2015-02,Padureso,0.8209711009174312,0.8370500000000001,0.5522,0.87705,0.04672789856491054
2015,2,2015-02,Poncowarno,0.8164056043956045,0.82435,0.58875,0.8933000000000001,0.044301791028929866
2015,2,2015-02,Karangsambung,0.8110255968169762,0.8244,0.5114500000000001,0.9174,0.056658875795676
2015,3,2015-03,Ayah,0.800744162826421,0.8284750000000001,0.1039,0.93925,0.09691093786359593
2015,3,2015-03,Buayan,0.7883174107142857,0.8175749999999999,0.44345,0.9416,0.08982884512013403
2015,3,2015-03,Puring,0.6669154761904762,0.6918250000000001,0.0181,0.8954000000000001,0.12489681939350784
2015,3,2015-03,Petanahan,0.6293847297297298,0.640225,0.22715000000000002,0.8405,0.09859723320254593
2015,3,2015-03,Klirong,0.6491243125904486,0.6525000000000001,0.17270000000000002,0.8636,0.08566988328686835
2015,3,2015-03,Buluspesantren,0.6262450483091787,0.6218,0.4108,0.8681000000000001,0.07131670066059989
2015,3,2015-03,Ambal,0.6185036926147706,0.618125,0.13240000000000002,0.8563500000000001,0.0921101063291179
2015,3,2015-03,Mirit,0.6510285960874569,0.6686000000000001,-0.0112,0.8069000000000001,0.09169589882748556
2015,3,2015-03,Prembun,0.6942697468354431,0.6996,0.4166,0.8365,0.07382184826288601
2015,3,2015-03,Kutowinangun,0.7059553982300885,0.72185,0.3537,0.8511000000000001,0.08279511802156118
2015,3,2015-03,Alian,0.7826532017075775,0.8049000000000001,0.4424,0.8925500000000001,0.07664677614123148
2015,3,2015-03,Kebumen,0.6372848425196851,0.63005,0.27165,0.8731500000000001,0.10874431202086486
2015,3,2015-03,Pejagoan,0.7592768900343642,0.8039000000000001,0.48250000000000004,0.92145,0.09658022244296313
2015,3,2015-03,Sruweng,0.738448180592992,0.7829,0.4078,0.86745,0.10539066683082308
2015,3,2015-03,Adimulyo,0.6927985376044569,0.6975,0.37745,0.8656,0.06998052306596196
2015,3,2015-03,Kuwarasan,0.6989597269624575,0.701225,0.5107,0.8358,0.06298803091454759
2015,3,2015-03,Rowokele,0.7576282392026579,0.7817000000000001,0.45465,0.9195500000000001,0.08446091172234922
2015,3,2015-03,Sempor,0.7431671826625388,0.7742,0.08285000000000001,0.8999,0.09885072031878415
2015,3,2015-03,Gombong,0.6266652567975831,0.6338,0.34525,0.85775,0.07648335670806328
2015,3,2015-03,Karanganyar,0.756742427184466,0.78385,0.37045,0.8971,0.08736672802591063
2015,3,2015-03,Karanggayam,0.8107147652838428,0.818975,0.5188,0.9083,0.04582322684516948
2015,3,2015-03,Sadang,0.8187834365325078,0.8317,0.5439,0.93635,0.05433864737183439
2015,3,2015-03,Bonorowo,0.716202638888889,0.718375,0.5249,0.8489,0.06070501821177406
2015,3,2015-03,Padureso,0.7972947247706422,0.80905,0.5211,0.87575,0.054944822152285355
2015,3,2015-03,Poncowarno,0.7817368131868132,0.7937000000000001,0.52595,0.8862500000000001,0.06001837092162682
2015,3,2015-03,Karangsambung,0.8095994694960212,0.81865,0.5216500000000001,0.8994500000000001,0.04954469603410664
2015,4,2015-04,Ayah,0.7967428900845503,0.8320500000000001,0.17120000000000002,0.9821000000000001,0.10512065578496939
2015,4,2015-04,Buayan,0.7539048660714286,0.8154250000000001,0.11365,0.91415,0.15280247360031488
2015,4,2015-04,Puring,0.5916830243902439,0.64695,-0.029900000000000003,0.9226000000000001,0.20073860907967683
2015,4,2015-04,Petanahan,0.5494334235453315,0.5741,-0.00795,0.8674000000000001,0.2238934739072105
2015,4,2015-04,Klirong,0.6061537172011662,0.6465000000000001,0.21680000000000002,0.84155,0.16845459135454668
2015,4,2015-04,Buluspesantren,0.551245085995086,0.5755250000000001,0.12785000000000002,0.9002,0.180538863282158
2015,4,2015-04,Ambal,0.5440940854870775,0.5703,0.0076,0.8864000000000001,0.1978700510177577
2015,4,2015-04,Mirit,0.5667725083986562,0.58165,0.0092,0.84655,0.14976380739020456
2015,4,2015-04,Prembun,0.6104716455696203,0.6064,0.1836,0.8370500000000001,0.15371818273176205
2015,4,2015-04,Kutowinangun,0.6248946902654868,0.6706500000000001,0.20415,0.84855,0.16816989883585465
2015,4,2015-04,Alian,0.7449450373532551,0.7927000000000001,0.304,0.88985,0.12663948510747228
2015,4,2015-04,Kebumen,0.5101450131233596,0.48410000000000003,0.19590000000000002,0.88685,0.14523584029377778
2015,4,2015-04,Pejagoan,0.724747766323024,0.787,0.23550000000000001,0.91025,0.1436919142594079
2015,4,2015-04,Sruweng,0.6676580188679245,0.7541500000000001,0.21165,0.89005,0.1865331828070374
2015,4,2015-04,Adimulyo,0.4727100974930362,0.4773,0.13505,0.7501,0.12980643881912848
2015,4,2015-04,Kuwarasan,0.5164395051194539,0.5223,0.24655000000000002,0.779,0.1317722550382969
2015,4,2015-04,Rowokele,0.7558216500553709,0.8005,0.31035,0.9231,0.12724802127901916
2015,4,2015-04,Sempor,0.763221640866873,0.79955,0.25880000000000003,0.8888,0.105982137233016
2015,4,2015-04,Gombong,0.4768157099697885,0.45975000000000005,0.22605,0.85075,0.13076298129002512
2015,4,2015-04,Karanganyar,0.6851624271844661,0.77715,0.21505000000000002,0.8869,0.1730498709220773
2015,4,2015-04,Karanggayam,0.7991393013100437,0.81445,0.4409,0.9257500000000001,0.05984162704738042
2015,4,2015-04,Sadang,0.799187564499484,0.8231,0.48700000000000004,0.9172,0.07631450498737262
2015,4,2015-04,Bonorowo,0.5576202777777778,0.5684750000000001,0.1719,0.7586,0.11096840700262674
2015,4,2015-04,Padureso,0.7790886467889907,0.7976000000000001,0.22160000000000002,0.8833000000000001,0.07950331517958838
2015,4,2015-04,Poncowarno,0.7368926373626374,0.7557,0.34640000000000004,0.8868,0.09208998105454652
2015,4,2015-04,Karangsambung,0.7697299292661363,0.7979,0.4197,0.8782000000000001,0.08245559359720861
2015,5,2015-05,Ayah,0.7731344521604939,0.8153,0.0719,0.9628000000000001,0.13336263621640343
2015,5,2015-05,Buayan,0.7846761627906977,0.8056000000000001,0.3059,0.9243,0.0868890991557144
2015,5,2015-05,Puring,0.6599377649325627,0.68005,0.19640000000000002,0.8388,0.10464466466378493
2015,5,2015-05,Petanahan,0.6363998677248678,0.653575,0.025500000000000002,0.8902500000000001,0.12970875028607806
2015,5,2015-05,Klirong,0.6792497854077254,0.6891,0.29700000000000004,0.8638,0.10143922645132937
2015,5,2015-05,Buluspesantren,0.6676142059553349,0.692075,0.2071,0.879,0.12076259134163059
2015,5,2015-05,Ambal,0.5716103244837759,0.60505,0.0159,0.8492000000000001,0.18056866174483183
2015,5,2015-05,Mirit,0.5782792141230069,0.5945,0.15135,0.8339500000000001,0.14254958537909332
2015,5,2015-05,Prembun,0.6188156962025317,0.6283500000000001,0.232,0.86705,0.15606448669314166
2015,5,2015-05,Kutowinangun,0.6593961061946902,0.7164,0.27725,0.8538,0.14790808582391604
2015,5,2015-05,Alian,0.7325800960512273,0.766,0.31635,0.9094500000000001,0.11746114428865474
2015,5,2015-05,Kebumen,0.5559713254593176,0.547575,0.21735000000000002,0.88,0.13294414157142997
2015,5,2015-05,Pejagoan,0.7283357388316152,0.781625,0.31065000000000004,0.8851,0.13385516440230802
2015,5,2015-05,Sruweng,0.7058481132075471,0.74795,0.3116,0.9313,0.13860420983617575
2015,5,2015-05,Adimulyo,0.5813436629526463,0.6001000000000001,0.1883,0.80505,0.11565348502497112
2015,5,2015-05,Kuwarasan,0.702287372013652,0.720675,0.44975000000000004,0.8425,0.07663002191453881
2015,5,2015-05,Rowokele,0.7950988925802879,0.8249000000000001,0.26255,0.9325,0.09156711889890898
2015,5,2015-05,Sempor,0.7803826006191951,0.8031,0.22165,0.9031,0.07675531411732457
2015,5,2015-05,Gombong,0.672772658610272,0.6786500000000001,0.4494,0.86065,0.08609554448192276
2015,5,2015-05,Karanganyar,0.7243531067961166,0.7601,0.31945,0.9157000000000001,0.12137042021419048
2015,5,2015-05,Karanggayam,0.7809768558951966,0.808975,0.43765000000000004,0.9195500000000001,0.08193406222886922
2015,5,2015-05,Sadang,0.7989453044375646,0.83765,0.41240000000000004,0.9286000000000001,0.08707528681507129
2015,5,2015-05,Bonorowo,0.49259375000000005,0.5072000000000001,0.07205,0.7685500000000001,0.15131405781645652
2015,5,2015-05,Padureso,0.8138520642201836,0.8241750000000001,0.21375000000000002,0.88565,0.05240428612675294
2015,5,2015-05,Poncowarno,0.750974065934066,0.76205,0.5214,0.87505,0.07153430305970285
2015,5,2015-05,Karangsambung,0.7646382404951371,0.7867000000000001,0.33795000000000003,0.898,0.08891038755216416
2015,6,2015-06,Ayah,0.8187835990888385,0.8410000000000001,0.0577,0.9266000000000001,0.08079054170671045
2015,6,2015-06,Buayan,0.8251520143240825,0.8270500000000001,0.643,0.9458000000000001,0.04735841134694942
2015,6,2015-06,Puring,0.7805663395485771,0.79495,-0.0285,0.9134500000000001,0.08150817451461614
2015,6,2015-06,Petanahan,0.7973456284153004,0.8092250000000001,0.0195,0.8894500000000001,0.07167025972068353
2015,6,2015-06,Klirong,0.7715133477633478,0.7865000000000001,0.3121,0.91585,0.08803265590165048
2015,6,2015-06,Buluspesantren,0.7641506634499398,0.79,0.22010000000000002,0.9133,0.10527768254889079
2015,6,2015-06,Ambal,0.748297389558233,0.7671250000000001,0.1739,0.89805,0.08264836284365103
2015,6,2015-06,Mirit,0.7063750283768444,0.7240000000000001,0.225,0.8872,0.10062154652458487
2015,6,2015-06,Prembun,0.7375169620253165,0.74555,0.4741,0.8995500000000001,0.06813886818739594
2015,6,2015-06,Kutowinangun,0.7568146017699116,0.7686000000000001,0.38245,0.8889,0.06864707712854744
2015,6,2015-06,Alian,0.7682204375667023,0.78,0.54255,0.8744500000000001,0.05584800784138343
2015,6,2015-06,Kebumen,0.6869788057742782,0.6893,0.30060000000000003,0.8936000000000001,0.1126337174125942
2015,6,2015-06,Pejagoan,0.7620075601374571,0.7966,0.50065,0.8744500000000001,0.08362132893267313
2015,6,2015-06,Sruweng,0.7910557277628032,0.801925,0.49720000000000003,0.9227000000000001,0.054316809299228885
2015,6,2015-06,Adimulyo,0.8241942896935934,0.8301750000000001,0.65985,0.8959,0.03472628479943957
2015,6,2015-06,Kuwarasan,0.8223262798634812,0.8279000000000001,0.6315000000000001,0.90995,0.04610023848690658
2015,6,2015-06,Rowokele,0.816446511627907,0.82555,0.5383,0.90325,0.048626708836864915
2015,6,2015-06,Sempor,0.7966964705882353,0.8097500000000001,0.21860000000000002,0.8882500000000001,0.057696276794645125
2015,6,2015-06,Gombong,0.7489317220543806,0.77615,0.3811,0.90405,0.11560505863860428
2015,6,2015-06,Karanganyar,0.7903668932038835,0.80125,0.4181,0.88485,0.061469195427175743
2015,6,2015-06,Karanggayam,0.7681525655021835,0.7852250000000001,0.4297,0.89695,0.0662769555977719
2015,6,2015-06,Sadang,0.8054379256965946,0.8269000000000001,0.5396000000000001,0.8965500000000001,0.05979507474368037
2015,6,2015-06,Bonorowo,0.6944025,0.715175,0.23425,0.7993,0.08127052924834165
2015,6,2015-06,Padureso,0.8065883027522937,0.80965,0.5321,0.8781500000000001,0.03613748737679947
2015,6,2015-06,Poncowarno,0.7818421978021978,0.78235,0.6572,0.8998,0.04367690401825907
2015,6,2015-06,Karangsambung,0.7764262157382847,0.7854,0.42700000000000005,0.9026500000000001,0.06487682711807324
2015,7,2015-07,Ayah,0.7363193173002328,0.76185,0.18080000000000002,0.9421,0.10647484097324911
2015,7,2015-07,Buayan,0.6945219785138765,0.71165,0.35085,0.91215,0.11086207339640848
2015,7,2015-07,Puring,0.6498491609081934,0.66825,0.0028,0.8591000000000001,0.10828193517151614
2015,7,2015-07,Petanahan,0.6608262803234503,0.66185,0.30565000000000003,0.8376,0.09233261432362438
2015,7,2015-07,Klirong,0.663731982633864,0.6641,0.1822,0.8405,0.06817299776304178
2015,7,2015-07,Buluspesantren,0.6807341849148419,0.68635,0.2743,0.83525,0.0841044565405449
2015,7,2015-07,Ambal,0.6978562874251496,0.719975,0.1424,0.8401500000000001,0.0929008689275522
2015,7,2015-07,Mirit,0.675122638248848,0.7019,0.046900000000000004,0.84075,0.10770881315139463
2015,7,2015-07,Prembun,0.6789969620253165,0.686,0.4476,0.8270000000000001,0.07201801438413864
2015,7,2015-07,Kutowinangun,0.6967624778761062,0.70415,0.40265,0.8172,0.06872918303704605
2015,7,2015-07,Alian,0.6865821237993597,0.69375,0.4642,0.8289500000000001,0.06690041335778515
2015,7,2015-07,Kebumen,0.6413198162729659,0.6439,0.25505,0.84155,0.10927890733179156
2015,7,2015-07,Pejagoan,0.6761963917525775,0.6958250000000001,0.42860000000000004,0.8284,0.0790989968420178
2015,7,2015-07,Sruweng,0.6869653638814017,0.7022,0.4087,0.82255,0.06858736504637758
2015,7,2015-07,Adimulyo,0.6508436629526462,0.65635,0.41515,0.805,0.07633858499752273
2015,7,2015-07,Kuwarasan,0.5917955631399318,0.59885,0.343,0.78745,0.08028750358036746
2015,7,2015-07,Rowokele,0.7150882613510522,0.7362000000000001,0.1451,0.9055500000000001,0.10483068432499555
2015,7,2015-07,Sempor,0.6839317647058824,0.70115,0.01165,0.87855,0.10095486178455422
2015,7,2015-07,Gombong,0.5270459214501511,0.52925,0.3341,0.7902,0.10352815687455647
2015,7,2015-07,Karanganyar,0.6716764077669903,0.6796,0.35175,0.8343,0.09145842974046191
2015,7,2015-07,Karanggayam,0.6829893013100438,0.690625,0.3529,0.83545,0.074329102844329
2015,7,2015-07,Sadang,0.7527125386996903,0.77875,0.45085000000000003,0.8597,0.0758731230067235
2015,7,2015-07,Bonorowo,0.7475393055555556,0.76075,0.5595,0.85985,0.06215060731638529
2015,7,2015-07,Padureso,0.7273191513761468,0.735525,0.2015,0.83575,0.06390909851424671
2015,7,2015-07,Poncowarno,0.6947689010989012,0.6989500000000001,0.52435,0.8191,0.0646831687849872
2015,7,2015-07,Karangsambung,0.7022723253757737,0.7076,0.3795,0.8581000000000001,0.07936107872745542
2015,8,2015-08,Ayah,0.6881531607006854,0.7049000000000001,0.15805,0.9437000000000001,0.12935709881270227
2015,8,2015-08,Buayan,0.6220438116591929,0.6235,0.16865,0.8822000000000001,0.13037588867330746
2015,8,2015-08,Puring,0.547013268292683,0.5566,-0.08,0.8190500000000001,0.12662405970874233
2015,8,2015-08,Petanahan,0.5680085250338295,0.5797,0.27690000000000003,0.81815,0.11523138865510274
2015,8,2015-08,Klirong,0.5752212962962963,0.578425,0.24860000000000002,0.8494,0.10660153372747018
2015,8,2015-08,Buluspesantren,0.5699345498783456,0.571375,0.27,0.7913,0.10673246281118706
2015,8,2015-08,Ambal,0.5360762600806451,0.53035,0.052700000000000004,0.8247,0.10852359533474709
2015,8,2015-08,Mirit,0.5175404377880184,0.51695,0.1439,0.8006000000000001,0.09243982109958647
2015,8,2015-08,Prembun,0.5231286075949367,0.5273,0.25125000000000003,0.82515,0.11102882316772782
2015,8,2015-08,Kutowinangun,0.4994269911504424,0.4923,0.26745,0.8189000000000001,0.09998765495379525
2015,8,2015-08,Alian,0.538681750266809,0.5278,0.25075000000000003,0.8319000000000001,0.11553330976308421
2015,8,2015-08,Kebumen,0.47528182414698167,0.4688,0.21380000000000002,0.8610500000000001,0.11161615955807659
2015,8,2015-08,Pejagoan,0.524325,0.525225,0.28040000000000004,0.8197500000000001,0.10581812140384965
2015,8,2015-08,Sruweng,0.528736320754717,0.52795,0.27705,0.8545,0.10625628853218835
2015,8,2015-08,Adimulyo,0.4700422701949861,0.46955,0.1713,0.75065,0.09613169522452189
2015,8,2015-08,Kuwarasan,0.5472277303754267,0.56955,0.2424,0.7525000000000001,0.09745962095412213
2015,8,2015-08,Rowokele,0.5640665559246956,0.5633,0.22715000000000002,0.9086000000000001,0.10224539255629596
2015,8,2015-08,Sempor,0.5512600309597524,0.5521,0.0054,0.86975,0.10573612695452154
2015,8,2015-08,Gombong,0.5086217522658609,0.51695,0.2513,0.78235,0.0904105940906141
2015,8,2015-08,Karanganyar,0.5343085436893205,0.53305,0.26780000000000004,0.8822000000000001,0.11757352339167833
2015,8,2015-08,Karanggayam,0.5525425218340612,0.555175,0.27145,0.8889,0.10494479016787038
2015,8,2015-08,Sadang,0.6760266253869969,0.69715,0.3125,0.8898,0.11395424191230925
2015,8,2015-08,Bonorowo,0.5957027777777778,0.60655,0.30970000000000003,0.8083,0.10123380669165787
2015,8,2015-08,Padureso,0.6445477064220184,0.667775,0.2034,0.84135,0.10685981903240611
2015,8,2015-08,Poncowarno,0.5430334065934066,0.53925,0.2849,0.91625,0.11776486194181753
2015,8,2015-08,Karangsambung,0.5770638815207781,0.5728500000000001,0.32585000000000003,0.89475,0.10935635199447068
2015,9,2015-09,Ayah,0.6935735741444867,0.7110500000000001,0.046,0.9253,0.1257405818777364
2015,9,2015-09,Buayan,0.6512590017825313,0.66935,0.3196,0.87465,0.10406318749279414
2015,9,2015-09,Puring,0.5550918879056047,0.5594,0.30525,0.78985,0.10016675688290874
2015,9,2015-09,Petanahan,0.6126541049798115,0.6196,0.1769,0.8184,0.07744174183326023
2015,9,2015-09,Klirong,0.6396321856287426,0.65115,0.36955000000000005,0.81005,0.06607184930794302
2015,9,2015-09,Buluspesantren,0.6237927527405602,0.6532,0.1738,0.8046500000000001,0.1005371134190714
2015,9,2015-09,Ambal,0.5085779644268775,0.508325,0.0083,0.7534000000000001,0.1128888152926961
2015,9,2015-09,Mirit,0.5083979214780601,0.5014500000000001,-0.0322,0.7915500000000001,0.10298423474192309
2015,9,2015-09,Prembun,0.5381689873417722,0.54855,0.25115,0.77215,0.08740102145211609
2015,9,2015-09,Kutowinangun,0.5127154867256638,0.51685,0.17705,0.73,0.0953699163341211
2015,9,2015-09,Alian,0.5505393276414088,0.5507500000000001,0.2874,0.7753,0.08279803708300539
2015,9,2015-09,Kebumen,0.5081201443569554,0.50015,0.25785,0.732,0.09890824191780229
2015,9,2015-09,Pejagoan,0.5729473367697595,0.581075,0.2848,0.7373000000000001,0.07624664601233666
2015,9,2015-09,Sruweng,0.6138989892183289,0.6243000000000001,0.41105,0.7681,0.06325821944336907
2015,9,2015-09,Adimulyo,0.6188274373259054,0.627175,0.3438,0.7725000000000001,0.06362445838991808
2015,9,2015-09,Kuwarasan,0.6610883105802048,0.671475,0.3632,0.80225,0.062018353999532996
2015,9,2015-09,Rowokele,0.6264471760797343,0.6299,0.23565,0.8799,0.11539119992557785
2015,9,2015-09,Sempor,0.6230338699690403,0.6276,0.15895,0.8588,0.08358857194955023
2015,9,2015-09,Gombong,0.5766203927492448,0.5815,0.35960000000000003,0.80345,0.07751180905739641
2015,9,2015-09,Karanganyar,0.5981037864077671,0.60405,0.3788,0.7684500000000001,0.055030980773437224
2015,9,2015-09,Karanggayam,0.5498831604803494,0.5554,0.3153,0.8068500000000001,0.09042754428729192
2015,9,2015-09,Sadang,0.6576557275541798,0.6947,0.38280000000000003,0.8500500000000001,0.11540999826441929
2015,9,2015-09,Bonorowo,0.5267366666666666,0.5297750000000001,0.33595,0.67325,0.07184862203890127
2015,9,2015-09,Padureso,0.6324731651376148,0.6410750000000001,0.39830000000000004,0.7736000000000001,0.0671848798150426
2015,9,2015-09,Poncowarno,0.5478008791208792,0.5398000000000001,0.29945,0.78725,0.09058908322324025
2015,9,2015-09,Karangsambung,0.5858143236074271,0.5719000000000001,0.33265,0.8155,0.09700222231658828
2015,10,2015-10,Ayah,0.6406972157772622,0.6486000000000001,0.056,0.8911,0.12926236020152934
2015,10,2015-10,Buayan,0.6066823056300269,0.6214000000000001,0.24730000000000002,0.8297,0.10547996438278859
2015,10,2015-10,Puring,0.44721821862348177,0.4612,0.2308,0.747,0.12054106147736486
2015,10,2015-10,Petanahan,0.4665517531556802,0.4646,0.2089,0.8059000000000001,0.11698330529234845
2015,10,2015-10,Klirong,0.5208646084337349,0.5276000000000001,0.2818,0.7107,0.07938906196755093
2015,10,2015-10,Buluspesantren,0.4871242462311558,0.4907,0.25,0.7182000000000001,0.09777273991718881
2015,10,2015-10,Ambal,0.44547671092951996,0.45840000000000003,0.051000000000000004,0.6954,0.11633357908658261
2015,10,2015-10,Mirit,0.5100582949308755,0.5162500000000001,0.1005,0.8161,0.11153390998416317
2015,10,2015-10,Prembun,0.5492607594936709,0.556,0.3519,0.6950000000000001,0.06795387381534461
2015,10,2015-10,Kutowinangun,0.5429746902654867,0.5423,0.3017,0.7297,0.07151847422783512
2015,10,2015-10,Alian,0.5317068303094984,0.5291,0.3497,0.7618,0.07073112825369447
2015,10,2015-10,Kebumen,0.46966391076115493,0.46695000000000003,0.23070000000000002,0.7068,0.08390477430775369
2015,10,2015-10,Pejagoan,0.5382676975945017,0.5452,0.2936,0.6981,0.08029758711240022
2015,10,2015-10,Sruweng,0.5458501347708895,0.5703,0.3513,0.7116,0.07845968005836211
2015,10,2015-10,Adimulyo,0.49946894150417837,0.5044,0.2316,0.6637000000000001,0.07502204761724783
2015,10,2015-10,Kuwarasan,0.5204186006825939,0.5335,0.2994,0.6782,0.0869721842400719
2015,10,2015-10,Rowokele,0.6560924695459579,0.6687000000000001,0.4088,0.8638,0.11423095181708659
2015,10,2015-10,Sempor,0.5887016099071208,0.5974,0.2877,0.8149000000000001,0.08254401875038511
2015,10,2015-10,Gombong,0.4341743202416919,0.4202,0.33230000000000004,0.6335000000000001,0.05910471100689541
2015,10,2015-10,Karanganyar,0.5357104854368931,0.5431,0.2641,0.7777000000000001,0.07975599175079388
2015,10,2015-10,Karanggayam,0.5355273471615721,0.542,0.19390000000000002,0.7554000000000001,0.08850740032682637
2015,10,2015-10,Sadang,0.6486134158926729,0.6911,0.3476,0.8410000000000001,0.11745589667254291
2015,10,2015-10,Bonorowo,0.5423525,0.5398000000000001,0.332,0.7035,0.07928910282682819
2015,10,2015-10,Padureso,0.6207,0.6152500000000001,0.3007,0.7644000000000001,0.06669674558447086
2015,10,2015-10,Poncowarno,0.5664156043956045,0.5687,0.3844,0.7628,0.08531293705546839
2015,10,2015-10,Karangsambung,0.5624290893015031,0.5517000000000001,0.302,0.786,0.09903376391510044
2015,11,2015-11,Ayah,0.6113727760736196,0.6277,0.133,0.97265,0.14964142521884288
2015,11,2015-11,Buayan,0.5484542448614835,0.5547000000000001,0.1278,0.90515,0.14254770993909432
2015,11,2015-11,Puring,0.4788675583657587,0.4779,0.22710000000000002,0.7954,0.12789329548392603
2015,11,2015-11,Petanahan,0.4884333776595745,0.4832,-0.0536,0.75455,0.13647880053317582
2015,11,2015-11,Klirong,0.5069193921852387,0.50295,0.1922,0.7672,0.10933207650297584
2015,11,2015-11,Buluspesantren,0.4770574275362319,0.4698,0.17400000000000002,0.72955,0.10213522964701796
2015,11,2015-11,Ambal,0.4568264028056113,0.46667500000000006,0.1187,0.75665,0.12173084464860909
2015,11,2015-11,Mirit,0.48530289443813857,0.4878,0.0713,0.7595500000000001,0.10443405614547234
2015,11,2015-11,Prembun,0.45660898734177213,0.45895,0.23085,0.81415,0.11003890250632868
2015,11,2015-11,Kutowinangun,0.44877141592920355,0.44185,0.1885,0.75495,0.09707428540293624
2015,11,2015-11,Alian,0.5525471184631804,0.5699500000000001,0.22015,0.8291000000000001,0.11944339403263844
2015,11,2015-11,Kebumen,0.41070006561679795,0.41115,0.18150000000000002,0.7359,0.09577026719227469
2015,11,2015-11,Pejagoan,0.5169636597938145,0.5045999999999999,0.2278,0.78005,0.10982881751249778
2015,11,2015-11,Sruweng,0.4926896900269541,0.49165000000000003,0.17065,0.8277,0.12054652608425546
2015,11,2015-11,Adimulyo,0.4274760445682452,0.4227,0.1421,0.8233,0.10329984062125577
2015,11,2015-11,Kuwarasan,0.4040441126279864,0.397525,0.10425000000000001,0.7484500000000001,0.12200835101354882
2015,11,2015-11,Rowokele,0.549537984496124,0.54825,0.11875000000000001,0.89605,0.14358803340005083
2015,11,2015-11,Sempor,0.5093665634674923,0.5118,0.061200000000000004,0.9168000000000001,0.13682026140719766
2015,11,2015-11,Gombong,0.38037537764350454,0.36605000000000004,0.15285,0.71165,0.10699170432347396
2015,11,2015-11,Karanganyar,0.5180981553398059,0.5324,0.1434,0.82135,0.1362712466074081
2015,11,2015-11,Karanggayam,0.5336133187772926,0.5416500000000001,0.1051,0.8869,0.1178909722933236
2015,11,2015-11,Sadang,0.6211752837977297,0.62955,0.28775,0.89685,0.11124719643988666
2015,11,2015-11,Bonorowo,0.5379215277777778,0.54775,0.29415,0.7119000000000001,0.08806852399409922
2015,11,2015-11,Padureso,0.6266182339449542,0.634675,0.30060000000000003,0.8450000000000001,0.1004129105123894
2015,11,2015-11,Poncowarno,0.5225779120879122,0.5209,0.17435,0.8305,0.11595609130625799
2015,11,2015-11,Karangsambung,0.593267374005305,0.5981000000000001,0.21180000000000002,0.8812000000000001,0.1171484704554976
2015,12,2015-12,Ayah,0.6581198645598194,0.67545,0.0584,0.9527500000000001,0.14526057557398012
2015,12,2015-12,Buayan,0.6161231696428573,0.6569,0.05675,0.9333,0.15001934862188782
2015,12,2015-12,Puring,0.5414073984526112,0.5577000000000001,-0.0162,0.91835,0.2055249673070375
2015,12,2015-12,Petanahan,0.4967723860589813,0.48235,0.0010500000000000002,0.85335,0.18815859024231205
2015,12,2015-12,Klirong,0.556903791130186,0.5749500000000001,0.0415,0.8711500000000001,0.15127176326927122
2015,12,2015-12,Buluspesantren,0.5135191387559809,0.5328,0.0994,0.8904000000000001,0.17430206145919025
2015,12,2015-12,Ambal,0.5136355144855145,0.51825,0.0375,0.85675,0.18245099044961088
2015,12,2015-12,Mirit,0.48996915017462167,0.5083500000000001,-0.08410000000000001,0.8716,0.16515162251594842
2015,12,2015-12,Prembun,0.5286916455696202,0.5392,0.06765,0.81835,0.14922795507468806
2015,12,2015-12,Kutowinangun,0.5227524778761062,0.5291,0.10515000000000001,0.92495,0.16942940815526222
2015,12,2015-12,Alian,0.6789313233724653,0.7029500000000001,0.1409,0.9464,0.14428576213884078
2015,12,2015-12,Kebumen,0.48507500000000003,0.4617,0.21615,0.9242,0.1415227781915238
2015,12,2015-12,Pejagoan,0.6141495704467355,0.63205,0.2023,0.9412,0.13035968557949937
2015,12,2015-12,Sruweng,0.5898760781671158,0.625775,0.15315,0.9177000000000001,0.16257905507197512
2015,12,2015-12,Adimulyo,0.4027483286908078,0.41152500000000003,-0.0436,0.74295,0.14907894521120252
2015,12,2015-12,Kuwarasan,0.4274174914675768,0.43052500000000005,0.064,0.7854,0.16418555677422902
2015,12,2015-12,Rowokele,0.570494130675526,0.58115,0.1067,0.9321,0.14387139496025667
2015,12,2015-12,Sempor,0.6277115479876162,0.6472,0.0189,0.91785,0.12317261116270042
2015,12,2015-12,Gombong,0.43127779456193355,0.41835,0.1428,0.8635,0.14798407406238961
2015,12,2015-12,Karanganyar,0.6326855339805826,0.6995,0.0256,0.921,0.2029681846737646
2015,12,2015-12,Karanggayam,0.6939383460698689,0.7092,0.0984,0.9271,0.108092360330088
2015,12,2015-12,Sadang,0.6737243550051599,0.6767000000000001,0.21905000000000002,0.9533,0.12951084827005968
2015,12,2015-12,Bonorowo,0.4557643055555556,0.46020000000000005,0.05165,0.7964,0.1439631765111635
2015,12,2015-12,Padureso,0.6944319954128441,0.704975,0.3347,0.8935000000000001,0.11968434498238426
2015,12,2015-12,Poncowarno,0.6575484615384616,0.67435,0.26915,0.8616,0.11499161301402464
2015,12,2015-12,Karangsambung,0.690160875331565,0.70675,0.25265,0.9742500000000001,0.11798641579196897
2016,1,2016-01,Ayah,0.7149535120845922,0.7427,0.1316,0.95265,0.12143223604248815
2016,1,2016-01,Buayan,0.754469265232975,0.7754500000000001,0.2237,0.92795,0.09584658232772081
2016,1,2016-01,Puring,0.690805638722555,0.724475,0.0597,0.9484,0.14261968869841343
2016,1,2016-01,Petanahan,0.7467726960110042,0.76315,-0.0495,0.9697,0.09880258901621894
2016,1,2016-01,Klirong,0.735953323699422,0.7594000000000001,0.0039000000000000003,0.91805,0.1162050055715238
2016,1,2016-01,Buluspesantren,0.7455560843373495,0.7749,0.2159,0.9313,0.11930649053115408
2016,1,2016-01,Ambal,0.7663570630081301,0.7750250000000001,0.1469,0.9424,0.08522699415046187
2016,1,2016-01,Mirit,0.6997001137656427,0.7188,0.23600000000000002,0.9004000000000001,0.1101070232027747
2016,1,2016-01,Prembun,0.7217651898734178,0.7499,0.2393,0.8621000000000001,0.09859198402289886
2016,1,2016-01,Kutowinangun,0.7563296460176993,0.7786000000000001,0.36695,0.90585,0.08635945844892448
2016,1,2016-01,Alian,0.7492814834578442,0.7739,0.27585000000000004,0.9236000000000001,0.09989487193488929
2016,1,2016-01,Kebumen,0.6103074146981627,0.605975,0.17200000000000001,0.89105,0.14243969846095197
2016,1,2016-01,Pejagoan,0.7031831615120275,0.7135750000000001,0.2932,0.91435,0.12155558869333061
2016,1,2016-01,Sruweng,0.7308251347708895,0.7669250000000001,0.2348,0.87755,0.11732046462629649
2016,1,2016-01,Adimulyo,0.5828564763231198,0.60185,0.16025,0.9,0.13997912208723665
2016,1,2016-01,Kuwarasan,0.5875264505119454,0.6214999999999999,0.15535000000000002,0.802,0.12777976470453847
2016,1,2016-01,Rowokele,0.7091146179401994,0.73565,0.27325,0.906,0.10590703008864061
2016,1,2016-01,Sempor,0.7470988235294118,0.7746500000000001,0.16645000000000001,0.9670500000000001,0.11405588692509111
2016,1,2016-01,Gombong,0.627041087613293,0.6334500000000001,0.39730000000000004,0.85595,0.07788198963038173
2016,1,2016-01,Karanganyar,0.7397072815533982,0.77185,0.26695,0.93915,0.12643790144852585
2016,1,2016-01,Karanggayam,0.7572142467248908,0.799,0.25425000000000003,0.9495,0.11916279263265596
2016,1,2016-01,Sadang,0.760178689370485,0.7714500000000001,0.38955,0.9762500000000001,0.11201798871661224
2016,1,2016-01,Bonorowo,0.5561995833333333,0.589225,0.029750000000000002,0.8023,0.1486421050098889
2016,1,2016-01,Padureso,0.7970465596330275,0.806125,0.5134000000000001,0.9163,0.06266873067708996
2016,1,2016-01,Poncowarno,0.7752150549450549,0.7886000000000001,0.53335,0.90295,0.07143835288106536
2016,1,2016-01,Karangsambung,0.7677235632183909,0.7814500000000001,0.28905000000000003,0.9526,0.09592778522143182
2016,2,2016-02,Ayah,0.6367082505729564,0.63475,0.0425,0.9696,0.1279486480735359
2016,2,2016-02,Buayan,0.7691984834968778,0.79905,0.32805,0.9696,0.11120300182952912
2016,2,2016-02,Puring,0.7170502915451895,0.7382000000000001,0.1348,0.9868,0.10745470937774809
2016,2,2016-02,Petanahan,0.7348997959183675,0.7502500000000001,0.161,0.92735,0.09578146883435854
2016,2,2016-02,Klirong,0.7082482988165681,0.713425,0.13090000000000002,0.9420000000000001,0.11008209967766446
2016,2,2016-02,Buluspesantren,0.6910398876404494,0.6880000000000001,0.109,0.92945,0.13342470681390642
2016,2,2016-02,Ambal,0.742743646944714,0.77175,0.012700000000000001,0.9368000000000001,0.1203381365387277
2016,2,2016-02,Mirit,0.7520894374282435,0.77715,0.1978,0.9127500000000001,0.10356436163539286
2016,2,2016-02,Prembun,0.7392654430379747,0.7421,0.4092,0.9318500000000001,0.09007726550863197
2016,2,2016-02,Kutowinangun,0.6786951327433629,0.681,0.4077,0.8924500000000001,0.07895740650934209
2016,2,2016-02,Alian,0.6797655282817503,0.68435,0.24530000000000002,0.9215000000000001,0.09345703392202288
2016,2,2016-02,Kebumen,0.6168330052493439,0.6383000000000001,0.3069,0.81615,0.0944290380736755
2016,2,2016-02,Pejagoan,0.6348956185567011,0.6253,0.1729,0.9084500000000001,0.10500474708077304
2016,2,2016-02,Sruweng,0.6955693396226417,0.7024,0.37570000000000003,0.9333,0.10161756661612054
2016,2,2016-02,Adimulyo,0.7789542479108637,0.7886000000000001,0.5878,0.91715,0.07182302971093436
2016,2,2016-02,Kuwarasan,0.8131680034129694,0.8190500000000001,0.5271,0.9390000000000001,0.05867586539748122
2016,2,2016-02,Rowokele,0.7341650055370985,0.7701,0.3265,0.9497000000000001,0.12628100436892364
2016,2,2016-02,Sempor,0.6784671207430341,0.7008500000000001,0.18725,0.9668,0.11496466573635081
2016,2,2016-02,Gombong,0.7527651057401813,0.7776000000000001,0.42110000000000003,0.9225500000000001,0.11391939741397883
2016,2,2016-02,Karanganyar,0.7733366990291263,0.7982,0.4093,0.9255,0.10203089986355932
2016,2,2016-02,Karanggayam,0.6700625272925764,0.6688000000000001,0.24325000000000002,0.94245,0.10865656847022248
2016,2,2016-02,Sadang,0.5711185758513933,0.56915,0.22190000000000001,0.8161,0.11020388207776524
2016,2,2016-02,Bonorowo,0.7196297222222223,0.74105,0.35225,0.9015500000000001,0.08034736499123012
2016,2,2016-02,Padureso,0.7301741972477065,0.734275,0.4278,0.9161,0.0757788117341637
2016,2,2016-02,Poncowarno,0.6848339560439561,0.6819500000000001,0.40835000000000005,0.9054000000000001,0.09413836418125898
2016,2,2016-02,Karangsambung,0.6744464190981433,0.6806,0.22790000000000002,0.92195,0.10706297393247378
2016,3,2016-03,Ayah,0.7611533898305085,0.7847000000000001,0.0032,0.9945,0.11336996678276019
2016,3,2016-03,Buayan,0.7779106535362579,0.80625,0.33995000000000003,0.9791000000000001,0.09255617430119871
2016,3,2016-03,Puring,0.681870178041543,0.68935,0.14475000000000002,0.9125000000000001,0.09481053152263363
2016,3,2016-03,Petanahan,0.6711533244680852,0.6712,0.1822,0.8889,0.09417056730702346
2016,3,2016-03,Klirong,0.6712628057553957,0.6735,0.2843,0.89595,0.09266471534033952
2016,3,2016-03,Buluspesantren,0.6747922982885085,0.67145,0.33940000000000003,0.9225500000000001,0.07700060625518819
2016,3,2016-03,Ambal,0.6482525783619819,0.6474000000000001,0.2008,0.85785,0.08345066018591642
2016,3,2016-03,Mirit,0.6608467305524239,0.6757000000000001,-0.030500000000000003,0.8550000000000001,0.0927772239969496
2016,3,2016-03,Prembun,0.6707773417721519,0.6766,0.4334,0.84055,0.09144082100516368
2016,3,2016-03,Kutowinangun,0.7029787610619469,0.71225,0.3844,0.8621500000000001,0.0832653094178322
2016,3,2016-03,Alian,0.7765390074706511,0.80395,0.48335,0.8996500000000001,0.08406540795156418
2016,3,2016-03,Kebumen,0.6386297900262468,0.639875,0.1827,0.8874000000000001,0.10254364555538258
2016,3,2016-03,Pejagoan,0.749335824742268,0.7688250000000001,0.4388,0.9639500000000001,0.10710548888070483
2016,3,2016-03,Sruweng,0.7317841644204853,0.7578750000000001,0.261,0.91105,0.10160349527086156
2016,3,2016-03,Adimulyo,0.7296598189415042,0.74485,0.5325,0.8563500000000001,0.06614165812181994
2016,3,2016-03,Kuwarasan,0.7381960750853243,0.7480500000000001,0.47700000000000004,0.89715,0.07142738240542831
2016,3,2016-03,Rowokele,0.7826026024363234,0.8078500000000001,0.2401,0.9436500000000001,0.09966665171122682
2016,3,2016-03,Sempor,0.7467853250773995,0.77595,0.20865,0.9125500000000001,0.10574788915240078
2016,3,2016-03,Gombong,0.6635172205438067,0.6647000000000001,0.37615000000000004,0.8613000000000001,0.09872798262091387
2016,3,2016-03,Karanganyar,0.7749923300970875,0.7945500000000001,0.43665000000000004,0.9237500000000001,0.08394189237527065
2016,3,2016-03,Karanggayam,0.8054718886462882,0.8264750000000001,0.1558,0.92635,0.08210348577064593
2016,3,2016-03,Sadang,0.7837787925696594,0.80425,0.48040000000000005,0.9356500000000001,0.08429018554030043
2016,3,2016-03,Bonorowo,0.7450855555555557,0.759475,0.41495000000000004,0.876,0.06744895806560545
2016,3,2016-03,Padureso,0.8024830275229357,0.817275,0.35125,0.8671000000000001,0.05548428840762185
2016,3,2016-03,Poncowarno,0.7827972527472528,0.7987000000000001,0.49355000000000004,0.8819,0.06715754454382544
2016,3,2016-03,Karangsambung,0.8038067639257295,0.82055,0.47225,0.9086500000000001,0.06560121987659938
2016,4,2016-04,Ayah,0.6601122441243367,0.6766500000000001,0.2243,0.9562,0.1219046142255906
2016,4,2016-04,Buayan,0.7219113595706619,0.743825,0.2165,0.93645,0.12904031196323257
2016,4,2016-04,Puring,0.6373411055276382,0.67135,0.22895000000000001,0.92705,0.1694504564904089
2016,4,2016-04,Petanahan,0.5738315607734807,0.57045,-0.0724,0.8688,0.17586641844258857
2016,4,2016-04,Klirong,0.6147710603829161,0.6159,0.2083,0.87295,0.13009035966291316
2016,4,2016-04,Buluspesantren,0.5653140096618358,0.5741,0.079,0.8823000000000001,0.12943345019108105
2016,4,2016-04,Ambal,0.5418729850746269,0.5539000000000001,0.1017,0.8775000000000001,0.13795561503774528
2016,4,2016-04,Mirit,0.5507094827586207,0.55625,0.2237,0.87185,0.11916015839924209
2016,4,2016-04,Prembun,0.6197862025316456,0.61465,0.23145000000000002,0.8894500000000001,0.14023144668277437
2016,4,2016-04,Kutowinangun,0.6187845132743364,0.648,0.2482,0.8719,0.1585706108984017
2016,4,2016-04,Alian,0.7276112059765208,0.76115,0.31425000000000003,0.9528000000000001,0.1319080128949269
2016,4,2016-04,Kebumen,0.5398135826771653,0.522125,0.2192,0.9125000000000001,0.1284433119540323
2016,4,2016-04,Pejagoan,0.6512998281786941,0.6627750000000001,0.17045000000000002,0.9430000000000001,0.14430156775660877
2016,4,2016-04,Sruweng,0.6509834905660378,0.637025,0.3171,0.94455,0.14615070882611755
2016,4,2016-04,Adimulyo,0.5212073119777159,0.5308250000000001,0.2202,0.7524000000000001,0.1052270591061193
2016,4,2016-04,Kuwarasan,0.560217662116041,0.5733250000000001,0.24035,0.7943,0.11901862711427023
2016,4,2016-04,Rowokele,0.6831790143964563,0.70975,0.21995,0.9287000000000001,0.13922191685071258
2016,4,2016-04,Sempor,0.7226060371517028,0.74155,0.23125,0.9358000000000001,0.12051166983209545
2016,4,2016-04,Gombong,0.5240262839879154,0.5079,0.26530000000000004,0.8682000000000001,0.10724959019111002
2016,4,2016-04,Karanganyar,0.7043558252427184,0.7428,0.20400000000000001,0.928,0.16254800553063972
2016,4,2016-04,Karanggayam,0.7747033569868996,0.8091250000000001,0.1534,0.9430000000000001,0.10974561100945052
2016,4,2016-04,Sadang,0.8055601135190918,0.8287,0.3451,0.9438500000000001,0.0907977693752249
2016,4,2016-04,Bonorowo,0.6115231944444445,0.620025,0.29875,0.82675,0.09785744739481436
2016,4,2016-04,Padureso,0.7691806192660551,0.781475,0.42315,0.9206500000000001,0.08688734802658886
2016,4,2016-04,Poncowarno,0.7008231868131868,0.7189500000000001,0.3088,0.87255,0.1055305633337401
2016,4,2016-04,Karangsambung,0.7825123342175065,0.8158000000000001,0.3427,0.94125,0.09707548837102815
2016,5,2016-05,Ayah,0.7096075585789872,0.7524000000000001,0.019450000000000002,0.9747,0.14508023403602316
2016,5,2016-05,Buayan,0.7470122658340768,0.7619,-0.0184,0.9503,0.10815218681055117
2016,5,2016-05,Puring,0.6503878536585366,0.65625,0.13985,0.8975000000000001,0.12397355214123361
2016,5,2016-05,Petanahan,0.6477941453566622,0.66525,0.1938,0.9803000000000001,0.11903956113742374
2016,5,2016-05,Klirong,0.6826313390313391,0.6878,0.1496,0.89115,0.11197319890425061
2016,5,2016-05,Buluspesantren,0.615273296836983,0.62155,0.2126,0.8843000000000001,0.12596467660526722
2016,5,2016-05,Ambal,0.5877342741935484,0.6130500000000001,-0.0204,0.87075,0.1632687162913731
2016,5,2016-05,Mirit,0.5950679180887373,0.6063500000000001,-0.0608,0.9777,0.12212144736712797
2016,5,2016-05,Prembun,0.6784726582278482,0.6786,0.3879,0.86175,0.11881328890118355
2016,5,2016-05,Kutowinangun,0.6825056637168143,0.7310500000000001,0.29275,0.86895,0.14977538292641476
2016,5,2016-05,Alian,0.7788489327641408,0.81225,0.314,0.9385,0.10760731001447583
2016,5,2016-05,Kebumen,0.5579295275590551,0.54815,0.2766,0.8925000000000001,0.12968288778918022
2016,5,2016-05,Pejagoan,0.7349884020618557,0.7543,0.39490000000000003,0.93725,0.1242887827572058
2016,5,2016-05,Sruweng,0.716533692722372,0.736075,0.3266,0.9359500000000001,0.14871831539911576
2016,5,2016-05,Adimulyo,0.6002293871866295,0.62435,0.26115,0.81925,0.10247294618805548
2016,5,2016-05,Kuwarasan,0.6367765358361774,0.6373500000000001,0.37620000000000003,0.8901,0.0797398400973467
2016,5,2016-05,Rowokele,0.7359274640088593,0.7507,0.26855,0.9352,0.10892837176769318
2016,5,2016-05,Sempor,0.7374565015479876,0.7582,0.1263,0.9326000000000001,0.09574910431072307
2016,5,2016-05,Gombong,0.642219486404834,0.6475000000000001,0.44325000000000003,0.8799,0.07574380308898376
2016,5,2016-05,Karanganyar,0.7584385436893205,0.8169500000000001,0.32105,0.92805,0.13521427074974007
2016,5,2016-05,Karanggayam,0.797053247816594,0.816875,0.43405000000000005,0.9369000000000001,0.08571946676907408
2016,5,2016-05,Sadang,0.7763029411764707,0.7877500000000001,0.43970000000000004,0.9287000000000001,0.09170111810119289
2016,5,2016-05,Bonorowo,0.5429243055555555,0.5589500000000001,0.22485000000000002,0.7802,0.11480450623688743
2016,5,2016-05,Padureso,0.8122425458715598,0.8342,0.4733,0.91515,0.07292225120504794
2016,5,2016-05,Poncowarno,0.7948274725274724,0.80705,0.54155,0.9432,0.05677062023778947
2016,5,2016-05,Karangsambung,0.7880251989389921,0.8025,0.42765000000000003,0.9287000000000001,0.07365493544442854
2016,6,2016-06,Ayah,0.7811276435045319,0.8162750000000001,0.07085000000000001,0.95055,0.12974491217125272
2016,6,2016-06,Buayan,0.8333708668453977,0.8455,0.0864,0.9421,0.06160483204168297
2016,6,2016-06,Puring,0.7943661779081135,0.8096,0.021500000000000002,0.9066500000000001,0.09514558729020114
2016,6,2016-06,Petanahan,0.8089133697135061,0.81765,0.44110000000000005,0.9111,0.056252903080784275
2016,6,2016-06,Klirong,0.7809508683068018,0.7978500000000001,0.273,0.892,0.07197187080644205
2016,6,2016-06,Buluspesantren,0.7833735365853659,0.79155,0.4076,0.9116500000000001,0.06872030947132025
2016,6,2016-06,Ambal,0.7620768280632413,0.7808250000000001,0.10880000000000001,0.8913000000000001,0.09106057944886647
2016,6,2016-06,Mirit,0.7294942808607022,0.7595000000000001,0.14550000000000002,0.8858,0.11068950238578465
2016,6,2016-06,Prembun,0.7681720253164557,0.77805,0.42635,0.8954000000000001,0.06334887495388856
2016,6,2016-06,Kutowinangun,0.7830961061946903,0.79645,0.3835,0.9024500000000001,0.07140603233526442
2016,6,2016-06,Alian,0.8022360192102456,0.8129000000000001,0.4409,0.9193,0.055133376233170786
2016,6,2016-06,Kebumen,0.6967448818897639,0.715275,0.24095000000000003,0.8948,0.11642476350757364
2016,6,2016-06,Pejagoan,0.7811605670103092,0.81565,0.48950000000000005,0.8946500000000001,0.09225304195538563
2016,6,2016-06,Sruweng,0.8038010107816713,0.8219000000000001,0.4762,0.8972,0.06146237110335709
2016,6,2016-06,Adimulyo,0.7986857242339833,0.809375,0.4439,0.9051,0.05933115038100965
2016,6,2016-06,Kuwarasan,0.8146328498293516,0.8212,0.61545,0.90525,0.04926232577593736
2016,6,2016-06,Rowokele,0.8188778516057585,0.8371000000000001,0.4546,0.9395,0.06247526462495414
2016,6,2016-06,Sempor,0.8169490402476781,0.8358500000000001,0.11825000000000001,0.9209,0.0705494257765933
2016,6,2016-06,Gombong,0.7521916918429004,0.7813,0.38065000000000004,0.9222,0.11153588349543593
2016,6,2016-06,Karanganyar,0.8122493203883495,0.8319500000000001,0.45985000000000004,0.8885500000000001,0.06606384852597069
2016,6,2016-06,Karanggayam,0.8191633733624454,0.83175,0.5025000000000001,0.9029,0.048916140099165756
2016,6,2016-06,Sadang,0.8202623323013416,0.8462500000000001,0.49505000000000005,0.9243,0.06938886619952157
2016,6,2016-06,Bonorowo,0.6493340277777778,0.6911499999999999,0.0149,0.8150000000000001,0.1393395008668847
2016,6,2016-06,Padureso,0.8239997706422019,0.8322750000000001,0.08295000000000001,0.8883500000000001,0.06179579654095319
2016,6,2016-06,Poncowarno,0.8071673626373628,0.81105,0.51075,0.8825500000000001,0.03703973046074658
2016,6,2016-06,Karangsambung,0.8066807250221044,0.81965,0.47475,0.89575,0.057942264625141335
2016,7,2016-07,Ayah,0.759436290936786,0.78135,-0.005050000000000001,0.9569000000000001,0.11655873078165123
2016,7,2016-07,Buayan,0.7570450716845878,0.79015,0.3226,0.93435,0.10888946986214351
2016,7,2016-07,Puring,0.6793115198451114,0.6961,-0.0332,0.9096500000000001,0.10933137656306659
2016,7,2016-07,Petanahan,0.7047333333333333,0.71065,0.31620000000000004,0.93325,0.08373891529605187
2016,7,2016-07,Klirong,0.7397991994177584,0.7403500000000001,0.377,0.92745,0.06750411321835814
2016,7,2016-07,Buluspesantren,0.7266317191283294,0.7301250000000001,0.10650000000000001,0.87575,0.08097140176820777
2016,7,2016-07,Ambal,0.7204008424182359,0.72935,0.0361,0.8794500000000001,0.08759993105305192
2016,7,2016-07,Mirit,0.7190331615120276,0.7458,0.0644,0.8913000000000001,0.09596287355714735
2016,7,2016-07,Prembun,0.7038396202531646,0.7312000000000001,0.42145000000000005,0.8311000000000001,0.08853061127523736
2016,7,2016-07,Kutowinangun,0.7412366371681417,0.7556,0.3559,0.8591000000000001,0.0720522586481644
2016,7,2016-07,Alian,0.791456189967983,0.8065,0.46725,0.8873000000000001,0.06287266195443023
2016,7,2016-07,Kebumen,0.6846512467191601,0.69365,0.36085,0.8873000000000001,0.09599618523913692
2016,7,2016-07,Pejagoan,0.7608118556701031,0.7848250000000001,0.48925,0.9133,0.09085841850590938
2016,7,2016-07,Sruweng,0.7628018194070083,0.7877000000000001,0.44035,0.8925000000000001,0.08135767909360729
2016,7,2016-07,Adimulyo,0.6713507660167131,0.674625,0.454,0.8147500000000001,0.06925781576600465
2016,7,2016-07,Kuwarasan,0.6584143344709897,0.6609,0.4152,0.8061,0.07751092265416802
2016,7,2016-07,Rowokele,0.768630454042082,0.7914,0.4278,0.9267500000000001,0.08946220619470902
2016,7,2016-07,Sempor,0.7656605572755417,0.7966500000000001,0.3483,0.9255500000000001,0.08692955061053109
2016,7,2016-07,Gombong,0.5899611782477342,0.5843,0.39735000000000004,0.8569,0.08045817144571561
2016,7,2016-07,Karanganyar,0.7386484466019417,0.7736500000000001,0.37335,0.9335,0.1084499094142355
2016,7,2016-07,Karanggayam,0.7973507641921397,0.8116750000000001,0.42150000000000004,0.9299000000000001,0.060368213289164474
2016,7,2016-07,Sadang,0.804036016511868,0.82135,0.4615,0.9213,0.06835897811993227
2016,7,2016-07,Bonorowo,0.748030138888889,0.77485,0.46540000000000004,0.8462500000000001,0.07333211808639013
2016,7,2016-07,Padureso,0.792730389908257,0.8094750000000001,0.44070000000000004,0.8636,0.06410359877390195
2016,7,2016-07,Poncowarno,0.7923468131868132,0.80305,0.46575,0.8906000000000001,0.06415753632946172
2016,7,2016-07,Karangsambung,0.7961503978779841,0.8099500000000001,0.4551,0.9174,0.05764596022802399
2016,8,2016-08,Ayah,0.6711923813169985,0.6978,0.1091,0.9327500000000001,0.14629273738905368
2016,8,2016-08,Buayan,0.6878727921498662,0.7241000000000001,-0.1193,0.9547500000000001,0.14208257548399328
2016,8,2016-08,Puring,0.6337503434739942,0.64685,0.24365,0.9085500000000001,0.1422771136655257
2016,8,2016-08,Petanahan,0.619827628032345,0.620425,0.25370000000000004,0.91085,0.13822406454633976
2016,8,2016-08,Klirong,0.6458813682678312,0.64535,0.0961,0.88615,0.12302256521639385
2016,8,2016-08,Buluspesantren,0.6008089114832535,0.59135,0.1274,0.8649,0.14654137388362476
2016,8,2016-08,Ambal,0.6016831020812686,0.60275,0.0522,0.93355,0.14105031531807552
2016,8,2016-08,Mirit,0.6009515659955257,0.596875,-0.0344,0.9335,0.12700115613985025
2016,8,2016-08,Prembun,0.5933084810126582,0.5787,0.2551,0.83015,0.12656287634444294
2016,8,2016-08,Kutowinangun,0.6238952212389381,0.6415000000000001,0.28635,0.84375,0.13266662251439068
2016,8,2016-08,Alian,0.7284093383137674,0.76195,0.39440000000000003,0.8845000000000001,0.10318920975784232
2016,8,2016-08,Kebumen,0.5363627296587926,0.51015,0.22485000000000002,0.85785,0.11299837900099906
2016,8,2016-08,Pejagoan,0.6947586769759451,0.7222500000000001,0.29710000000000003,0.8766,0.13190932494075316
2016,8,2016-08,Sruweng,0.6397611185983828,0.650625,0.3498,0.8976000000000001,0.13648016394072737
2016,8,2016-08,Adimulyo,0.5464025766016714,0.5528500000000001,0.30095,0.7453500000000001,0.08875188406908542
2016,8,2016-08,Kuwarasan,0.539525085324232,0.537775,0.23445000000000002,0.81145,0.09717358997771228
2016,8,2016-08,Rowokele,0.7031778516057586,0.7383500000000001,0.1857,0.9178000000000001,0.13190931229036512
2016,8,2016-08,Sempor,0.7514975232198142,0.78095,0.24755000000000002,0.8753500000000001,0.10034973559254676
2016,8,2016-08,Gombong,0.5287858006042296,0.5133,0.31205,0.8653500000000001,0.09782946887132754
2016,8,2016-08,Karanganyar,0.6792282524271844,0.7221000000000001,0.31465000000000004,0.89085,0.1384270379576284
2016,8,2016-08,Karanggayam,0.7554539028384281,0.776125,0.31,0.9086500000000001,0.07913543493971299
2016,8,2016-08,Sadang,0.7848875644994842,0.80455,0.48395000000000005,0.91115,0.07352628141327851
2016,8,2016-08,Bonorowo,0.5963734722222223,0.5968,0.34215,0.81755,0.09750995980695913
2016,8,2016-08,Padureso,0.7760746559633028,0.7895750000000001,0.22545,0.8577,0.06410104726291715
2016,8,2016-08,Poncowarno,0.741398901098901,0.75505,0.4413,0.89785,0.07411938297677842
2016,8,2016-08,Karangsambung,0.7549682581786031,0.7724000000000001,0.46315,0.8832500000000001,0.07492681634544841
2016,9,2016-09,Ayah,0.5734866972477064,0.569775,0.1124,0.84475,0.1189852906661249
2016,9,2016-09,Buayan,0.6957877350044762,0.70565,0.18985000000000002,0.9418500000000001,0.12325239214019629
2016,9,2016-09,Puring,0.6209708250497019,0.644325,0.14100000000000001,0.8582000000000001,0.14418232912539272
2016,9,2016-09,Petanahan,0.6511243430152144,0.65645,0.2501,0.8600500000000001,0.11000699010584691
2016,9,2016-09,Klirong,0.6998535555555555,0.70675,0.012400000000000001,0.8798,0.09189318442035611
2016,9,2016-09,Buluspesantren,0.6481581807081807,0.6622,0.1527,0.8421000000000001,0.08627755623354656
2016,9,2016-09,Ambal,0.625639692765114,0.63285,0.0881,0.8935000000000001,0.10293946724918891
2016,9,2016-09,Mirit,0.5840237819025522,0.5981000000000001,0.2068,0.8629,0.11807849311584764
2016,9,2016-09,Prembun,0.6772736708860759,0.6903,0.382,0.8254,0.08166915049283173
2016,9,2016-09,Kutowinangun,0.6792436283185842,0.6989500000000001,0.3407,0.8379500000000001,0.0942172733450179
2016,9,2016-09,Alian,0.6452601387406618,0.6627000000000001,0.18035,0.8882500000000001,0.1081786360785844
2016,9,2016-09,Kebumen,0.5972695538057743,0.5907500000000001,0.32075000000000004,0.9029,0.09798313971044939
2016,9,2016-09,Pejagoan,0.6433042096219932,0.653375,0.23105,0.87085,0.09975290121599274
2016,9,2016-09,Sruweng,0.6187241913746632,0.62925,0.304,0.8969,0.11506602205526945
2016,9,2016-09,Adimulyo,0.583516573816156,0.5805750000000001,0.3289,0.83475,0.08154989926002215
2016,9,2016-09,Kuwarasan,0.5950637372013652,0.6087,0.29215,0.8014,0.08690942022639395
2016,9,2016-09,Rowokele,0.5963636212624586,0.63825,0.1265,0.9207000000000001,0.16130672517734704
2016,9,2016-09,Sempor,0.6088708359133127,0.6234500000000001,0.1903,0.85355,0.10532086764663472
2016,9,2016-09,Gombong,0.6014472809667674,0.6072500000000001,0.3551,0.86665,0.0901087730161718
2016,9,2016-09,Karanganyar,0.6145749514563107,0.61405,0.34145000000000003,0.881,0.10594005203414639
2016,9,2016-09,Karanggayam,0.6592511189956333,0.6772,0.1713,0.93125,0.11155862554023732
2016,9,2016-09,Sadang,0.6419491744066047,0.66335,0.13195,0.8944500000000001,0.1070448683418672
2016,9,2016-09,Bonorowo,0.5748590277777778,0.5871000000000001,0.28675,0.764,0.10069959640986821
2016,9,2016-09,Padureso,0.6540364678899082,0.6824749999999999,0.24580000000000002,0.8563000000000001,0.12804947071311742
2016,9,2016-09,Poncowarno,0.6597451648351649,0.68635,0.28145000000000003,0.9099,0.11422818135723611
2016,9,2016-09,Karangsambung,0.6534366047745359,0.6747000000000001,0.1774,0.86095,0.09988339459132364
2016,10,2016-10,Ayah,0.6620371765601217,0.6777000000000001,0.0877,0.932,0.15351041492247025
2016,10,2016-10,Buayan,0.715794073083779,0.7563000000000001,0.17025,0.93825,0.14227220092501605
2016,10,2016-10,Puring,0.5303526908023484,0.5417000000000001,0.020900000000000002,0.8806,0.16283461837217308
2016,10,2016-10,Petanahan,0.5097218019257221,0.52695,0.1769,0.8178000000000001,0.14204677333266713
2016,10,2016-10,Klirong,0.5667831360946746,0.5803750000000001,0.0618,0.84785,0.12169958117760292
2016,10,2016-10,Buluspesantren,0.5529757407407407,0.550575,0.1033,0.86675,0.15690254266918763
2016,10,2016-10,Ambal,0.5302866341463415,0.53005,0.0637,0.8308500000000001,0.17899904070294195
2016,10,2016-10,Mirit,0.5496226244343891,0.552875,0.1114,0.8803000000000001,0.16172949833184083
2016,10,2016-10,Prembun,0.5962512658227848,0.58555,0.20395000000000002,0.8240000000000001,0.14614184781212394
2016,10,2016-10,Kutowinangun,0.5727099115044247,0.59065,0.19105,0.8676,0.1604142634263289
2016,10,2016-10,Alian,0.7243131270010673,0.75415,0.2786,0.91095,0.11611183008154545
2016,10,2016-10,Kebumen,0.5205155511811024,0.494275,0.22185000000000002,0.87765,0.1256675628108003
2016,10,2016-10,Pejagoan,0.7239524914089348,0.756225,0.38905,0.9165500000000001,0.12504215532393087
2016,10,2016-10,Sruweng,0.6723309299191377,0.7108000000000001,0.3078,0.9146500000000001,0.15721107027429793
2016,10,2016-10,Adimulyo,0.47502179665738165,0.48215,0.1714,0.7971,0.10888075504000336
2016,10,2016-10,Kuwarasan,0.4913439419795222,0.49502500000000005,0.1552,0.7075,0.09909685669493128
2016,10,2016-10,Rowokele,0.6638881506090808,0.69115,0.11985000000000001,0.8963500000000001,0.1240947937831723
2016,10,2016-10,Sempor,0.6165214860681115,0.63265,0.2132,0.89005,0.10725590808940375
2016,10,2016-10,Gombong,0.4923641993957704,0.48175,0.30225,0.79605,0.09612755197407359
2016,10,2016-10,Karanganyar,0.6546980582524273,0.6691,0.18030000000000002,0.9737,0.15176625060095653
2016,10,2016-10,Karanggayam,0.7137628002183406,0.743625,0.20095000000000002,0.93225,0.126122669462576
2016,10,2016-10,Sadang,0.7354930856553148,0.78705,0.18945,0.93095,0.13745362388442767
2016,10,2016-10,Bonorowo,0.49802250000000003,0.515225,0.1603,0.73795,0.13076616102321734
2016,10,2016-10,Padureso,0.7916620412844038,0.8052,0.402,0.86655,0.05825457564190542
2016,10,2016-10,Poncowarno,0.6844742857142858,0.687,0.42715000000000003,0.8756,0.09201583432946168
2016,10,2016-10,Karangsambung,0.7047730327144122,0.72495,0.1955,0.9271,0.12017002640157877
2016,11,2016-11,Ayah,0.6990384136858476,0.7745000000000001,-0.17750000000000002,0.9722000000000001,0.19906739686167732
2016,11,2016-11,Buayan,0.6957160940325497,0.7822,-0.13440000000000002,0.9986,0.21831296937682143
2016,11,2016-11,Puring,0.44290477673935613,0.5277000000000001,-0.19820000000000002,0.9779,0.2910353501811496
2016,11,2016-11,Petanahan,0.45790852819807426,0.4842,-0.1877,0.8801,0.25286389390463077
2016,11,2016-11,Klirong,0.5414354074074075,0.5821000000000001,-0.0567,0.8833000000000001,0.20324037111267834
2016,11,2016-11,Buluspesantren,0.5229085427135679,0.5657,-0.082,0.8604,0.21678164199005984
2016,11,2016-11,Ambal,0.4996513622603431,0.49760000000000004,0.010700000000000001,0.9436,0.20473353624511995
2016,11,2016-11,Mirit,0.5430109506618532,0.5721,-0.17250000000000001,0.8649,0.176573110721941
2016,11,2016-11,Prembun,0.5415949367088608,0.5554,-0.058600000000000006,0.8271000000000001,0.20246038606040978
2016,11,2016-11,Kutowinangun,0.5957343362831858,0.6415000000000001,0.1409,0.895,0.17419256049198592
2016,11,2016-11,Alian,0.7100431163287088,0.7614000000000001,0.1819,0.9097000000000001,0.15200483589910307
2016,11,2016-11,Kebumen,0.4755704724409449,0.45625000000000004,0.0594,0.8789,0.15846856683284233
2016,11,2016-11,Pejagoan,0.6887123711340206,0.7276,0.10400000000000001,0.9955,0.17375158715647723
2016,11,2016-11,Sruweng,0.5781350404312668,0.6306,-0.0941,0.9893000000000001,0.24229478751138467
2016,11,2016-11,Adimulyo,0.3182584770114943,0.3316,-0.19870000000000002,0.7368,0.21867585945549647
2016,11,2016-11,Kuwarasan,0.3672184210526316,0.39795,-0.1685,0.76,0.23384811451167362
2016,11,2016-11,Rowokele,0.670831561461794,0.7170000000000001,-0.1852,0.9843000000000001,0.16859411904718402
2016,11,2016-11,Sempor,0.6656663157894738,0.7067,-0.18030000000000002,0.9738,0.1650571089227339
2016,11,2016-11,Gombong,0.48082870090634444,0.4717,0.091,0.8527,0.1250057455760065
2016,11,2016-11,Karanganyar,0.6252986193293887,0.6601,-0.1178,0.9959,0.20957915325094645
2016,11,2016-11,Karanggayam,0.7231100982532751,0.7831,0.1326,0.9901000000000001,0.15038518093102946
2016,11,2016-11,Sadang,0.7200476780185759,0.7499,0.12560000000000002,0.9694,0.14210866261045613
2016,11,2016-11,Bonorowo,0.4171745762711864,0.4637,-0.16870000000000002,0.7468,0.20676086320039908
2016,11,2016-11,Padureso,0.7581298165137614,0.7926,0.13970000000000002,0.9862000000000001,0.12946121033937208
2016,11,2016-11,Poncowarno,0.6927054945054946,0.7046,0.1933,0.8796,0.10932441365202861
2016,11,2016-11,Karangsambung,0.6873402298850575,0.7234,0.1298,0.9757,0.1455823314923248
2016,12,2016-12,Ayah,0.652311224489796,0.6927,0.0091,0.9405,0.16982301632919083
2016,12,2016-12,Buayan,0.7279695089285715,0.7265250000000001,0.1086,0.9234,0.12177431865600337
2016,12,2016-12,Puring,0.5109575247524752,0.5352250000000001,-0.040600000000000004,0.8488,0.14999858003556246
2016,12,2016-12,Petanahan,0.5435135402906208,0.5501,0.03665,0.77085,0.10335986325703309
2016,12,2016-12,Klirong,0.5489224259520452,0.55455,0.07590000000000001,0.8500500000000001,0.10385811710508742
2016,12,2016-12,Buluspesantren,0.5613010975609757,0.57425,0.26705,0.8774500000000001,0.10277754232376075
2016,12,2016-12,Ambal,0.5997105654761905,0.6186750000000001,0.0716,0.8241,0.12306596608691792
2016,12,2016-12,Mirit,0.6003755668934241,0.6397250000000001,0.0886,0.81415,0.13615873583664503
2016,12,2016-12,Prembun,0.5768458227848101,0.5718500000000001,0.1648,0.8552000000000001,0.13194842764694184
2016,12,2016-12,Kutowinangun,0.6360730088495575,0.64525,0.26015,0.8662500000000001,0.11747689259425316
2016,12,2016-12,Alian,0.5690909284951975,0.57455,0.153,0.8550000000000001,0.12341273807772954
2016,12,2016-12,Kebumen,0.49914514435695545,0.501325,0.20320000000000002,0.8563500000000001,0.11486619439251049
2016,12,2016-12,Pejagoan,0.5544933848797251,0.5401750000000001,0.1948,0.8761,0.12284123971741881
2016,12,2016-12,Sruweng,0.5737371293800538,0.5578750000000001,0.29655000000000004,0.8931,0.1037277677903185
2016,12,2016-12,Adimulyo,0.4896635097493036,0.5067,0.051000000000000004,0.7168,0.1071524429129922
2016,12,2016-12,Kuwarasan,0.5550331911262799,0.5709250000000001,0.12035000000000001,0.84125,0.13356551917637371
2016,12,2016-12,Rowokele,0.704526799557032,0.7143,0.17850000000000002,0.8924000000000001,0.07570995658777978
2016,12,2016-12,Sempor,0.6109283281733747,0.64,0.13625,0.80595,0.1221859014189613
2016,12,2016-12,Gombong,0.5665049848942598,0.56645,0.28445000000000004,0.8035,0.0841533016887669
2016,12,2016-12,Karanganyar,0.6250170873786408,0.6151,0.3397,0.8615,0.09867422642437425
2016,12,2016-12,Karanggayam,0.5934181222707425,0.5955250000000001,0.21335,0.93415,0.12745552843813235
2016,12,2016-12,Sadang,0.6790267801857585,0.6917,0.25520000000000004,0.9182,0.12591760589881032
2016,12,2016-12,Bonorowo,0.5623652777777778,0.5988,0.19125,0.75705,0.13337406279970862
2016,12,2016-12,Padureso,0.6975674311926606,0.7206750000000001,0.1547,0.90525,0.10904750461458201
2016,12,2016-12,Poncowarno,0.6024181318681319,0.61665,0.25195,0.8477,0.13022347991313205
2016,12,2016-12,Karangsambung,0.6285786914235191,0.6373,0.1773,0.9225500000000001,0.1293051556309145
2017,1,2017-01,Ayah,0.6849264415781487,0.70695,0.15,0.9376000000000001,0.11786748125796342
2017,1,2017-01,Buayan,0.6620688729874776,0.66625,0.29575,0.89095,0.09558717528264539
2017,1,2017-01,Puring,0.6244511431411531,0.6464000000000001,0.037700000000000004,0.83465,0.11399836785648178
2017,1,2017-01,Petanahan,0.6064173342541437,0.625975,0.1174,0.8119000000000001,0.08245245193472718
2017,1,2017-01,Klirong,0.6541950509461427,0.6685,0.2029,0.7735500000000001,0.07634833009475687
2017,1,2017-01,Buluspesantren,0.6710317073170732,0.6883250000000001,0.27,0.8356,0.08289549507905808
2017,1,2017-01,Ambal,0.7506956032719836,0.775925,0.3709,0.8731500000000001,0.08586590336108033
2017,1,2017-01,Mirit,0.6557643424036282,0.6934750000000001,0.115,0.9039,0.1360217924344646
2017,1,2017-01,Prembun,0.7620245569620255,0.76265,0.44025000000000003,0.88005,0.06364476773660782
2017,1,2017-01,Kutowinangun,0.7653586725663716,0.7787000000000001,0.5119,0.873,0.05900436323305935
2017,1,2017-01,Alian,0.701703628601921,0.70835,0.3519,0.86865,0.08943565625091457
2017,1,2017-01,Kebumen,0.6311397637795276,0.63815,0.2919,0.85275,0.09826253725220405
2017,1,2017-01,Pejagoan,0.6351607388316151,0.6376999999999999,0.388,0.8717,0.0941377518972702
2017,1,2017-01,Sruweng,0.6551964959568733,0.6637250000000001,0.36300000000000004,0.8787,0.07451917534742468
2017,1,2017-01,Adimulyo,0.6696543175487466,0.6682250000000001,0.35700000000000004,0.8318500000000001,0.08186759536455077
2017,1,2017-01,Kuwarasan,0.6680988907849829,0.66285,0.46,0.8531000000000001,0.06288727328530877
2017,1,2017-01,Rowokele,0.5735100775193799,0.58085,0.2262,0.8693500000000001,0.11854505810446368
2017,1,2017-01,Sempor,0.6023972445820434,0.5955,0.22555,0.8274,0.09362324982219083
2017,1,2017-01,Gombong,0.5846478851963747,0.59755,0.35485,0.8426,0.08472293717253256
2017,1,2017-01,Karanganyar,0.6250309708737863,0.6101500000000001,0.41500000000000004,0.87085,0.08339742089926784
2017,1,2017-01,Karanggayam,0.6854496451965066,0.6918500000000001,0.32370000000000004,0.9167500000000001,0.09903876691038502
2017,1,2017-01,Sadang,0.7351019607843139,0.7391000000000001,0.3541,0.9069,0.0852537775736804
2017,1,2017-01,Bonorowo,0.7024805555555557,0.731625,0.24200000000000002,0.8370000000000001,0.11412412612405953
2017,1,2017-01,Padureso,0.7406647935779817,0.7389749999999999,0.2554,0.8771500000000001,0.07592901194992159
2017,1,2017-01,Poncowarno,0.7713780219780221,0.7817500000000001,0.4116,0.88095,0.06507918102343356
2017,1,2017-01,Karangsambung,0.7756026083112291,0.78605,0.46140000000000003,0.8983000000000001,0.0633774233413979
2017,2,2017-02,Ayah,0.6911732998454405,0.7098,0.164,0.9579000000000001,0.12758601377858214
2017,2,2017-02,Buayan,0.7464199641897941,0.7709,0.37115000000000004,0.9265500000000001,0.10661426601871604
2017,2,2017-02,Puring,0.6390621621621623,0.63865,0.2209,0.8955000000000001,0.10667920593768469
2017,2,2017-02,Petanahan,0.6443859973579921,0.6223500000000001,0.12290000000000001,0.9115500000000001,0.11983080320074549
2017,2,2017-02,Klirong,0.6423225212464589,0.6415000000000001,0.0543,0.9118,0.10579128750141505
2017,2,2017-02,Buluspesantren,0.6212921497584543,0.6106,0.3059,0.87275,0.09576634803851809
2017,2,2017-02,Ambal,0.6201004016064258,0.612225,0.266,0.9541000000000001,0.09374428236829349
2017,2,2017-02,Mirit,0.5908261958997723,0.5876750000000001,0.1486,0.8652000000000001,0.10116699892457924
2017,2,2017-02,Prembun,0.6414374683544305,0.6394000000000001,0.4163,0.88055,0.09096316747249267
2017,2,2017-02,Kutowinangun,0.6565395575221239,0.6626500000000001,0.3909,0.8713000000000001,0.09725663335558465
2017,2,2017-02,Alian,0.782001227321238,0.79325,0.47000000000000003,0.9416,0.07796705455947006
2017,2,2017-02,Kebumen,0.5939770997375328,0.586025,0.3003,0.8968,0.09584453326924272
2017,2,2017-02,Pejagoan,0.7258549828178694,0.7512500000000001,0.38165000000000004,0.9391,0.11861130338043048
2017,2,2017-02,Sruweng,0.7159301212938006,0.734575,0.38745,0.9576,0.12308380189995358
2017,2,2017-02,Adimulyo,0.6107731894150419,0.6142000000000001,0.3719,0.8333,0.07582272437200166
2017,2,2017-02,Kuwarasan,0.6235783276450513,0.627175,0.35045000000000004,0.7673500000000001,0.06779911899969623
2017,2,2017-02,Rowokele,0.7074158914728682,0.7302000000000001,0.29100000000000004,0.95425,0.13225794091116538
2017,2,2017-02,Sempor,0.6494955727554179,0.6596500000000001,0.14595,0.9660000000000001,0.14459060709453458
2017,2,2017-02,Gombong,0.5094735649546828,0.49985,0.21645,0.7848,0.09566300708766921
2017,2,2017-02,Karanganyar,0.6705053398058253,0.6776500000000001,0.30355000000000004,0.91305,0.1267134052633273
2017,2,2017-02,Karanggayam,0.7703696506550219,0.7934,0.39795,0.96475,0.08683580227695947
2017,2,2017-02,Sadang,0.6940147574819402,0.7138,0.35665,0.9394,0.10797110470852547
2017,2,2017-02,Bonorowo,0.5911127777777778,0.589725,0.36965000000000003,0.8230500000000001,0.070722085506545
2017,2,2017-02,Padureso,0.7414113532110093,0.748375,0.2409,0.9094500000000001,0.0797832124523942
2017,2,2017-02,Poncowarno,0.754678021978022,0.7644000000000001,0.45335000000000003,0.8979,0.06804852502975206
2017,2,2017-02,Karangsambung,0.7627931918656057,0.7806500000000001,0.43565000000000004,0.96975,0.08797911368756599
2017,3,2017-03,Ayah,0.7816293802601378,0.8316,0.25320000000000004,0.9378500000000001,0.13173124265760888
2017,3,2017-03,Buayan,0.743394375,0.79895,0.2403,0.9252,0.16038281362371523
2017,3,2017-03,Puring,0.58457156374502,0.604175,0.0974,0.8652500000000001,0.14760786442154283
2017,3,2017-03,Petanahan,0.5351969346049046,0.5398750000000001,0.1451,0.8329500000000001,0.16514658683688593
2017,3,2017-03,Klirong,0.5850816642120766,0.6017,0.2766,0.8888,0.12678898315978154
2017,3,2017-03,Buluspesantren,0.560914099378882,0.56325,0.23585,0.9854,0.14504337598151235
2017,3,2017-03,Ambal,0.5350699004975125,0.52915,0.19695000000000001,0.9125000000000001,0.1497993190805787
2017,3,2017-03,Mirit,0.5601783256880734,0.5700750000000001,0.19135000000000002,0.9041,0.11513066786372403
2017,3,2017-03,Prembun,0.5722541772151899,0.5830500000000001,0.1799,0.8533000000000001,0.1642719030392005
2017,3,2017-03,Kutowinangun,0.6186441592920354,0.6442,0.1945,0.8624,0.15689409231970522
2017,3,2017-03,Alian,0.7366559231590182,0.7691,0.35515,0.9225000000000001,0.12543639473640794
2017,3,2017-03,Kebumen,0.5214017716535433,0.49512500000000004,0.2622,0.893,0.13562219115520102
2017,3,2017-03,Pejagoan,0.7106072164948455,0.7502500000000001,0.35225,0.9304,0.133202261486449
2017,3,2017-03,Sruweng,0.6611791778975742,0.74465,0.21155000000000002,0.8963000000000001,0.189368586174285
2017,3,2017-03,Adimulyo,0.4879368384401115,0.49822500000000003,0.12965000000000002,0.8091,0.13228786796722417
2017,3,2017-03,Kuwarasan,0.4842139931740615,0.4903,0.13775,0.7532,0.13873034541021723
2017,3,2017-03,Rowokele,0.7181075858250278,0.7562500000000001,0.2549,0.9348000000000001,0.14192557021627553
2017,3,2017-03,Sempor,0.6897777399380806,0.7202500000000001,0.0804,0.9276000000000001,0.12046917622093348
2017,3,2017-03,Gombong,0.4452959214501511,0.4279,0.19255,0.8612500000000001,0.1444647816352216
2017,3,2017-03,Karanganyar,0.6844410679611651,0.7729,0.1419,0.9157000000000001,0.1837351104536707
2017,3,2017-03,Karanggayam,0.7657848799126639,0.7885500000000001,0.2472,0.9304,0.08808445344954596
2017,3,2017-03,Sadang,0.7867190918472653,0.8148500000000001,0.37970000000000004,0.9523,0.10584438553474086
2017,3,2017-03,Bonorowo,0.5387809722222223,0.552975,0.16615000000000002,0.7998500000000001,0.13139045095904592
2017,3,2017-03,Padureso,0.7933083715596332,0.816075,0.3543,0.8975000000000001,0.08250718035119214
2017,3,2017-03,Poncowarno,0.7110095604395604,0.7214,0.3557,0.9066500000000001,0.10031656805423725
2017,3,2017-03,Karangsambung,0.773482625994695,0.7987000000000001,0.4005,0.9332,0.0988994246647983
2017,4,2017-04,Ayah,0.744876519756839,0.789425,0.2015,0.999,0.1372822159760624
2017,4,2017-04,Buayan,0.7283267649687221,0.7684500000000001,0.0258,0.94555,0.1285556923398035
2017,4,2017-04,Puring,0.5969034516765287,0.6466500000000001,0.18050000000000002,0.9193,0.17220625225725197
2017,4,2017-04,Petanahan,0.6039844666666666,0.6090500000000001,0.1206,0.9267000000000001,0.15693737127290264
2017,4,2017-04,Klirong,0.6156435578330893,0.65315,0.0666,0.8721,0.14940651847327552
2017,4,2017-04,Buluspesantren,0.6013005474452555,0.6233,0.0995,0.8643500000000001,0.1516724476141665
2017,4,2017-04,Ambal,0.5676426,0.5928,0.048850000000000005,0.9602,0.17820341426370037
2017,4,2017-04,Mirit,0.6272423986486487,0.647875,0.0419,0.9005000000000001,0.12222249248914867
2017,4,2017-04,Prembun,0.6369748101265824,0.65475,0.2908,0.83645,0.12366823929277102
2017,4,2017-04,Kutowinangun,0.6289093805309734,0.68965,0.046650000000000004,0.8568,0.17184635571914975
2017,4,2017-04,Alian,0.7386866595517609,0.7867000000000001,0.2197,0.905,0.14016288785384967
2017,4,2017-04,Kebumen,0.513133661417323,0.48340000000000005,0.24485,0.886,0.1426683170610226
2017,4,2017-04,Pejagoan,0.7126014604810997,0.76075,0.28345000000000004,0.8885000000000001,0.14362871663074256
2017,4,2017-04,Sruweng,0.629286590296496,0.6466000000000001,0.21635000000000001,0.9460000000000001,0.16176431376016914
2017,4,2017-04,Adimulyo,0.591650069637883,0.611025,0.10865000000000001,0.7828,0.1113712256018422
2017,4,2017-04,Kuwarasan,0.6087296928327645,0.6333500000000001,0.20415,0.7814,0.1015693685881749
2017,4,2017-04,Rowokele,0.7554511627906977,0.7615500000000001,0.4037,0.9295,0.09934795520274615
2017,4,2017-04,Sempor,0.7520929411764706,0.7795000000000001,0.18485000000000001,0.9153,0.096322995140815
2017,4,2017-04,Gombong,0.5941593655589124,0.5890000000000001,0.37670000000000003,0.8982,0.09879045159418792
2017,4,2017-04,Karanganyar,0.7197435922330098,0.7542,0.323,0.933,0.12950035677766478
2017,4,2017-04,Karanggayam,0.7652222161572052,0.788525,0.34365,0.9712500000000001,0.08863475739673801
2017,4,2017-04,Sadang,0.8007094427244582,0.8392000000000001,0.3539,0.9302,0.09797918807728442
2017,4,2017-04,Bonorowo,0.5991559722222223,0.6122000000000001,0.2248,0.77125,0.10289389275229824
2017,4,2017-04,Padureso,0.8152670871559633,0.8222750000000001,0.27705,0.8825500000000001,0.05649561879580437
2017,4,2017-04,Poncowarno,0.7527574725274727,0.7705500000000001,0.39695,0.8998,0.08922460256231513
2017,4,2017-04,Karangsambung,0.7740529177718833,0.795,0.37905,0.9008,0.08360011483336316
2017,5,2017-05,Ayah,0.8113437972768534,0.8623750000000001,0.0661,0.9569000000000001,0.11438720433018854
2017,5,2017-05,Buayan,0.8113922182468695,0.816675,0.0429,0.9135000000000001,0.06955358420240745
2017,5,2017-05,Puring,0.7807223,0.789625,0.157,0.8923500000000001,0.061753572226309304
2017,5,2017-05,Petanahan,0.7805582201086957,0.791075,0.3256,0.88395,0.06050774718822329
2017,5,2017-05,Klirong,0.7586130276564776,0.7752,0.3558,0.8743000000000001,0.06729276096408544
2017,5,2017-05,Buluspesantren,0.7562170481927711,0.78125,0.38930000000000003,0.87595,0.08384708206134843
2017,5,2017-05,Ambal,0.7186058128078818,0.74505,0.2632,0.8661000000000001,0.09181168655934475
2017,5,2017-05,Mirit,0.716640603644647,0.7498750000000001,0.07785,0.86985,0.11318490757578316
2017,5,2017-05,Prembun,0.7681956962025318,0.77835,0.5002,0.9141,0.06354225799495625
2017,5,2017-05,Kutowinangun,0.7513498230088496,0.7701,0.49720000000000003,0.90475,0.07921959213938012
2017,5,2017-05,Alian,0.7742437566702242,0.8027500000000001,0.44035,0.89725,0.0926392937529213
2017,5,2017-05,Kebumen,0.671596784776903,0.67865,0.35850000000000004,0.89675,0.12172990367335283
2017,5,2017-05,Pejagoan,0.7812250859106529,0.825625,0.45355,0.901,0.09298443139784712
2017,5,2017-05,Sruweng,0.8080146900269543,0.8240500000000001,0.44425000000000003,0.92835,0.06014195689883143
2017,5,2017-05,Adimulyo,0.8070490250696379,0.8119000000000001,0.4297,0.8923000000000001,0.05184845819726862
2017,5,2017-05,Kuwarasan,0.7982872013651877,0.8062,0.5956,0.906,0.0497061425189386
2017,5,2017-05,Rowokele,0.7805947397563677,0.7904,0.48805000000000004,0.91845,0.08366093427733808
2017,5,2017-05,Sempor,0.7261133436532509,0.74985,0.12290000000000001,0.9353,0.10790651673048607
2017,5,2017-05,Gombong,0.7116151057401814,0.7332000000000001,0.4067,0.8963000000000001,0.10583553941487026
2017,5,2017-05,Karanganyar,0.7994916504854369,0.81805,0.49275,0.9525,0.07114734511345715
2017,5,2017-05,Karanggayam,0.8123665938864628,0.82215,0.55515,0.9163,0.049845468271204785
2017,5,2017-05,Sadang,0.8142884932920537,0.84065,0.46555,0.9011,0.07053497258293757
2017,5,2017-05,Bonorowo,0.7413094444444445,0.7761750000000001,0.30145,0.8713500000000001,0.1130507740880777
2017,5,2017-05,Padureso,0.8136147935779817,0.824125,0.33795000000000003,0.91285,0.05635935694155539
2017,5,2017-05,Poncowarno,0.7898172527472528,0.7958500000000001,0.59065,0.8844000000000001,0.04604017648417913
2017,5,2017-05,Karangsambung,0.8080147214854111,0.8210000000000001,0.48915000000000003,0.91135,0.06013531765984641
2017,6,2017-06,Ayah,0.6591866310160427,0.67625,0.11510000000000001,0.9592,0.1435051629196701
2017,6,2017-06,Buayan,0.6761508474576272,0.69675,0.3003,0.9076000000000001,0.12126312804655451
2017,6,2017-06,Puring,0.7102345445736435,0.7215,-0.0425,0.8942,0.09476029939822188
2017,6,2017-06,Petanahan,0.7326337801608579,0.745025,0.38605,0.8626,0.07795734654507203
2017,6,2017-06,Klirong,0.7559167872648337,0.7733,0.3524,0.8797,0.06848675641006255
2017,6,2017-06,Buluspesantren,0.7344617647058823,0.74355,0.334,0.882,0.07510749083959035
2017,6,2017-06,Ambal,0.7616055110220441,0.79125,-0.023200000000000002,0.8872,0.09703040522829384
2017,6,2017-06,Mirit,0.7012447701149425,0.7179,0.22460000000000002,0.86475,0.09336439098637928
2017,6,2017-06,Prembun,0.7635832911392406,0.77105,0.5569500000000001,0.9477500000000001,0.05072884331027845
2017,6,2017-06,Kutowinangun,0.7755017699115044,0.7901,0.434,0.87905,0.06830920458104993
2017,6,2017-06,Alian,0.7691837246531483,0.78615,0.43105000000000004,0.9306500000000001,0.08055599528933556
2017,6,2017-06,Kebumen,0.724159842519685,0.7359249999999999,0.3206,0.9575,0.0968227858435471
2017,6,2017-06,Pejagoan,0.7376045532646048,0.75175,0.41190000000000004,0.9283,0.09566946861894528
2017,6,2017-06,Sruweng,0.7545274932614556,0.764775,0.30895,0.9321,0.08716801795746364
2017,6,2017-06,Adimulyo,0.6564936629526462,0.65525,0.44725000000000004,0.8624,0.07634328139228463
2017,6,2017-06,Kuwarasan,0.6176906143344711,0.6235250000000001,0.343,0.7997000000000001,0.092267697909064
2017,6,2017-06,Rowokele,0.6248065337763011,0.6385000000000001,0.1343,0.91035,0.13105198330123796
2017,6,2017-06,Sempor,0.6738728173374613,0.68455,0.16095,0.95065,0.12821499199126277
2017,6,2017-06,Gombong,0.5761516616314201,0.5786,0.33435000000000004,0.86985,0.09816814935914041
2017,6,2017-06,Karanganyar,0.7029015533980584,0.6998500000000001,0.39580000000000004,0.93105,0.09893656002817316
2017,6,2017-06,Karanggayam,0.7421894377729257,0.7604250000000001,0.3156,0.9351,0.1039171502301981
2017,6,2017-06,Sadang,0.7726979360165119,0.7938000000000001,0.25815,0.94035,0.10218807727986094
2017,6,2017-06,Bonorowo,0.7256820833333333,0.746475,0.3805,0.8503000000000001,0.07823265980993807
2017,6,2017-06,Padureso,0.7565075688073395,0.7778750000000001,0.30960000000000004,0.87705,0.0854175194336583
2017,6,2017-06,Poncowarno,0.7624941758241758,0.7933,0.3921,0.9006000000000001,0.0869893956789244
2017,6,2017-06,Karangsambung,0.7545496463306808,0.772,0.32035,0.9407500000000001,0.09742725223577166
2017,7,2017-07,Ayah,0.7732440076335878,0.797975,0.2503,0.9497000000000001,0.09192140957643669
2017,7,2017-07,Buayan,0.7232808586762075,0.73,0.3578,0.9028,0.10920598846334989
2017,7,2017-07,Puring,0.6243989825581396,0.6316,0.03515,0.9179,0.12051796537098727
2017,7,2017-07,Petanahan,0.6200056970509384,0.6158250000000001,0.3478,0.8676,0.11027177934276879
2017,7,2017-07,Klirong,0.6505506484149857,0.6526000000000001,0.35335,0.84165,0.08455182982533843
2017,7,2017-07,Buluspesantren,0.5987415859564165,0.5958,0.2016,0.8447,0.11190968604971709
2017,7,2017-07,Ambal,0.5767230237154151,0.575625,-0.024800000000000003,0.8159500000000001,0.1143052113745427
2017,7,2017-07,Mirit,0.5912289651293589,0.5856,0.1637,0.8853000000000001,0.10278715868533912
2017,7,2017-07,Prembun,0.5950584810126582,0.5931500000000001,0.36835,0.7812,0.09894727030843321
2017,7,2017-07,Kutowinangun,0.6409192920353983,0.6494,0.36195,0.81025,0.09058953650059477
2017,7,2017-07,Alian,0.7382784418356457,0.7509,0.45795,0.8362,0.06501161163442508
2017,7,2017-07,Kebumen,0.5815935695538058,0.573725,0.3069,0.8259000000000001,0.09301058235371915
2017,7,2017-07,Pejagoan,0.7062350515463919,0.7391500000000001,0.3548,0.8513000000000001,0.10855066053218326
2017,7,2017-07,Sruweng,0.6920739892183289,0.73045,0.34215,0.867,0.11594293964428526
2017,7,2017-07,Adimulyo,0.6342896935933148,0.644925,0.33175,0.8381500000000001,0.08632514637441108
2017,7,2017-07,Kuwarasan,0.5924639931740614,0.6074,0.3165,0.7544000000000001,0.08003842075756581
2017,7,2017-07,Rowokele,0.749025138427464,0.76425,0.4424,0.9475,0.09964951706191544
2017,7,2017-07,Sempor,0.7315336532507739,0.7534500000000001,0.1582,0.9387500000000001,0.09802969382846545
2017,7,2017-07,Gombong,0.6068397280966767,0.6131,0.36295,0.8415,0.07681864958914263
2017,7,2017-07,Karanganyar,0.7297874757281554,0.76025,0.45195,0.8562000000000001,0.09723083944541012
2017,7,2017-07,Karanggayam,0.767375,0.7775500000000001,0.4847,0.8941,0.056163072521591105
2017,7,2017-07,Sadang,0.7953092363261095,0.82315,0.396,0.92405,0.07890383462486883
2017,7,2017-07,Bonorowo,0.5759169444444445,0.579725,0.33840000000000003,0.73975,0.08218171780063727
2017,7,2017-07,Padureso,0.7823271788990825,0.7945500000000001,0.4595,0.8560000000000001,0.05216408448062652
2017,7,2017-07,Poncowarno,0.7279592307692309,0.72835,0.55655,0.83865,0.05793017559496285
2017,7,2017-07,Karangsambung,0.7572257736516358,0.7707,0.45285000000000003,0.9134,0.07790925691580214
2017,8,2017-08,Ayah,0.6782906722054381,0.691825,0.012700000000000001,0.94535,0.13401387885610472
2017,8,2017-08,Buayan,0.6658435035842295,0.683325,0.25395,0.9149,0.13574582756085027
2017,8,2017-08,Puring,0.6448006128702758,0.65435,0.221,0.91515,0.09854003798165611
2017,8,2017-08,Petanahan,0.659824602122016,0.6759000000000001,0.18705000000000002,0.9225000000000001,0.09942223569089251
2017,8,2017-08,Klirong,0.6443650284900285,0.6628000000000001,0.009600000000000001,0.9216000000000001,0.1075706236174869
2017,8,2017-08,Buluspesantren,0.6366335766423357,0.6638250000000001,0.07590000000000001,0.86555,0.11310970835086334
2017,8,2017-08,Ambal,0.563703062248996,0.5640750000000001,0.0907,0.8378,0.1257030078913463
2017,8,2017-08,Mirit,0.5752342989571263,0.57755,0.13870000000000002,0.8237500000000001,0.10036179127552047
2017,8,2017-08,Prembun,0.6127055696202532,0.631,0.221,0.80615,0.10971210326071924
2017,8,2017-08,Kutowinangun,0.5523925663716814,0.5611,0.18405000000000002,0.83935,0.12268629975788248
2017,8,2017-08,Alian,0.6373571504802561,0.6601,0.14145000000000002,0.8995500000000001,0.12379422846036868
2017,8,2017-08,Kebumen,0.4783477034120735,0.47830000000000006,0.0901,0.9008,0.12855219097741252
2017,8,2017-08,Pejagoan,0.566910910652921,0.5750250000000001,0.165,0.8734000000000001,0.15026468599123205
2017,8,2017-08,Sruweng,0.5980861185983828,0.5992250000000001,0.19840000000000002,0.8803500000000001,0.12629542726803739
2017,8,2017-08,Adimulyo,0.5871716573816156,0.59935,0.30165000000000003,0.94545,0.09249884623030886
2017,8,2017-08,Kuwarasan,0.6238139931740615,0.641725,0.1792,0.86695,0.12521554573186303
2017,8,2017-08,Rowokele,0.5639125138427465,0.5663,0.09670000000000001,0.9039,0.14052189193721437
2017,8,2017-08,Sempor,0.5409925696594428,0.5484,0.09730000000000001,0.8919,0.13795093379040438
2017,8,2017-08,Gombong,0.585885498489426,0.60075,0.2063,0.8467,0.12818610273630016
2017,8,2017-08,Karanganyar,0.6139992233009709,0.6229,0.26815,0.88775,0.12880498814203792
2017,8,2017-08,Karanggayam,0.595531713973799,0.6083750000000001,0.0926,0.9122,0.13836879661565965
2017,8,2017-08,Sadang,0.6961631578947368,0.7192000000000001,0.19825,0.9107500000000001,0.1283922619173954
2017,8,2017-08,Bonorowo,0.6256340277777778,0.6353,0.4197,0.7633000000000001,0.061933277957001674
2017,8,2017-08,Padureso,0.7149316513761469,0.7259500000000001,0.39685000000000004,0.8679,0.06752984012881576
2017,8,2017-08,Poncowarno,0.6682498901098902,0.6726000000000001,0.34340000000000004,0.9023,0.09204161537873173
2017,8,2017-08,Karangsambung,0.6657670645446508,0.6878500000000001,0.23170000000000002,0.9116000000000001,0.1155749066627017
2017,9,2017-09,Ayah,0.5887562595419847,0.591075,0.09255000000000001,0.93855,0.13691670435079786
2017,9,2017-09,Buayan,0.5809903312444047,0.58465,0.0935,0.8937,0.12323393817804286
2017,9,2017-09,Puring,0.6313221287128713,0.642075,0.31835,0.8838,0.1003066935958017
2017,9,2017-09,Petanahan,0.6182408967391304,0.620375,0.09390000000000001,0.84545,0.10744795367996116
2017,9,2017-09,Klirong,0.6446111764705883,0.6620250000000001,0.1075,0.8208500000000001,0.10069791676724486
2017,9,2017-09,Buluspesantren,0.6263821739130435,0.6452,0.23390000000000002,0.8117500000000001,0.0929264491208277
2017,9,2017-09,Ambal,0.5937092065106816,0.59355,0.0102,0.8532500000000001,0.10639246446336834
2017,9,2017-09,Mirit,0.5888279612756264,0.5894250000000001,0.0811,0.8329000000000001,0.09607005455783635
2017,9,2017-09,Prembun,0.5624325316455696,0.5709000000000001,0.33935000000000004,0.79115,0.0943987795521348
2017,9,2017-09,Kutowinangun,0.5110804424778762,0.516,0.2122,0.7484000000000001,0.0961931688225458
2017,9,2017-09,Alian,0.5835241728922091,0.5917,0.3098,0.83775,0.10752187985612549
2017,9,2017-09,Kebumen,0.5118742125984252,0.5128,0.2107,0.7998500000000001,0.1142543193172482
2017,9,2017-09,Pejagoan,0.5290118556701031,0.51295,0.10160000000000001,0.8509500000000001,0.10797088754399303
2017,9,2017-09,Sruweng,0.5227081536388141,0.5289,0.07235,0.83445,0.09459307096375374
2017,9,2017-09,Adimulyo,0.5881761838440112,0.589875,0.32180000000000003,0.77285,0.08590331691839263
2017,9,2017-09,Kuwarasan,0.6210512798634813,0.6538250000000001,0.2732,0.8714500000000001,0.10814327753182076
2017,9,2017-09,Rowokele,0.47892253599114065,0.458,0.0959,0.84165,0.15883649098396155
2017,9,2017-09,Sempor,0.48536578947368425,0.4767,0.12660000000000002,0.9331,0.13184964970905877
2017,9,2017-09,Gombong,0.4733805135951662,0.4746,0.26105,0.7310500000000001,0.09738022601829226
2017,9,2017-09,Karanganyar,0.501888932038835,0.48895,0.2074,0.8450500000000001,0.11648069648744064
2017,9,2017-09,Karanggayam,0.5034278111353712,0.50815,0.07405,0.8558,0.13420254821273642
2017,9,2017-09,Sadang,0.5396698658410733,0.548,0.10725000000000001,0.8994500000000001,0.14475301672669344
2017,9,2017-09,Bonorowo,0.6473944444444445,0.656825,0.38070000000000004,0.8280500000000001,0.08304645719396546
2017,9,2017-09,Padureso,0.5915280963302753,0.598175,0.32225000000000004,0.87275,0.11393281340736446
2017,9,2017-09,Poncowarno,0.5097934065934067,0.5144500000000001,0.16615000000000002,0.8307,0.11004366636012061
2017,9,2017-09,Karangsambung,0.5661346595932802,0.5665,0.13185,0.9316000000000001,0.12341599048600933
2017,10,2017-10,Ayah,0.49544339327599685,0.5251,0.0263,0.9527,0.16951091016311068
2017,10,2017-10,Buayan,0.587123492349235,0.614,0.0791,0.9936,0.16757220531330388
2017,10,2017-10,Puring,0.4472375,0.49620000000000003,0.028,0.7688,0.18816671147047878
2017,10,2017-10,Petanahan,0.3870886235955056,0.38245,-0.036000000000000004,0.9508000000000001,0.17341893427952104
2017,10,2017-10,Klirong,0.48848484848484847,0.5045000000000001,0.0702,0.9045000000000001,0.17505506720040517
2017,10,2017-10,Buluspesantren,0.5066181927710843,0.5251,0.050100000000000006,0.9941000000000001,0.17712370122739918
2017,10,2017-10,Ambal,0.5459582554517135,0.5655,0.0524,0.8909,0.16466023585847622
2017,10,2017-10,Mirit,0.5568546728971964,0.58135,0.0017000000000000001,0.8312,0.1531293827955964
2017,10,2017-10,Prembun,0.41787063291139237,0.40850000000000003,0.0415,0.9194,0.17411850627139466
2017,10,2017-10,Kutowinangun,0.4079152212389381,0.3885,0.056,0.9293,0.18438407456761172
2017,10,2017-10,Alian,0.5653708644610458,0.5755,0.1211,0.9510000000000001,0.1481933581968517
2017,10,2017-10,Kebumen,0.39751469816272966,0.3804,0.0388,0.9818,0.16364629370308595
2017,10,2017-10,Pejagoan,0.45603367697594505,0.46840000000000004,0.0553,0.8531000000000001,0.1671534459758462
2017,10,2017-10,Sruweng,0.3648714285714286,0.3589,0.0441,0.9525,0.17337731789041966
2017,10,2017-10,Adimulyo,0.36308161559888585,0.34290000000000004,-0.0558,0.899,0.18462206105455142
2017,10,2017-10,Kuwarasan,0.5503215017064846,0.5677,0.108,0.7864,0.09924239423818396
2017,10,2017-10,Rowokele,0.4683066445182724,0.502,0.06420000000000001,0.9403,0.17046467221721573
2017,10,2017-10,Sempor,0.5092665634674922,0.544,0.0545,0.9731000000000001,0.1665643175254243
2017,10,2017-10,Gombong,0.5121818731117825,0.5268,0.2026,0.8881,0.1265602548212469
2017,10,2017-10,Karanganyar,0.5744442718446602,0.5945,0.0302,0.9066000000000001,0.20717261669430384
2017,10,2017-10,Karanggayam,0.5084585698689956,0.53115,0.049,0.9926,0.17641241367120317
2017,10,2017-10,Sadang,0.6298202270381837,0.6718000000000001,0.0898,0.999,0.20690937727937903
2017,10,2017-10,Bonorowo,0.46001277777777777,0.44965,0.077,0.9859,0.16915935765180962
2017,10,2017-10,Padureso,0.6483885321100917,0.6739,0.0829,0.9858,0.14459732621740087
2017,10,2017-10,Poncowarno,0.5683408791208792,0.5806,0.0879,0.9666,0.15303132078788412
2017,10,2017-10,Karangsambung,0.5216671087533157,0.5528000000000001,0.0539,0.9956,0.1827134394393704
2017,11,2017-11,Ayah,0.41396218487394965,0.4299,0.029,0.8236,0.15995338367453013
2017,11,2017-11,Buayan,0.4790534436493739,0.495325,0.07975,0.7809,0.14294810842839983
2017,11,2017-11,Puring,0.4108668615984406,0.41752500000000003,0.00395,0.8676,0.18219749916516767
2017,11,2017-11,Petanahan,0.32695502063273735,0.2858,0.0024000000000000002,0.7942,0.1729887782661565
2017,11,2017-11,Klirong,0.3578089001447178,0.33785000000000004,0.0644,0.75375,0.1404611057905005
2017,11,2017-11,Buluspesantren,0.34693849449204406,0.35285,0.0419,0.7554500000000001,0.12637207827967728
2017,11,2017-11,Ambal,0.3078591806515301,0.28755000000000003,0.048100000000000004,0.7533000000000001,0.13612338417868036
2017,11,2017-11,Mirit,0.3127592718998862,0.2883,0.0032,0.7262500000000001,0.1309374456676476
2017,11,2017-11,Prembun,0.435709746835443,0.4354,0.026850000000000002,0.74,0.1472226676614496
2017,11,2017-11,Kutowinangun,0.4781778761061947,0.4787,0.14815,0.8424,0.1564609366750167
2017,11,2017-11,Alian,0.5161569903948773,0.5161,0.1287,0.9382,0.15481906726156366
2017,11,2017-11,Kebumen,0.42835695538057744,0.41735,0.12245,0.86645,0.13302441950716598
2017,11,2017-11,Pejagoan,0.448528264604811,0.44895000000000007,0.13145,0.8606,0.12569743196661637
2017,11,2017-11,Sruweng,0.45057223719676553,0.45767500000000005,0.13190000000000002,0.85875,0.1524616167642519
2017,11,2017-11,Adimulyo,0.3510279944289693,0.34320000000000006,0.016900000000000002,0.7301500000000001,0.15396790282624837
2017,11,2017-11,Kuwarasan,0.34082098976109215,0.329925,0.1027,0.69855,0.1344897980501363
2017,11,2017-11,Rowokele,0.34171788482835,0.3377,0.11080000000000001,0.742,0.10949479019276542
2017,11,2017-11,Sempor,0.4223466563467493,0.4176,0.11575,0.7453500000000001,0.12235745461921921
2017,11,2017-11,Gombong,0.3372460725075529,0.30735,0.10300000000000001,0.8337,0.14290605294902334
2017,11,2017-11,Karanganyar,0.5178189320388349,0.5178,0.0752,0.8847,0.17720630381691194
2017,11,2017-11,Karanggayam,0.41733346069869,0.40605,0.09230000000000001,0.7996500000000001,0.10973649465018875
2017,11,2017-11,Sadang,0.49522435500516004,0.51305,0.0687,0.7245,0.1111160435508208
2017,11,2017-11,Bonorowo,0.37840402777777776,0.380525,0.1637,0.64825,0.10657253817705212
2017,11,2017-11,Padureso,0.5128675458715597,0.5253,0.14145000000000002,0.8431500000000001,0.15554499635326394
2017,11,2017-11,Poncowarno,0.5738905494505495,0.58365,0.2597,0.8561500000000001,0.12235475456896708
2017,11,2017-11,Karangsambung,0.47802272325375783,0.47900000000000004,0.0548,0.8781500000000001,0.12439094139297228
2017,12,2017-12,Ayah,0.7175509976976209,0.7445,0.1236,0.9786,0.12398325724273432
2017,12,2017-12,Buayan,0.7153446636771301,0.73795,0.18530000000000002,0.9849,0.13108113687566886
2017,12,2017-12,Puring,0.6009424390243903,0.62275,-0.0182,0.91825,0.16361692927466484
2017,12,2017-12,Petanahan,0.675772801082544,0.70935,0.17235,0.9255500000000001,0.12994694508247434
2017,12,2017-12,Klirong,0.6679038626609443,0.70365,0.21695,0.88995,0.12863125236035097
2017,12,2017-12,Buluspesantren,0.6269172101449275,0.6399250000000001,0.19260000000000002,0.89275,0.14368906936891754
2017,12,2017-12,Ambal,0.6236591135458168,0.6274250000000001,0.031,0.9043,0.14614224430952114
2017,12,2017-12,Mirit,0.5679029478458051,0.5865,0.0477,0.8712500000000001,0.13600457532543087
2017,12,2017-12,Prembun,0.5653849367088607,0.5728,-0.00755,0.86185,0.17731039384866346
2017,12,2017-12,Kutowinangun,0.633705575221239,0.6464000000000001,0.2136,0.89165,0.14381374265038652
2017,12,2017-12,Alian,0.6193813233724653,0.6437,0.19395,0.9541000000000001,0.1410264213312887
2017,12,2017-12,Kebumen,0.49737893700787406,0.488425,0.12505,0.9161,0.13991886226537312
2017,12,2017-12,Pejagoan,0.6343471649484537,0.636725,0.18180000000000002,0.9152,0.13898913714891142
2017,12,2017-12,Sruweng,0.745267924528302,0.773425,0.24995,0.9506,0.1364487499268823
2017,12,2017-12,Adimulyo,0.6414128830083566,0.657025,0.22705,0.9538500000000001,0.14128977184706734
2017,12,2017-12,Kuwarasan,0.6003066552901024,0.6136250000000001,0.1328,0.9162,0.16030616666787362
2017,12,2017-12,Rowokele,0.7088565337763012,0.74505,0.14485,0.9602,0.14815482192128587
2017,12,2017-12,Sempor,0.6448791021671827,0.65235,0.2121,0.92445,0.12795761535148456
2017,12,2017-12,Gombong,0.6461238670694864,0.66955,0.2983,0.9515,0.11809435639963733
2017,12,2017-12,Karanganyar,0.7698308737864078,0.7948000000000001,0.28975,0.92825,0.10347441341353589
2017,12,2017-12,Karanggayam,0.6283938045851529,0.63865,0.06465,0.9741500000000001,0.15586089472846576
2017,12,2017-12,Sadang,0.7762617647058824,0.8036500000000001,0.3678,0.9447500000000001,0.11104012702618864
2017,12,2017-12,Bonorowo,0.4855370833333334,0.511575,0.1061,0.78135,0.1390452582438688
2017,12,2017-12,Padureso,0.7022495412844036,0.729925,0.3906,0.92525,0.11691230015994324
2017,12,2017-12,Poncowarno,0.6472518681318681,0.67625,0.28340000000000004,0.8806,0.12493571820469626
2017,12,2017-12,Karangsambung,0.7099645446507515,0.7376,0.18265,0.90785,0.13399863953160973
2018,1,2018-01,Ayah,0.7572263803680982,0.7850250000000001,-0.036000000000000004,0.9786,0.1307204108283923
2018,1,2018-01,Buayan,0.7794483393177738,0.8020750000000001,0.28185,0.96245,0.09120914168226933
2018,1,2018-01,Puring,0.7622301269531251,0.79005,0.01905,0.94335,0.10759535019179055
2018,1,2018-01,Petanahan,0.7654633952254642,0.787175,0.2591,0.9163,0.08869405869255498
2018,1,2018-01,Klirong,0.7452635251798561,0.7776000000000001,0.3074,0.8875000000000001,0.10729057936923474
2018,1,2018-01,Buluspesantren,0.783646411192214,0.80815,0.3573,0.8994000000000001,0.08381174933829261
2018,1,2018-01,Ambal,0.7704785144566301,0.7957500000000001,0.20350000000000001,0.9194,0.0939412075877111
2018,1,2018-01,Mirit,0.7089994821634064,0.73085,0.0683,0.91085,0.1161672386879402
2018,1,2018-01,Prembun,0.6889524050632913,0.6920000000000001,0.38585,0.8868,0.09331313738236284
2018,1,2018-01,Kutowinangun,0.7720644247787611,0.7813,0.41960000000000003,0.93015,0.08226002921814461
2018,1,2018-01,Alian,0.7707983991462114,0.7926000000000001,0.4197,0.91735,0.0773524625375148
2018,1,2018-01,Kebumen,0.7136603674540682,0.739375,0.32685000000000003,0.9007000000000001,0.11316667856136092
2018,1,2018-01,Pejagoan,0.7421506013745705,0.74155,0.37070000000000003,0.94625,0.11011837509309473
2018,1,2018-01,Sruweng,0.7551739892183289,0.757125,0.36945,0.9333,0.07488498555774523
2018,1,2018-01,Adimulyo,0.7772307103064069,0.8090250000000001,0.18255000000000002,0.89375,0.08957904595388366
2018,1,2018-01,Kuwarasan,0.8257508532423209,0.83015,0.6617000000000001,0.9056000000000001,0.042346396173659824
2018,1,2018-01,Rowokele,0.7569904761904762,0.7929,0.21450000000000002,0.9077500000000001,0.11341477375533927
2018,1,2018-01,Sempor,0.7764391021671826,0.8044,0.30875,0.9101,0.08213625372120942
2018,1,2018-01,Gombong,0.7580885196374623,0.7777000000000001,0.44605,0.8901,0.09039349964221341
2018,1,2018-01,Karanganyar,0.755017572815534,0.7615500000000001,0.43485,0.9398000000000001,0.08301996032614915
2018,1,2018-01,Karanggayam,0.7989549672489084,0.8134250000000001,0.39030000000000004,0.9013500000000001,0.06338564293034543
2018,1,2018-01,Sadang,0.740522600619195,0.74995,0.36710000000000004,0.902,0.09027164720445514
2018,1,2018-01,Bonorowo,0.6735052777777777,0.69015,0.11665,0.9265500000000001,0.12457397913569519
2018,1,2018-01,Padureso,0.6846990825688074,0.69965,0.34005,0.9036000000000001,0.10071913725429772
2018,1,2018-01,Poncowarno,0.7705217582417583,0.79815,0.4884,0.9133,0.08070435612782924
2018,1,2018-01,Karangsambung,0.7706127320954909,0.7852,0.50055,0.89875,0.07106158573366518
2018,2,2018-02,Ayah,0.7695305214723925,0.7875000000000001,0.317,0.9338000000000001,0.09601965098052231
2018,2,2018-02,Buayan,0.7367285778175313,0.7569750000000001,0.2906,0.934,0.11208644693786354
2018,2,2018-02,Puring,0.6139003917727719,0.6313000000000001,0.1383,0.8487,0.11179120060039634
2018,2,2018-02,Petanahan,0.6034241712707182,0.6144750000000001,0.10550000000000001,0.8744500000000001,0.10357360073561618
2018,2,2018-02,Klirong,0.6388342632331904,0.65325,0.2571,0.88265,0.08373263829946356
2018,2,2018-02,Buluspesantren,0.6714492771084337,0.692175,0.3667,0.8882,0.09996586986582794
2018,2,2018-02,Ambal,0.7113678325123153,0.7271500000000001,0.098,0.9052,0.09008789464084085
2018,2,2018-02,Mirit,0.7101416856492028,0.7351750000000001,0.1496,0.9052,0.0982071051128832
2018,2,2018-02,Prembun,0.7308318987341773,0.748,0.40915,0.8384,0.07345901885286238
2018,2,2018-02,Kutowinangun,0.7426198230088497,0.75515,0.38855,0.9129,0.06983999694601943
2018,2,2018-02,Alian,0.7888399146211313,0.802,0.43395,0.9357000000000001,0.07813906921559524
2018,2,2018-02,Kebumen,0.6651578083989501,0.684075,0.30985,0.9254,0.10907472369496928
2018,2,2018-02,Pejagoan,0.7261595360824743,0.74085,0.41685,0.9271,0.11045329387634982
2018,2,2018-02,Sruweng,0.7219202156334232,0.751525,0.4495,0.9118,0.10946768238255011
2018,2,2018-02,Adimulyo,0.595816295264624,0.6005,0.3549,0.75705,0.06588445115792334
2018,2,2018-02,Kuwarasan,0.6473221843003414,0.6518,0.31075,0.86375,0.07213331060837562
2018,2,2018-02,Rowokele,0.7142073643410852,0.7183,0.41685,0.9208000000000001,0.09630620082479525
2018,2,2018-02,Sempor,0.7068106191950465,0.7199,0.1562,0.91135,0.10976412566029732
2018,2,2018-02,Gombong,0.6487468277945619,0.6462,0.41700000000000004,0.88385,0.07024821828855568
2018,2,2018-02,Karanganyar,0.7305087378640777,0.7431,0.37870000000000004,0.9109,0.10761515025509388
2018,2,2018-02,Karanggayam,0.7664226255458516,0.7896500000000001,0.2952,0.9700500000000001,0.09270941425274383
2018,2,2018-02,Sadang,0.809553302373581,0.8268000000000001,0.39375000000000004,0.9599500000000001,0.08371015244722267
2018,2,2018-02,Bonorowo,0.7270016666666667,0.742,0.45030000000000003,0.8369500000000001,0.06425593366461273
2018,2,2018-02,Padureso,0.8110360091743121,0.826425,0.28445000000000004,0.9386,0.07801043184263977
2018,2,2018-02,Poncowarno,0.8253196703296705,0.8209000000000001,0.6087,0.9538500000000001,0.050441811246914395
2018,2,2018-02,Karangsambung,0.8030333333333334,0.82425,0.42060000000000003,0.9542,0.08506095273002658
2018,3,2018-03,Ayah,0.7128998849693252,0.7456750000000001,0.1111,0.99085,0.1439808176834666
2018,3,2018-03,Buayan,0.7133251119068935,0.7679,0.057,0.9523,0.16133770718364554
2018,3,2018-03,Puring,0.6037982843137255,0.6227,-0.0281,0.93915,0.17541987886630236
2018,3,2018-03,Petanahan,0.5578367667121419,0.57375,0.09475,0.8875000000000001,0.18565451075154935
2018,3,2018-03,Klirong,0.6173167149059335,0.6334000000000001,0.07740000000000001,0.8674000000000001,0.1331307441403868
2018,3,2018-03,Buluspesantren,0.5828978606356969,0.5831000000000001,0.12340000000000001,0.8530500000000001,0.132630057191447
2018,3,2018-03,Ambal,0.5594193725099602,0.55105,0.2921,0.86995,0.12032002173447255
2018,3,2018-03,Mirit,0.5850406462585034,0.5895,0.1126,0.83625,0.1050806128318624
2018,3,2018-03,Prembun,0.6270389873417721,0.6191,0.2328,0.85885,0.12040699572378545
2018,3,2018-03,Kutowinangun,0.6489153097345133,0.66925,0.3442,0.88985,0.1313730122746206
2018,3,2018-03,Alian,0.7607578975453575,0.7947000000000001,0.39805,0.9036500000000001,0.0998441984349014
2018,3,2018-03,Kebumen,0.5606427165354331,0.559475,0.22145,0.8975500000000001,0.11795707665019205
2018,3,2018-03,Pejagoan,0.7155222508591065,0.74975,0.26880000000000004,0.9169,0.1373454871262142
2018,3,2018-03,Sruweng,0.6718716307277629,0.7358,0.20525000000000002,0.9007000000000001,0.18051802911253012
2018,3,2018-03,Adimulyo,0.4633839136490251,0.4657,0.0724,0.7362000000000001,0.13989293686140278
2018,3,2018-03,Kuwarasan,0.4741005119453925,0.4798,0.0088,0.7998500000000001,0.1576047528553781
2018,3,2018-03,Rowokele,0.7257966777408638,0.7668,0.24020000000000002,0.9720500000000001,0.14737928866946998
2018,3,2018-03,Sempor,0.7335413003095975,0.7682,0.048650000000000006,0.9156000000000001,0.12826132828928644
2018,3,2018-03,Gombong,0.4609549848942598,0.44830000000000003,0.23875000000000002,0.8648,0.11660444003499998
2018,3,2018-03,Karanganyar,0.681394563106796,0.7471,0.17765,0.91125,0.18147987491610856
2018,3,2018-03,Karanggayam,0.8076590065502184,0.8291250000000001,0.43420000000000003,0.94015,0.07253352730039751
2018,3,2018-03,Sadang,0.8297834881320949,0.85155,0.49715000000000004,0.91805,0.06307273407834613
2018,3,2018-03,Bonorowo,0.6026363888888888,0.60375,0.32630000000000003,0.7979,0.08841032648184569
2018,3,2018-03,Padureso,0.777975,0.7999,0.4072,0.91215,0.08546593777345109
2018,3,2018-03,Poncowarno,0.7322528571428573,0.747,0.38535,0.8761500000000001,0.08324105926693083
2018,3,2018-03,Karangsambung,0.7966188328912466,0.81555,0.47685,0.9104500000000001,0.0720315927706844
2018,4,2018-04,Ayah,0.7274083972392638,0.74195,0.041100000000000005,0.9850000000000001,0.12947656146865774
2018,4,2018-04,Buayan,0.7579813839285715,0.7745500000000001,0.3405,0.993,0.10054380541564828
2018,4,2018-04,Puring,0.6347647670961347,0.6615,0.16935,0.9209,0.14757289190143594
2018,4,2018-04,Petanahan,0.5795945872801084,0.59275,0.19895000000000002,0.8998,0.16192997807339013
2018,4,2018-04,Klirong,0.6192567954220315,0.634,0.1077,0.8996500000000001,0.15099094253795609
2018,4,2018-04,Buluspesantren,0.5955076738609113,0.6162500000000001,0.20320000000000002,0.83875,0.1692809410520333
2018,4,2018-04,Ambal,0.5534023856858847,0.5760000000000001,-0.014100000000000001,0.8886000000000001,0.18568071610770123
2018,4,2018-04,Mirit,0.5824701704545455,0.5981000000000001,0.14750000000000002,0.8431000000000001,0.13074139744199076
2018,4,2018-04,Prembun,0.5931997468354431,0.6009,0.2109,0.83655,0.1597035072098474
2018,4,2018-04,Kutowinangun,0.6288552212389381,0.6807500000000001,0.22265000000000001,0.8558,0.16824446970935752
2018,4,2018-04,Alian,0.7371699039487727,0.7806500000000001,0.273,0.88995,0.13170874043360842
2018,4,2018-04,Kebumen,0.5139755249343833,0.487225,0.24145,0.87875,0.14065448025685318
2018,4,2018-04,Pejagoan,0.7197127147766322,0.788025,0.29510000000000003,0.8919,0.1453239954768603
2018,4,2018-04,Sruweng,0.6816661051212938,0.739325,0.2918,0.8962,0.16185728491684281
2018,4,2018-04,Adimulyo,0.5835362813370474,0.6146,0.2586,0.7675500000000001,0.12014386224695144
2018,4,2018-04,Kuwarasan,0.6394686860068259,0.64505,0.3612,0.8519,0.07126911973735121
2018,4,2018-04,Rowokele,0.7538198781838318,0.7696500000000001,0.41095000000000004,0.90785,0.08939027641709897
2018,4,2018-04,Sempor,0.7586321362229103,0.78285,0.185,0.90985,0.1010879885167943
2018,4,2018-04,Gombong,0.6025380664652569,0.60155,0.37735,0.8522000000000001,0.08892356073428041
2018,4,2018-04,Karanganyar,0.7249899029126213,0.7703,0.33255,0.8925500000000001,0.130187708825053
2018,4,2018-04,Karanggayam,0.7782663482532751,0.8087500000000001,0.43005000000000004,0.922,0.08618194309701407
2018,4,2018-04,Sadang,0.7755655314757482,0.79715,0.44260000000000005,0.9194,0.08806010216402538
2018,4,2018-04,Bonorowo,0.539936388888889,0.552325,0.19045,0.7786500000000001,0.13321941704806603
2018,4,2018-04,Padureso,0.7978619266055047,0.81165,0.40095000000000003,0.91095,0.060944285599271925
2018,4,2018-04,Poncowarno,0.733642967032967,0.7464000000000001,0.3922,0.8852000000000001,0.08808186885430536
2018,4,2018-04,Karangsambung,0.7608554818744474,0.7776500000000001,0.41275,0.9154,0.08749642337523987
2018,5,2018-05,Ayah,0.8079161229135053,0.8486,0.0131,0.9419000000000001,0.09004406995076915
2018,5,2018-05,Buayan,0.8081488403211419,0.8162,0.1279,0.9285,0.06962060821878298
2018,5,2018-05,Puring,0.7560809037900874,0.7616,-0.013800000000000002,0.9033,0.07067120372002719
2018,5,2018-05,Petanahan,0.7483015191545574,0.76,0.0614,0.8629,0.07095714114493562
2018,5,2018-05,Klirong,0.7204973950795949,0.7314,0.35805000000000003,0.85065,0.06454522170110263
2018,5,2018-05,Buluspesantren,0.7039899759903963,0.7135,0.4158,0.8369500000000001,0.07519576131383504
2018,5,2018-05,Ambal,0.6404366035856575,0.6534500000000001,0.1438,0.8359500000000001,0.1079754969451681
2018,5,2018-05,Mirit,0.647614672036824,0.6621,0.0194,0.8346,0.10698428121656045
2018,5,2018-05,Prembun,0.6666488607594937,0.6795,0.38835000000000003,0.8159500000000001,0.08187403093618945
2018,5,2018-05,Kutowinangun,0.6629744247787611,0.6925,0.29755000000000004,0.8329500000000001,0.11332266379279081
2018,5,2018-05,Alian,0.7301211312700107,0.7565000000000001,0.32815,0.8611000000000001,0.10169126039312539
2018,5,2018-05,Kebumen,0.588684842519685,0.58525,0.2903,0.8613000000000001,0.12054775919644842
2018,5,2018-05,Pejagoan,0.7449423539518901,0.7823,0.46035000000000004,0.8723000000000001,0.10097025363627152
2018,5,2018-05,Sruweng,0.757741307277628,0.7729,0.4299,0.8895000000000001,0.06982415554339078
2018,5,2018-05,Adimulyo,0.7640844707520892,0.7723,0.5195500000000001,0.86345,0.05054763768934586
2018,5,2018-05,Kuwarasan,0.7852633959044368,0.79505,0.51185,0.9203,0.049286252009081044
2018,5,2018-05,Rowokele,0.8191837763012183,0.83445,0.5115500000000001,0.9159,0.059813430907855354
2018,5,2018-05,Sempor,0.7893841795665636,0.8107500000000001,0.19075,0.9218000000000001,0.07276149741916964
2018,5,2018-05,Gombong,0.7041211480362538,0.7402500000000001,0.36445,0.86555,0.11345673905657923
2018,5,2018-05,Karanganyar,0.7719246601941747,0.7887500000000001,0.43175,0.8846,0.07140169107914883
2018,5,2018-05,Karanggayam,0.7868237991266377,0.803725,0.49795,0.8842000000000001,0.06557086659937353
2018,5,2018-05,Sadang,0.8026222394220847,0.8364,0.3793,0.9126000000000001,0.08950996282557931
2018,5,2018-05,Bonorowo,0.6160618055555556,0.639,0.1897,0.76795,0.09311624757268598
2018,5,2018-05,Padureso,0.7815028669724771,0.787925,0.36075,0.8874500000000001,0.050752824161404565
2018,5,2018-05,Poncowarno,0.7470809890109892,0.7467,0.55525,0.8792500000000001,0.0558083516743173
2018,5,2018-05,Karangsambung,0.7778503536693193,0.7957500000000001,0.4375,0.8973000000000001,0.07447153067713659
2018,6,2018-06,Ayah,0.7564553816793894,0.788975,0.0349,0.9424,0.11508867749125622
2018,6,2018-06,Buayan,0.6718714030384272,0.6944,0.17685,0.92245,0.13921685407112008
2018,6,2018-06,Puring,0.6697481517509727,0.68815,0.1207,0.8553000000000001,0.09750282466969053
2018,6,2018-06,Petanahan,0.722805472972973,0.7301000000000001,0.2906,0.8956500000000001,0.06872766207456614
2018,6,2018-06,Klirong,0.7133708879184861,0.7296,0.39205,0.8650500000000001,0.08069345824435122
2018,6,2018-06,Buluspesantren,0.7272232833957554,0.74365,0.33280000000000004,0.8632500000000001,0.08606321308069796
2018,6,2018-06,Ambal,0.743816163141994,0.7703500000000001,0.27355,0.888,0.09683177950828312
2018,6,2018-06,Mirit,0.7100248561565017,0.73085,0.24075000000000002,0.9027000000000001,0.1104439572909239
2018,6,2018-06,Prembun,0.7418969620253165,0.75075,0.4252,0.8694000000000001,0.07527950233485453
2018,6,2018-06,Kutowinangun,0.7404813274336284,0.7522000000000001,0.42535,0.87275,0.07740701347685533
2018,6,2018-06,Alian,0.7431635005336179,0.75485,0.42265,0.9095500000000001,0.0728653660573423
2018,6,2018-06,Kebumen,0.6740336614173228,0.6929750000000001,0.2515,0.8754500000000001,0.1163780754085864
2018,6,2018-06,Pejagoan,0.729464089347079,0.7534750000000001,0.38395,0.9037000000000001,0.10028985238902265
2018,6,2018-06,Sruweng,0.7258671159029649,0.7436750000000001,0.40640000000000004,0.8789,0.07943974858868152
2018,6,2018-06,Adimulyo,0.6722424094707522,0.677775,0.43635,0.8764000000000001,0.07335570539576922
2018,6,2018-06,Kuwarasan,0.6212976962457338,0.631,0.2993,0.82935,0.07886339627480211
2018,6,2018-06,Rowokele,0.6828751384274641,0.6990000000000001,0.24880000000000002,0.91325,0.11741570246965537
2018,6,2018-06,Sempor,0.6820542724458206,0.7101000000000001,0.19340000000000002,0.9117000000000001,0.12446993377994037
2018,6,2018-06,Gombong,0.5577558912386708,0.56435,0.23705,0.8140000000000001,0.09265492702251232
2018,6,2018-06,Karanganyar,0.6847301941747574,0.70265,0.17450000000000002,0.8768,0.11185521382643042
2018,6,2018-06,Karanggayam,0.7214790393013101,0.7495750000000001,0.32030000000000003,0.9346500000000001,0.10428634873659487
2018,6,2018-06,Sadang,0.7786031991744066,0.80615,0.4446,0.90615,0.08805375574621445
2018,6,2018-06,Bonorowo,0.7562293055555557,0.776975,0.24065,0.8868,0.09588457881059088
2018,6,2018-06,Padureso,0.7579008027522935,0.7655750000000001,0.3553,0.8787,0.06176083211494079
2018,6,2018-06,Poncowarno,0.7377262637362638,0.7448,0.5027,0.88995,0.06834605768751369
2018,6,2018-06,Karangsambung,0.7375393457117595,0.7557,0.24400000000000002,0.9165000000000001,0.0982191842775014
2018,7,2018-07,Ayah,0.7089698546289213,0.73795,0.019700000000000002,0.92415,0.12760599402456166
2018,7,2018-07,Buayan,0.6756183810375671,0.686375,0.37175,0.90585,0.11010113889925865
2018,7,2018-07,Puring,0.559542884801549,0.56025,-0.1197,0.807,0.12736737161678627
2018,7,2018-07,Petanahan,0.5659473333333334,0.5587500000000001,-0.0409,0.8220000000000001,0.11591053679262968
2018,7,2018-07,Klirong,0.5908254649499285,0.5842,0.2444,0.8501000000000001,0.10083588545977887
2018,7,2018-07,Buluspesantren,0.5568945048309178,0.5495,0.28425,0.79135,0.11268810129426059
2018,7,2018-07,Ambal,0.5750754437869823,0.576225,0.0263,0.7879,0.10135714572586667
2018,7,2018-07,Mirit,0.5471590857142857,0.5564,-0.0167,0.8046500000000001,0.1060867477937268
2018,7,2018-07,Prembun,0.5817055696202532,0.58445,0.32355,0.7474500000000001,0.08692605423972832
2018,7,2018-07,Kutowinangun,0.6375277876106196,0.64705,0.37795,0.80125,0.07040656764586459
2018,7,2018-07,Alian,0.7016546958377802,0.71165,0.5011,0.84945,0.06496041775132938
2018,7,2018-07,Kebumen,0.5889532808398951,0.5844750000000001,0.25455,0.8018500000000001,0.09991915887078946
2018,7,2018-07,Pejagoan,0.6649480240549829,0.693425,0.4102,0.8651000000000001,0.10629479836034675
2018,7,2018-07,Sruweng,0.6456138814016172,0.6888000000000001,0.36085,0.8375,0.11784986998645441
2018,7,2018-07,Adimulyo,0.5467869777158775,0.5515,0.21545,0.7207,0.07925861539193264
2018,7,2018-07,Kuwarasan,0.5547381399317406,0.555775,0.26305,0.7307,0.07830508975816979
2018,7,2018-07,Rowokele,0.7325338316722039,0.763,0.39585000000000004,0.8893000000000001,0.11717023175852291
2018,7,2018-07,Sempor,0.7278676780185759,0.7543500000000001,-0.0625,0.8626,0.0959364000586759
2018,7,2018-07,Gombong,0.52232749244713,0.51375,0.30605,0.8005,0.08848616367881677
2018,7,2018-07,Karanganyar,0.6766100970873786,0.70435,0.38070000000000004,0.8301000000000001,0.09860169583896959
2018,7,2018-07,Karanggayam,0.6992930676855894,0.709325,0.45380000000000004,0.8388500000000001,0.0713231288965179
2018,7,2018-07,Sadang,0.7654204850361197,0.78605,0.49005000000000004,0.9313,0.07827395465392126
2018,7,2018-07,Bonorowo,0.6063244444444444,0.607225,0.37695,0.8186,0.09112768720148318
2018,7,2018-07,Padureso,0.7174988532110093,0.7252750000000001,0.3416,0.82765,0.06223845079899713
2018,7,2018-07,Poncowarno,0.6827459340659342,0.68245,0.5033500000000001,0.8552500000000001,0.07663144865542228
2018,7,2018-07,Karangsambung,0.7250580017683467,0.73945,0.38630000000000003,0.8489,0.07426779143978862
2018,8,2018-08,Ayah,0.659518664643399,0.66915,0.13920000000000002,0.9601000000000001,0.11380042360146943
2018,8,2018-08,Buayan,0.6210691031390135,0.61995,0.35415,0.8911,0.10147414870202667
2018,8,2018-08,Puring,0.5971831162324649,0.6134000000000001,0.027100000000000003,0.864,0.1097481699146174
2018,8,2018-08,Petanahan,0.6115685714285716,0.6249,0.20850000000000002,0.7952,0.0919292669082361
2018,8,2018-08,Klirong,0.6128037249283668,0.632425,-0.035500000000000004,0.8583500000000001,0.09579432323654886
2018,8,2018-08,Buluspesantren,0.6101612864077671,0.633,0.2558,0.78905,0.1029623613954238
2018,8,2018-08,Ambal,0.5319561876247506,0.5317500000000001,-0.0175,0.7866000000000001,0.11019657169263981
2018,8,2018-08,Mirit,0.5268021566401816,0.5358,0.0488,0.7655500000000001,0.10237241449533868
2018,8,2018-08,Prembun,0.5470098734177216,0.5487500000000001,0.27645000000000003,0.8153,0.10047298902077506
2018,8,2018-08,Kutowinangun,0.5233655752212389,0.52245,0.28415,0.74075,0.09061925885812881
2018,8,2018-08,Alian,0.500873319103522,0.49560000000000004,0.2495,0.8442000000000001,0.10668967470852297
2018,8,2018-08,Kebumen,0.4773904199475066,0.47597500000000004,0.2084,0.74805,0.11054027089521458
2018,8,2018-08,Pejagoan,0.5252268900343644,0.5242,0.2306,0.88055,0.12165851902769476
2018,8,2018-08,Sruweng,0.5602012803234502,0.5680750000000001,0.29595,0.8581500000000001,0.10955209152018516
2018,8,2018-08,Adimulyo,0.5913604456824513,0.602425,0.3271,0.7939,0.0875483180691514
2018,8,2018-08,Kuwarasan,0.6654488054607509,0.680875,0.38580000000000003,0.86975,0.09253659666382033
2018,8,2018-08,Rowokele,0.6428767441860465,0.6559,0.21895,0.8862500000000001,0.10436272756811822
2018,8,2018-08,Sempor,0.5825519814241487,0.5932000000000001,-0.0495,0.87985,0.12308183093994444
2018,8,2018-08,Gombong,0.5769075528700908,0.59285,0.2934,0.8399500000000001,0.11609474691033483
2018,8,2018-08,Karanganyar,0.5675812621359223,0.58465,0.22110000000000002,0.87265,0.1280842512217188
2018,8,2018-08,Karanggayam,0.5302609716157206,0.522875,0.17805,0.9044000000000001,0.12236075591296862
2018,8,2018-08,Sadang,0.6428716202270383,0.6565500000000001,0.25875000000000004,0.8912,0.1385955357058874
2018,8,2018-08,Bonorowo,0.5720693055555556,0.5749500000000001,0.37175,0.72635,0.07034491508761961
2018,8,2018-08,Padureso,0.5549074541284403,0.5551,0.1405,0.85985,0.1316705967162732
2018,8,2018-08,Poncowarno,0.5157874725274726,0.509,0.26845,0.80455,0.1064272220360711
2018,8,2018-08,Karangsambung,0.5913384173297966,0.60205,0.2726,0.8633500000000001,0.12839052521799782
2018,9,2018-09,Ayah,0.6312192133131619,0.64415,0.042800000000000005,0.8808,0.1232324703665141
2018,9,2018-09,Buayan,0.5776802064631957,0.5859000000000001,0.2328,0.8633000000000001,0.12419991095992335
2018,9,2018-09,Puring,0.4856983285577841,0.47800000000000004,-0.1337,0.79815,0.1102627980845211
2018,9,2018-09,Petanahan,0.4941460081190798,0.48835,0.2581,0.7483000000000001,0.10143181556107617
2018,9,2018-09,Klirong,0.5302575539568345,0.5347000000000001,0.08940000000000001,0.7030000000000001,0.08860165553645737
2018,9,2018-09,Buluspesantren,0.5266867901234569,0.536625,0.28900000000000003,0.73505,0.09195786222104445
2018,9,2018-09,Ambal,0.4887109561752988,0.49625,-0.026600000000000002,0.71985,0.10091744577147166
2018,9,2018-09,Mirit,0.5116528409090909,0.51975,0.057800000000000004,0.7341500000000001,0.09923048427259988
2018,9,2018-09,Prembun,0.6000881012658228,0.6073000000000001,0.3765,0.7502500000000001,0.07868648982643041
2018,9,2018-09,Kutowinangun,0.5848938053097344,0.5895,0.30845,0.7754500000000001,0.0716460687966562
2018,9,2018-09,Alian,0.5793185699039488,0.57835,0.35650000000000004,0.79125,0.07113341833286166
2018,9,2018-09,Kebumen,0.4915543963254593,0.503625,0.24880000000000002,0.73065,0.09413392246140023
2018,9,2018-09,Pejagoan,0.5478969931271478,0.5674250000000001,0.28545000000000004,0.75085,0.09397976446701102
2018,9,2018-09,Sruweng,0.5553054582210243,0.58155,0.26975,0.7803,0.1026472774041414
2018,9,2018-09,Adimulyo,0.463133635097493,0.46532500000000004,0.2378,0.6585500000000001,0.07557828547719153
2018,9,2018-09,Kuwarasan,0.5030841296928328,0.509475,0.193,0.7312000000000001,0.09243624666189564
2018,9,2018-09,Rowokele,0.6376663898117387,0.6504500000000001,0.2124,0.9348000000000001,0.13611312075502888
2018,9,2018-09,Sempor,0.6124687306501547,0.6233000000000001,-0.0548,0.90385,0.11125764430103945
2018,9,2018-09,Gombong,0.41360151057401817,0.4042,0.19920000000000002,0.76225,0.08676707053623639
2018,9,2018-09,Karanganyar,0.567324077669903,0.58165,0.31295,0.75475,0.09404417595957923
2018,9,2018-09,Karanggayam,0.5679484170305678,0.567,0.30970000000000003,0.8007500000000001,0.09141903435240674
2018,9,2018-09,Sadang,0.67252306501548,0.72095,0.3266,0.8480500000000001,0.13076507889575847
2018,9,2018-09,Bonorowo,0.5978954166666667,0.6042750000000001,0.41275,0.7183,0.07024477372685814
2018,9,2018-09,Padureso,0.6325586009174312,0.631225,0.2452,0.8067000000000001,0.07647000641623779
2018,9,2018-09,Poncowarno,0.605224065934066,0.60195,0.38575000000000004,0.8102,0.09535402011242132
2018,9,2018-09,Karangsambung,0.591718258178603,0.5890000000000001,0.34585,0.79995,0.09862210858135846
2018,10,2018-10,Ayah,0.5529188606620477,0.5615,0.059300000000000005,0.9911000000000001,0.1919517725706257
2018,10,2018-10,Buayan,0.46864731663685155,0.48445000000000005,0.0236,0.9762000000000001,0.180669697945641
2018,10,2018-10,Puring,0.45345879396984934,0.43860000000000005,0.051000000000000004,0.8629,0.1275990701536384
2018,10,2018-10,Petanahan,0.4387548523206751,0.4369,0.10450000000000001,0.7398,0.13596680636927858
2018,10,2018-10,Klirong,0.43886360902255644,0.4566,0.0811,0.8661000000000001,0.14622119755885735
2018,10,2018-10,Buluspesantren,0.4357146489104116,0.4327,0.0907,0.8350000000000001,0.11867384420640724
2018,10,2018-10,Ambal,0.4210474059003052,0.40990000000000004,0.1029,0.7687,0.10759223477373428
2018,10,2018-10,Mirit,0.44008166666666665,0.4399,-0.016300000000000002,0.6836,0.09847042363347258
2018,10,2018-10,Prembun,0.4151005063291139,0.3922,0.07010000000000001,0.8585,0.16301318048673813
2018,10,2018-10,Kutowinangun,0.4185253097345133,0.4108,0.0222,0.9937,0.17364754369185245
2018,10,2018-10,Alian,0.3208351120597652,0.2959,0.023100000000000002,0.9798,0.18722855685623593
2018,10,2018-10,Kebumen,0.2761481627296588,0.24625000000000002,0.020200000000000003,0.9884000000000001,0.163796374461252
2018,10,2018-10,Pejagoan,0.35744518900343647,0.36260000000000003,0.0213,0.9897,0.18775766241738828
2018,10,2018-10,Sruweng,0.34271630727762803,0.3342,0.0337,0.9963000000000001,0.2019541330351416
2018,10,2018-10,Adimulyo,0.33959568245125343,0.33135000000000003,0.0446,0.7592,0.1216743932052269
2018,10,2018-10,Kuwarasan,0.37924112627986345,0.39075000000000004,0.0531,0.7752,0.12943119971166053
2018,10,2018-10,Rowokele,0.41172890365448506,0.4192,0.0346,0.9385,0.19243577385840013
2018,10,2018-10,Sempor,0.35865529411764707,0.37020000000000003,0.0284,0.9777,0.17754608288940565
2018,10,2018-10,Gombong,0.34746918429003026,0.35300000000000004,0.0506,0.9169,0.14217193311975587
2018,10,2018-10,Karanganyar,0.31394368932038835,0.2964,0.0529,0.8831,0.1817538848397747
2018,10,2018-10,Karanggayam,0.3685752183406114,0.3558,0.0194,0.9857,0.18202402661077086
2018,10,2018-10,Sadang,0.5284415892672858,0.548,0.0371,0.9988,0.20356078569206604
2018,10,2018-10,Bonorowo,0.5170686111111111,0.52745,0.21000000000000002,0.7938000000000001,0.09509357460630198
2018,10,2018-10,Padureso,0.5044470183486238,0.5653,0.0152,0.9256000000000001,0.1854485483809845
2018,10,2018-10,Poncowarno,0.36581714285714284,0.3557,0.0099,0.9937,0.2090768637579723
2018,10,2018-10,Karangsambung,0.3864175221238938,0.4034,0.035,0.9800000000000001,0.18340749141015086
2018,11,2018-11,Ayah,0.5380944106463879,0.5184500000000001,0.095,0.8805000000000001,0.1848759967853867
2018,11,2018-11,Buayan,0.5129310098302056,0.49925,0.14995,0.9156000000000001,0.17027873474327915
2018,11,2018-11,Puring,0.5266272102161101,0.555175,0.0629,0.995,0.1552014722560612
2018,11,2018-11,Petanahan,0.5033578061911171,0.517,0.0058000000000000005,0.84755,0.15938618056620624
2018,11,2018-11,Klirong,0.5111889601139601,0.5111,0.0335,0.8552000000000001,0.13220156517482545
2018,11,2018-11,Buluspesantren,0.47334211165048545,0.46005,0.0707,0.7533000000000001,0.12619905123428676
2018,11,2018-11,Ambal,0.4699034778225807,0.46445000000000003,0.0679,0.7381500000000001,0.12013839923298306
2018,11,2018-11,Mirit,0.4783547235023042,0.48187500000000005,0.16275,0.7418,0.09737702303308159
2018,11,2018-11,Prembun,0.39382189873417717,0.3957,0.0357,0.7422500000000001,0.11192153171285574
2018,11,2018-11,Kutowinangun,0.453682389380531,0.446,0.10515000000000001,0.8176,0.12316013011540332
2018,11,2018-11,Alian,0.4657089114194237,0.458,0.10195,0.9408500000000001,0.13837075433165513
2018,11,2018-11,Kebumen,0.36928766404199476,0.3689,0.1043,0.8245,0.1058742509450644
2018,11,2018-11,Pejagoan,0.4744749140893471,0.473675,0.14015,0.8451000000000001,0.12307296165119871
2018,11,2018-11,Sruweng,0.46958820754716984,0.48105000000000003,0.11885000000000001,0.8571000000000001,0.12845989494096063
2018,11,2018-11,Adimulyo,0.4290243732590529,0.4287,0.14705000000000001,0.74655,0.10390907383191901
2018,11,2018-11,Kuwarasan,0.4189198805460751,0.41005,0.0704,0.7734500000000001,0.11701599071679405
2018,11,2018-11,Rowokele,0.4780586378737542,0.4908,0.10550000000000001,0.763,0.11342045689233582
2018,11,2018-11,Sempor,0.4609185139318886,0.4677,0.06605,0.88815,0.12642682823958054
2018,11,2018-11,Gombong,0.3789708459214502,0.37370000000000003,0.18065,0.67625,0.0924968044873553
2018,11,2018-11,Karanganyar,0.5290661165048545,0.549,0.19115000000000001,0.8348,0.12846091854967878
2018,11,2018-11,Karanggayam,0.4799088427947598,0.47640000000000005,0.0979,0.9332,0.14014096641473725
2018,11,2018-11,Sadang,0.5194839009287926,0.52105,0.1058,0.8932,0.15694592828558054
2018,11,2018-11,Bonorowo,0.47010583333333333,0.470625,0.25570000000000004,0.71465,0.09689690007296414
2018,11,2018-11,Padureso,0.4968934633027523,0.49850000000000005,0.11760000000000001,0.8613000000000001,0.11029619857197052
2018,11,2018-11,Poncowarno,0.42893846153846155,0.4247,0.11085,0.7926500000000001,0.11180369474249362
2018,11,2018-11,Karangsambung,0.45269730327144114,0.4446,0.09040000000000001,0.915,0.14198649164672628
2018,12,2018-12,Ayah,0.49460094553706513,0.51705,0.02,0.87555,0.15684941349782847
2018,12,2018-12,Buayan,0.48820626678603396,0.48665,0.11710000000000001,0.9227500000000001,0.16682599868480388
2018,12,2018-12,Puring,0.35182336309523815,0.31955,0.0635,0.7472000000000001,0.1496246081213096
2018,12,2018-12,Petanahan,0.42335245566166446,0.4117,0.10885,0.7905000000000001,0.14614409826076685
2018,12,2018-12,Klirong,0.4844150214592275,0.50365,0.11900000000000001,0.84965,0.1492655367253204
2018,12,2018-12,Buluspesantren,0.513605291970803,0.5325500000000001,0.13485,0.9288000000000001,0.152170033892011
2018,12,2018-12,Ambal,0.5043107537688443,0.5325,0.025050000000000003,0.8804500000000001,0.14788505168710311
2018,12,2018-12,Mirit,0.41002316933638444,0.3992,0.0275,0.69255,0.13077494478029575
2018,12,2018-12,Prembun,0.4034596202531646,0.4086,0.04095,0.7316,0.13174113342674965
2018,12,2018-12,Kutowinangun,0.44073265486725666,0.44875000000000004,0.0669,0.8279500000000001,0.1272184940569563
2018,12,2018-12,Alian,0.5426065635005336,0.56225,0.20845,0.81655,0.12271015448616135
2018,12,2018-12,Kebumen,0.4053179133858268,0.389875,0.14415,0.7685000000000001,0.12418920426251764
2018,12,2018-12,Pejagoan,0.49612920962199314,0.496525,0.14515,0.87495,0.1512745528532676
2018,12,2018-12,Sruweng,0.4570266846361186,0.455575,0.11695000000000001,0.9223,0.16448765993763084
2018,12,2018-12,Adimulyo,0.3351215877437326,0.33520000000000005,0.01055,0.6968000000000001,0.11296686230155734
2018,12,2018-12,Kuwarasan,0.3258002559726963,0.311925,0.07095,0.7240000000000001,0.10643630041088577
2018,12,2018-12,Rowokele,0.5046338316722038,0.5104500000000001,0.0684,0.8541500000000001,0.15987418616849
2018,12,2018-12,Sempor,0.4339214551083591,0.4385,0.0761,0.8008000000000001,0.1274771848926752
2018,12,2018-12,Gombong,0.35118338368580065,0.3141,0.14545,0.782,0.13794025342676042
2018,12,2018-12,Karanganyar,0.48380951456310684,0.47505000000000003,0.1757,0.8652500000000001,0.1378780641351889
2018,12,2018-12,Karanggayam,0.4868119541484716,0.48335,0.1306,0.84745,0.12236634750291087
2018,12,2018-12,Sadang,0.5277443756449949,0.52515,0.1976,0.8599,0.13066259820036424
2018,12,2018-12,Bonorowo,0.31112249999999997,0.30180000000000007,0.07295,0.5646,0.09307626454433901
2018,12,2018-12,Padureso,0.5414625,0.55525,0.2205,0.76185,0.09473890024034479
2018,12,2018-12,Poncowarno,0.5457556043956044,0.5449,0.22735000000000002,0.86765,0.11229248155440193
2018,12,2018-12,Karangsambung,0.5346464633068082,0.5397500000000001,0.1887,0.9189,0.11238969623761355
2019,1,2019-01,Ayah,0.7353442117288652,0.7564500000000001,0.1217,0.9797,0.11901937934136445
2019,1,2019-01,Buayan,0.7718380143112701,0.7882,0.40325,0.9227000000000001,0.0830093496975006
2019,1,2019-01,Puring,0.6911238514173998,0.71185,0.0913,0.87265,0.09541851402220988
2019,1,2019-01,Petanahan,0.7172601360544217,0.728,0.364,0.8338500000000001,0.06682666324955874
2019,1,2019-01,Klirong,0.6956312772133527,0.7110500000000001,0.057300000000000004,0.8904000000000001,0.09628172877951564
2019,1,2019-01,Buluspesantren,0.7391496928746929,0.7527,0.41585,0.8965500000000001,0.08535744594301954
2019,1,2019-01,Ambal,0.7361220720720721,0.75295,0.0449,0.9126000000000001,0.1067551388715611
2019,1,2019-01,Mirit,0.6818393057110863,0.69565,0.17800000000000002,0.9763000000000001,0.10891887842647599
2019,1,2019-01,Prembun,0.7067284810126583,0.7148,0.36045,0.90285,0.0988384677853131
2019,1,2019-01,Kutowinangun,0.7340940707964602,0.75015,0.336,0.8924000000000001,0.08810802659122663
2019,1,2019-01,Alian,0.6854201173959446,0.7058500000000001,0.35810000000000003,0.8947,0.10141946954538737
2019,1,2019-01,Kebumen,0.6098847769028872,0.618175,0.2869,0.8807,0.1141948774276872
2019,1,2019-01,Pejagoan,0.6636458762886598,0.67735,0.28845000000000004,0.90595,0.10903619508523354
2019,1,2019-01,Sruweng,0.7019844339622643,0.721225,0.1955,0.8897,0.10901910777221803
2019,1,2019-01,Adimulyo,0.6897622562674096,0.715875,0.36985,0.87155,0.08872443935063634
2019,1,2019-01,Kuwarasan,0.7342883959044368,0.741825,0.4015,0.8616,0.05942467937590059
2019,1,2019-01,Rowokele,0.7646708194905869,0.78295,0.3885,0.9106500000000001,0.08327858508505766
2019,1,2019-01,Sempor,0.761212600619195,0.7816500000000001,0.30925,0.9337000000000001,0.0873269007705549
2019,1,2019-01,Gombong,0.6216358006042296,0.6314000000000001,0.3085,0.90515,0.09756356032304726
2019,1,2019-01,Karanganyar,0.7286058252427186,0.7441500000000001,0.35555000000000003,0.9096500000000001,0.09822066322578539
2019,1,2019-01,Karanggayam,0.7426612445414847,0.7739,0.36735,0.91625,0.10218058290121418
2019,1,2019-01,Sadang,0.7615877708978328,0.7784000000000001,0.4035,0.9318000000000001,0.08569342460914778
2019,1,2019-01,Bonorowo,0.6157983333333334,0.6311500000000001,0.1496,0.83755,0.12468323618719204
2019,1,2019-01,Padureso,0.7203094036697248,0.728925,0.318,0.9185000000000001,0.0912536445978827
2019,1,2019-01,Poncowarno,0.688282087912088,0.70315,0.30135,0.8882,0.10005950011754251
2019,1,2019-01,Karangsambung,0.735846993810787,0.7537,0.39225000000000004,0.9312,0.08826736161368676
2019,2,2019-02,Ayah,0.7733550038197097,0.8076500000000001,0.0579,0.9575,0.11419006412395649
2019,2,2019-02,Buayan,0.7922243957027754,0.8067500000000001,0.2305,0.9074500000000001,0.06705702648492617
2019,2,2019-02,Puring,0.7352540796019902,0.7493000000000001,0.3176,0.9114500000000001,0.09499662074782504
2019,2,2019-02,Petanahan,0.770340472972973,0.7881750000000001,0.16235,0.9191,0.10564011839882062
2019,2,2019-02,Klirong,0.7367769286754003,0.7609,0.17830000000000001,0.9023500000000001,0.11848819628606859
2019,2,2019-02,Buluspesantren,0.7412235365853659,0.767825,0.37925000000000003,0.9218500000000001,0.10794156897082241
2019,2,2019-02,Ambal,0.7355601577909271,0.7598750000000001,0.184,0.9128000000000001,0.10715630342303112
2019,2,2019-02,Mirit,0.7055671981776765,0.736175,0.0848,0.8895500000000001,0.1200641461540214
2019,2,2019-02,Prembun,0.7602930379746835,0.77695,0.43155000000000004,0.9184,0.08218243388262467
2019,2,2019-02,Kutowinangun,0.7678846902654868,0.7889,0.39505,0.9258000000000001,0.09118145785609304
2019,2,2019-02,Alian,0.7804480256136607,0.79635,0.4555,0.9353,0.07480259230984282
2019,2,2019-02,Kebumen,0.7251284776902888,0.7446,0.33395,0.9118,0.11656743504134534
2019,2,2019-02,Pejagoan,0.7234841065292097,0.746275,0.3417,0.9248500000000001,0.10779802153031935
2019,2,2019-02,Sruweng,0.7693014150943397,0.7832749999999999,0.38735,0.904,0.07617125080242633
2019,2,2019-02,Adimulyo,0.8047446378830083,0.8252,0.2479,0.93315,0.0897650240515465
2019,2,2019-02,Kuwarasan,0.8047168941979522,0.8146249999999999,0.5690000000000001,0.9043500000000001,0.058985109299067466
2019,2,2019-02,Rowokele,0.7873752491694352,0.81535,0.47140000000000004,0.908,0.08987997382456983
2019,2,2019-02,Sempor,0.7713005882352941,0.80805,0.09475,0.9178000000000001,0.1131378881495854
2019,2,2019-02,Gombong,0.742385498489426,0.7734000000000001,0.33615,0.9044000000000001,0.11420661241104693
2019,2,2019-02,Karanganyar,0.8059166019417477,0.8265,0.41095000000000004,0.9408000000000001,0.07287021273460906
2019,2,2019-02,Karanggayam,0.7517104803493451,0.77975,0.38245,0.9903000000000001,0.10480588691573028
2019,2,2019-02,Sadang,0.7942235810113519,0.8199000000000001,0.4419,0.9307000000000001,0.08635361378482401
2019,2,2019-02,Bonorowo,0.7004,0.7354,0.19245,0.8951,0.11845133465079892
2019,2,2019-02,Padureso,0.7894350917431192,0.7981,0.5233,0.8998,0.06279934192769233
2019,2,2019-02,Poncowarno,0.8119832967032967,0.8319000000000001,0.46705,0.93615,0.06978659626105271
2019,2,2019-02,Karangsambung,0.7775418213969939,0.7917000000000001,0.36560000000000004,0.93405,0.08466890791282905
2019,3,2019-03,Ayah,0.7680375194401244,0.809525,0.2427,0.95765,0.12310176116535326
2019,3,2019-03,Buayan,0.7562523873873875,0.788125,0.3138,0.9508000000000001,0.12791265280966105
2019,3,2019-03,Puring,0.6003866733466935,0.6283000000000001,0.0476,0.8528,0.12755834084211154
2019,3,2019-03,Petanahan,0.6102986413043479,0.6112500000000001,0.006500000000000001,0.83465,0.11748880528101589
2019,3,2019-03,Klirong,0.645901018922853,0.6455000000000001,0.30810000000000004,0.8160000000000001,0.08409291461607814
2019,3,2019-03,Buluspesantren,0.6133432762836185,0.609575,0.30810000000000004,0.84885,0.11465656434844965
2019,3,2019-03,Ambal,0.594679751243781,0.5953,0.2585,0.8465,0.11555772785970363
2019,3,2019-03,Mirit,0.6077635795454546,0.6132500000000001,-0.0158,0.8782500000000001,0.10707702299059199
2019,3,2019-03,Prembun,0.6626243037974684,0.6752,0.40145000000000003,0.8567,0.10649843122019875
2019,3,2019-03,Kutowinangun,0.6853792035398231,0.7010000000000001,0.37105,0.8731,0.1067413793177589
2019,3,2019-03,Alian,0.7803990394877268,0.81,0.47735,0.90525,0.09128535816843653
2019,3,2019-03,Kebumen,0.6277196194225723,0.6163750000000001,0.2853,0.902,0.11607088890939608
2019,3,2019-03,Pejagoan,0.7566458762886599,0.7998000000000001,0.42885,0.9511000000000001,0.12150936001240345
2019,3,2019-03,Sruweng,0.7348979784366577,0.7725000000000001,0.34435,0.96025,0.12462941604461678
2019,3,2019-03,Adimulyo,0.6350566155988858,0.631875,0.33030000000000004,0.86495,0.08352513133286635
2019,3,2019-03,Kuwarasan,0.6243475255972697,0.62305,0.4197,0.7857000000000001,0.06622001831613002
2019,3,2019-03,Rowokele,0.7643311184939092,0.7922,0.32925000000000004,0.9708500000000001,0.10445319756885933
2019,3,2019-03,Sempor,0.7922220743034056,0.82845,0.055,0.9116000000000001,0.10169715467844258
2019,3,2019-03,Gombong,0.6313794561933534,0.64195,0.33035000000000003,0.8524,0.09307150031076658
2019,3,2019-03,Karanganyar,0.7678628155339805,0.79915,0.39480000000000004,0.90205,0.09324628117124534
2019,3,2019-03,Karanggayam,0.8035259279475984,0.8201,0.41545000000000004,0.9572,0.074475611550641
2019,3,2019-03,Sadang,0.8278420020639836,0.8359000000000001,0.48195000000000005,0.9267500000000001,0.055521693484483416
2019,3,2019-03,Bonorowo,0.6498304166666667,0.6597250000000001,0.28700000000000003,0.80445,0.07760432439693143
2019,3,2019-03,Padureso,0.807397018348624,0.8227500000000001,0.4479,0.8878,0.0659590180854584
2019,3,2019-03,Poncowarno,0.7834265934065935,0.81035,0.42460000000000003,0.9265500000000001,0.0906373509745945
2019,3,2019-03,Karangsambung,0.8204713969938109,0.8305,0.5349,0.9483,0.049381665369019466
2019,4,2019-04,Ayah,0.7902538461538462,0.8486,0.2306,0.9987,0.1316726961569274
2019,4,2019-04,Buayan,0.7536290510295435,0.8166,0.23720000000000002,0.9282,0.15600840135537364
2019,4,2019-04,Puring,0.6150951076320939,0.6528,-0.13040000000000002,0.9352,0.16626575955066944
2019,4,2019-04,Petanahan,0.5574121621621622,0.5625,-0.0736,0.83845,0.17047168392727494
2019,4,2019-04,Klirong,0.6073897379912664,0.63055,0.0013000000000000002,0.8527,0.14662917103819795
2019,4,2019-04,Buluspesantren,0.5824471889952154,0.5821750000000001,0.1532,0.84045,0.14819835077799734
2019,4,2019-04,Ambal,0.5339987562189055,0.5456,-0.03885,0.84585,0.1704121781406834
2019,4,2019-04,Mirit,0.5634181818181818,0.5663,-0.0206,0.8363,0.1313852502993921
2019,4,2019-04,Prembun,0.5820572151898734,0.5882000000000001,0.02185,0.8547,0.17088654572912457
2019,4,2019-04,Kutowinangun,0.6223572566371681,0.67055,0.2127,0.86845,0.17248892220552717
2019,4,2019-04,Alian,0.7463393810032017,0.79745,0.2366,0.9167500000000001,0.14518513311687736
2019,4,2019-04,Kebumen,0.5100596456692914,0.48310000000000003,0.24415,0.8843500000000001,0.14472064197861978
2019,4,2019-04,Pejagoan,0.717358676975945,0.76705,0.2379,0.932,0.15067077947098415
2019,4,2019-04,Sruweng,0.6659913746630728,0.73515,0.2492,0.9248000000000001,0.18196043529626063
2019,4,2019-04,Adimulyo,0.5051594011142061,0.5119750000000001,0.22805,0.80545,0.12304974501383588
2019,4,2019-04,Kuwarasan,0.5075222696245734,0.517,0.18245,0.76495,0.12618564491546874
2019,4,2019-04,Rowokele,0.741607530454042,0.7796000000000001,0.29350000000000004,0.9347000000000001,0.1297070885040099
2019,4,2019-04,Sempor,0.7472706191950466,0.7885500000000001,-0.005,0.92945,0.12913605823973834
2019,4,2019-04,Gombong,0.4727563444108761,0.4531,0.23935,0.8804000000000001,0.1237018553138425
2019,4,2019-04,Karanganyar,0.6869740776699029,0.78025,0.16785,0.9125000000000001,0.1872141153940858
2019,4,2019-04,Karanggayam,0.8016131277292577,0.826425,0.27645000000000003,0.94325,0.08049432384846844
2019,4,2019-04,Sadang,0.797584004127967,0.8277,0.4058,0.9642000000000001,0.09803759318267977
2019,4,2019-04,Bonorowo,0.5475920833333333,0.5619750000000001,0.22660000000000002,0.7432500000000001,0.11095736286892544
2019,4,2019-04,Padureso,0.8081129587155964,0.8231,0.3559,0.8868,0.06662734159066128
2019,4,2019-04,Poncowarno,0.7411004395604397,0.7532500000000001,0.39245,0.9023,0.09307899085329796
2019,4,2019-04,Karangsambung,0.7962220159151194,0.8187000000000001,0.43570000000000003,0.9147500000000001,0.07660432610433272
2019,5,2019-05,Ayah,0.7372101739788199,0.7634000000000001,0.11230000000000001,0.9416,0.1296826824243374
2019,5,2019-05,Buayan,0.74853,0.7654750000000001,-0.00285,0.9449000000000001,0.10539328170086826
2019,5,2019-05,Puring,0.6768101084812624,0.7043,0.2116,0.8887,0.1075041213552805
2019,5,2019-05,Petanahan,0.6301060165975103,0.64605,0.10890000000000001,0.84755,0.12455684067064769
2019,5,2019-05,Klirong,0.6426542691751085,0.6646000000000001,0.2295,0.8686,0.11087036033855253
2019,5,2019-05,Buluspesantren,0.6168921020656137,0.62355,0.1491,0.82245,0.11358927363376227
2019,5,2019-05,Ambal,0.6014561752988049,0.62815,0.20005,0.8199500000000001,0.13380444984573223
2019,5,2019-05,Mirit,0.5859990218642117,0.59375,0.162,0.8455,0.11597624348353862
2019,5,2019-05,Prembun,0.6262541772151898,0.6446500000000001,0.26175000000000004,0.8229500000000001,0.12354840993098586
2019,5,2019-05,Kutowinangun,0.6328348672566373,0.68055,0.20095000000000002,0.86845,0.15766691407243302
2019,5,2019-05,Alian,0.7291784951974387,0.76825,0.23105,0.8807,0.12239800008994152
2019,5,2019-05,Kebumen,0.5450485564304461,0.532475,0.25515,0.8761,0.12463335182192427
2019,5,2019-05,Pejagoan,0.7135060137457045,0.7756500000000001,0.38725000000000004,0.8663000000000001,0.13367478595554577
2019,5,2019-05,Sruweng,0.673117385444744,0.7430000000000001,0.27885,0.8761500000000001,0.15496177313471954
2019,5,2019-05,Adimulyo,0.5727939415041783,0.5886750000000001,0.2897,0.7398,0.09415598024449426
2019,5,2019-05,Kuwarasan,0.6712545221843004,0.6853750000000001,0.42865000000000003,0.8101,0.0673012063890907
2019,5,2019-05,Rowokele,0.7589966777408638,0.77395,0.4111,0.9251,0.08761911579024313
2019,5,2019-05,Sempor,0.7533328173374614,0.7793,0.08735000000000001,0.90885,0.09424103585716272
2019,5,2019-05,Gombong,0.5439966767371601,0.546,0.314,0.86355,0.10361226257409543
2019,5,2019-05,Karanganyar,0.720845922330097,0.78135,0.322,0.874,0.13310104772578882
2019,5,2019-05,Karanggayam,0.7894759006550219,0.8122,0.4666,0.8986500000000001,0.06891889715532201
2019,5,2019-05,Sadang,0.7908372033023736,0.8230500000000001,0.44880000000000003,0.92915,0.09049767466079042
2019,5,2019-05,Bonorowo,0.5396565277777778,0.5655,0.21475,0.7491,0.11467765611292718
2019,5,2019-05,Padureso,0.7860713302752295,0.7941750000000001,0.48495000000000005,0.873,0.05364830216172617
2019,5,2019-05,Poncowarno,0.7563227472527473,0.76325,0.51365,0.8724000000000001,0.05685297235922653
2019,5,2019-05,Karangsambung,0.7735185676392573,0.7952,0.44515000000000005,0.8914000000000001,0.07774704227079246
2019,6,2019-06,Ayah,0.7697256321839081,0.7919,0.0105,0.94645,0.09953604878506132
2019,6,2019-06,Buayan,0.7601931003584229,0.762475,0.5018,0.9327000000000001,0.07254220994635002
2019,6,2019-06,Puring,0.7031050445103858,0.72275,0.36495,0.9057000000000001,0.09561715681209043
2019,6,2019-06,Petanahan,0.7641882273342356,0.7746500000000001,0.34750000000000003,0.8853500000000001,0.07267133799607979
2019,6,2019-06,Klirong,0.7277257686676427,0.73995,0.4494,0.9044500000000001,0.08887387539034275
2019,6,2019-06,Buluspesantren,0.6967508474576272,0.7221,0.16010000000000002,0.8743000000000001,0.11448399916432479
2019,6,2019-06,Ambal,0.7145125373134329,0.7343500000000001,0.195,0.88315,0.10276110869259437
2019,6,2019-06,Mirit,0.6803517653758542,0.7016,0.0903,0.8877,0.11598535705908151
2019,6,2019-06,Prembun,0.7320493670886077,0.74255,0.46955,0.8742000000000001,0.07238397581851681
2019,6,2019-06,Kutowinangun,0.7267922123893805,0.7388,0.3789,0.8756,0.07915635513856198
2019,6,2019-06,Alian,0.7386845784418357,0.75105,0.46675,0.86245,0.06809022836801643
2019,6,2019-06,Kebumen,0.6619812992125984,0.6691,0.22890000000000002,0.89095,0.11505720978556767
2019,6,2019-06,Pejagoan,0.7275012886597938,0.7583,0.41815,0.8505,0.08561339586037255
2019,6,2019-06,Sruweng,0.7323900269541779,0.7557,0.45690000000000003,0.88565,0.08472253099989946
2019,6,2019-06,Adimulyo,0.7634111420612812,0.7740750000000001,0.4691,0.8707,0.05987335968832053
2019,6,2019-06,Kuwarasan,0.7583994027303754,0.764975,0.45675000000000004,0.85565,0.04998975939995223
2019,6,2019-06,Rowokele,0.7990569213732005,0.81055,0.54335,0.93015,0.05739762270497958
2019,6,2019-06,Sempor,0.7700842724458206,0.786,-0.024800000000000003,0.90095,0.07730645844526783
2019,6,2019-06,Gombong,0.6780211480362539,0.7000500000000001,0.33545,0.85245,0.11081208293758404
2019,6,2019-06,Karanganyar,0.7508330097087379,0.76415,0.32295,0.8697,0.0728491063019987
2019,6,2019-06,Karanggayam,0.7390389192139738,0.76305,0.44245,0.91415,0.0811172849766066
2019,6,2019-06,Sadang,0.786159133126935,0.8206,0.40655,0.89595,0.08888508552022607
2019,6,2019-06,Bonorowo,0.6833665277777778,0.7064750000000001,0.159,0.8596,0.11809661239331552
2019,6,2019-06,Padureso,0.776731995412844,0.7825,0.2732,0.86195,0.05744403631114004
2019,6,2019-06,Poncowarno,0.7463541758241758,0.7543000000000001,0.56225,0.8796,0.05947988896554617
2019,6,2019-06,Karangsambung,0.7444665782493369,0.7604000000000001,0.47950000000000004,0.87875,0.07867058510519566
2019,7,2019-07,Ayah,0.7245571104387293,0.746175,-0.0514,0.88595,0.10866421009046807
2019,7,2019-07,Buayan,0.6809532200357783,0.6923000000000001,0.1976,0.8671000000000001,0.10583041645423329
2019,7,2019-07,Puring,0.5992854448742747,0.6182000000000001,-0.0135,0.7726500000000001,0.10441509307537593
2019,7,2019-07,Petanahan,0.6594742666666668,0.6595500000000001,0.4394,0.779,0.057844237608099064
2019,7,2019-07,Klirong,0.6549055395683453,0.67245,0.4113,0.7917500000000001,0.06728725392862774
2019,7,2019-07,Buluspesantren,0.6280343520782395,0.65185,0.047,0.79645,0.09856269823075263
2019,7,2019-07,Ambal,0.633906886227545,0.653675,-0.0117,0.82415,0.11259727995195919
2019,7,2019-07,Mirit,0.6322219636776392,0.64115,0.11750000000000001,0.8441500000000001,0.10027253403181251
2019,7,2019-07,Prembun,0.6326949367088608,0.6445000000000001,0.37460000000000004,0.7858,0.0761992735583403
2019,7,2019-07,Kutowinangun,0.673429203539823,0.68445,0.38985000000000003,0.8045,0.07062165788964789
2019,7,2019-07,Alian,0.6848390074706511,0.6909500000000001,0.4627,0.8390000000000001,0.06457219472553417
2019,7,2019-07,Kebumen,0.6229875984251969,0.6262500000000001,0.27755,0.80235,0.0922182635399392
2019,7,2019-07,Pejagoan,0.6626552405498282,0.681675,0.41090000000000004,0.79705,0.07499093211524033
2019,7,2019-07,Sruweng,0.6692681266846361,0.681025,0.43255000000000005,0.8154,0.06565662051651547
2019,7,2019-07,Adimulyo,0.6444444986072423,0.639375,0.5087,0.7945500000000001,0.05977010641490346
2019,7,2019-07,Kuwarasan,0.5850662116040956,0.5888249999999999,0.41035,0.72975,0.06360250227156453
2019,7,2019-07,Rowokele,0.7266130121816169,0.7372500000000001,0.44495,0.8726,0.08848663102410742
2019,7,2019-07,Sempor,0.7081390712074304,0.727,0.1595,0.8439500000000001,0.07817513827514846
2019,7,2019-07,Gombong,0.5745264350453172,0.57915,0.33285000000000003,0.7856500000000001,0.0898950038130815
2019,7,2019-07,Karanganyar,0.6774971844660194,0.6904,0.3584,0.8144,0.07473176425831353
2019,7,2019-07,Karanggayam,0.6672494541484715,0.683,0.38175000000000003,0.8144,0.08050948259283376
2019,7,2019-07,Sadang,0.7434697110423117,0.7794500000000001,0.42485,0.8624,0.08936455940313187
2019,7,2019-07,Bonorowo,0.6761995833333333,0.69055,0.32575000000000004,0.8012,0.07700471680065198
2019,7,2019-07,Padureso,0.7028545871559634,0.70875,0.27705,0.8216,0.06531756108656729
2019,7,2019-07,Poncowarno,0.6710105494505494,0.66955,0.50625,0.8288500000000001,0.07395526059738938
2019,7,2019-07,Karangsambung,0.6951613616268788,0.70785,0.4481,0.8384,0.07851529527958825
2019,8,2019-08,Ayah,0.6615618830675779,0.67855,0.1532,0.8564,0.12013170667550647
2019,8,2019-08,Buayan,0.6059596687555954,0.60565,0.1419,0.8510500000000001,0.11547796220197944
2019,8,2019-08,Puring,0.5228989296636085,0.5315500000000001,0.2308,0.7484000000000001,0.1041774884721213
2019,8,2019-08,Petanahan,0.5394187154696133,0.5317000000000001,0.1032,0.809,0.10782508083873793
2019,8,2019-08,Klirong,0.5550779017857143,0.5505500000000001,0.32695,0.7573000000000001,0.09646974416467936
2019,8,2019-08,Buluspesantren,0.5426342874543241,0.53425,-0.0258,0.7804,0.11515479962795576
2019,8,2019-08,Ambal,0.5122299800796813,0.5079,0.2093,0.73905,0.0931390276881011
2019,8,2019-08,Mirit,0.5049694158075602,0.5003000000000001,0.054200000000000005,0.78215,0.091780173887952
2019,8,2019-08,Prembun,0.5345888607594936,0.5345500000000001,0.31725000000000003,0.6855,0.07439450063021182
2019,8,2019-08,Kutowinangun,0.5537786725663717,0.55815,0.35925,0.7323500000000001,0.07363377039433543
2019,8,2019-08,Alian,0.5960587513340448,0.5965,0.36795,0.80005,0.07579169786704854
2019,8,2019-08,Kebumen,0.49888740157480316,0.4882,0.25785,0.7435,0.08398487286500513
2019,8,2019-08,Pejagoan,0.5680446735395188,0.58225,0.27340000000000003,0.7854,0.09354408670352088
2019,8,2019-08,Sruweng,0.5496138814016173,0.56165,0.31820000000000004,0.8340000000000001,0.10085712561386556
2019,8,2019-08,Adimulyo,0.4923376044568245,0.49245000000000005,0.20140000000000002,0.6857000000000001,0.06211591817433116
2019,8,2019-08,Kuwarasan,0.515513481228669,0.5243500000000001,0.27355,0.7085,0.08087321697818023
2019,8,2019-08,Rowokele,0.5956402547065338,0.60575,0.15155000000000002,0.8823500000000001,0.1218970317985068
2019,8,2019-08,Sempor,0.5960940866873066,0.6133000000000001,0.1068,0.86175,0.12622087351485556
2019,8,2019-08,Gombong,0.41733791540785503,0.4042,0.25085,0.72865,0.08117774596566077
2019,8,2019-08,Karanganyar,0.5384348543689321,0.5443,0.23420000000000002,0.8175,0.11650633506559069
2019,8,2019-08,Karanggayam,0.5890384552401746,0.5996,0.276,0.8285,0.09494350390983597
2019,8,2019-08,Sadang,0.6900159442724458,0.7180000000000001,0.36310000000000003,0.8904500000000001,0.11548320202349148
2019,8,2019-08,Bonorowo,0.5494165277777778,0.5517750000000001,0.35145000000000004,0.7170000000000001,0.08807549262106726
2019,8,2019-08,Padureso,0.6472243119266055,0.650275,0.23295000000000002,0.80105,0.07391932509319182
2019,8,2019-08,Poncowarno,0.6111709890109891,0.60785,0.44520000000000004,0.8015,0.07823046084816555
2019,8,2019-08,Karangsambung,0.6266825375773651,0.6238,0.3763,0.8195,0.09331687795108036
2019,9,2019-09,Ayah,0.5914031914893618,0.600525,0.11520000000000001,0.85795,0.1201454825804751
2019,9,2019-09,Buayan,0.5379200448430494,0.5381,0.22560000000000002,0.8479500000000001,0.10956014908993075
2019,9,2019-09,Puring,0.49037759131293196,0.49870000000000003,0.040100000000000004,0.8270000000000001,0.11084524294633928
2019,9,2019-09,Petanahan,0.5136588397790055,0.5259750000000001,0.2505,0.72195,0.09691488329549157
2019,9,2019-09,Klirong,0.5507241531664212,0.5693,0.31795,0.7183,0.08528941479874813
2019,9,2019-09,Buluspesantren,0.5163668689320389,0.536475,0.2308,0.68015,0.09865670676374849
2019,9,2019-09,Ambal,0.4940753791708796,0.50075,0.23670000000000002,0.7502500000000001,0.10056237777139226
2019,9,2019-09,Mirit,0.49106037414965986,0.49757500000000005,0.009300000000000001,0.7765000000000001,0.09927110137168363
2019,9,2019-09,Prembun,0.5622994936708862,0.57355,0.3367,0.7195,0.08073568070552287
2019,9,2019-09,Kutowinangun,0.5115558407079646,0.51065,0.28500000000000003,0.6886,0.07795413151817797
2019,9,2019-09,Alian,0.5128558164354322,0.5119,0.2681,0.7291000000000001,0.07898628659058982
2019,9,2019-09,Kebumen,0.4492608923884515,0.43652500000000005,0.23105,0.7069500000000001,0.09685144602891228
2019,9,2019-09,Pejagoan,0.5220598797250859,0.5306500000000001,0.2823,0.78915,0.09434239822350741
2019,9,2019-09,Sruweng,0.5110692048517521,0.531525,0.22725,0.7843,0.10559779051172442
2019,9,2019-09,Adimulyo,0.49072082172701953,0.494425,0.23235,0.68135,0.07722243205723656
2019,9,2019-09,Kuwarasan,0.5435769624573379,0.561725,0.25665,0.7663500000000001,0.10000979870075645
2019,9,2019-09,Rowokele,0.5175808970099668,0.5072,0.1061,0.9007000000000001,0.11542264625265763
2019,9,2019-09,Sempor,0.5032405882352942,0.50675,0.1226,0.8822000000000001,0.113068801356569
2019,9,2019-09,Gombong,0.3699891238670695,0.3492,0.19090000000000001,0.7494000000000001,0.09685508143684944
2019,9,2019-09,Karanganyar,0.4777940776699029,0.4888,0.23605,0.75515,0.10934322020469231
2019,9,2019-09,Karanggayam,0.5328929858078604,0.5357500000000001,0.22975,0.8054,0.09947827337445658
2019,9,2019-09,Sadang,0.6469846749226007,0.6833,0.32415,0.8429500000000001,0.11786400624418118
2019,9,2019-09,Bonorowo,0.5450244444444445,0.5525500000000001,0.37475,0.70955,0.07046138579804011
2019,9,2019-09,Padureso,0.5670172018348624,0.5744,0.202,0.74505,0.084156407137863
2019,9,2019-09,Poncowarno,0.5333793406593408,0.52715,0.26725,0.7664500000000001,0.09562761102722404
2019,9,2019-09,Karangsambung,0.5737992926613618,0.5800000000000001,0.27240000000000003,0.85485,0.09381868454519841
2019,10,2019-10,Ayah,0.5786653756777692,0.606,0.0762,0.9807,0.13291256452317687
2019,10,2019-10,Buayan,0.5065749330954504,0.5082,0.097,0.9507000000000001,0.12243650602168248
2019,10,2019-10,Puring,0.42083993963782707,0.42390000000000005,0.2041,0.7067,0.11075677198092307
2019,10,2019-10,Petanahan,0.42912452830188674,0.43205000000000005,0.0756,0.7085,0.11799583809637489
2019,10,2019-10,Klirong,0.4766358273381294,0.4766,0.2525,0.6869000000000001,0.09421167287724967
2019,10,2019-10,Buluspesantren,0.44064444444444445,0.43495,0.25420000000000004,0.664,0.09526611331254684
2019,10,2019-10,Ambal,0.4217467758444217,0.4222,0.1168,0.6773,0.09377180402791041
2019,10,2019-10,Mirit,0.4564337236533958,0.456,0.0494,0.6669,0.08094314155518632
2019,10,2019-10,Prembun,0.49568911392405074,0.5011,0.1154,0.7619,0.07491312543544028
2019,10,2019-10,Kutowinangun,0.4737902654867257,0.4806,0.1273,0.7837000000000001,0.09302971317572593
2019,10,2019-10,Alian,0.46398207043756673,0.45380000000000004,0.12350000000000001,0.7914,0.08250388949004425
2019,10,2019-10,Kebumen,0.40139317585301837,0.3983,0.0781,0.6884,0.08642569020369059
2019,10,2019-10,Pejagoan,0.4670005154639176,0.4718,0.0736,0.7077,0.07817784168807537
2019,10,2019-10,Sruweng,0.4492456873315364,0.4721,0.1305,0.7477,0.10315208227218792
2019,10,2019-10,Adimulyo,0.3801154596100279,0.3771,0.10060000000000001,0.6647000000000001,0.08834963161915285
2019,10,2019-10,Kuwarasan,0.40315153583617747,0.4031,0.0906,0.9182,0.10683374921832492
2019,10,2019-10,Rowokele,0.5381968992248063,0.5387000000000001,0.0565,0.9076000000000001,0.15112849977927623
2019,10,2019-10,Sempor,0.4939295975232198,0.5073,0.0432,0.8225,0.12144889820952928
2019,10,2019-10,Gombong,0.33237552870090636,0.32070000000000004,0.1076,0.608,0.08455889296819989
2019,10,2019-10,Karanganyar,0.4280192233009708,0.4506,0.078,0.7011000000000001,0.11929748375579721
2019,10,2019-10,Karanggayam,0.46623029475982536,0.46810000000000007,0.13490000000000002,0.9102,0.09642158309185406
2019,10,2019-10,Sadang,0.6040304437564499,0.646,0.2671,0.8218000000000001,0.13033098173777358
2019,10,2019-10,Bonorowo,0.5314683333333333,0.5292,0.38,0.6999000000000001,0.06934270808014993
2019,10,2019-10,Padureso,0.5481809633027523,0.5482,0.22970000000000002,0.7509,0.08107084414653447
2019,10,2019-10,Poncowarno,0.48608791208791213,0.4852,0.1933,0.9065000000000001,0.0982490621101837
2019,10,2019-10,Karangsambung,0.5005870026525199,0.49260000000000004,0.20750000000000002,0.7427,0.09104629315272234
2019,11,2019-11,Ayah,0.5933462292609352,0.6164750000000001,0.08800000000000001,0.9379000000000001,0.1303828177185128
2019,11,2019-11,Buayan,0.5803296777081469,0.58875,0.22310000000000002,0.8210500000000001,0.11601521299034898
2019,11,2019-11,Puring,0.5187872206025267,0.52195,0.18960000000000002,0.73265,0.09240421849765419
2019,11,2019-11,Petanahan,0.47549797023004065,0.48655000000000004,0.19010000000000002,0.72675,0.11335586791250235
2019,11,2019-11,Klirong,0.48298098290598296,0.499575,0.18580000000000002,0.6878500000000001,0.10945871542573542
2019,11,2019-11,Buluspesantren,0.4399593525179856,0.43345,0.1429,0.6769000000000001,0.09779601085253681
2019,11,2019-11,Ambal,0.4206618034447822,0.41290000000000004,0.19105,0.6776,0.09635016232014562
2019,11,2019-11,Mirit,0.44696608996539794,0.45180000000000003,0.10310000000000001,0.6768000000000001,0.08962031877614286
2019,11,2019-11,Prembun,0.4680954430379746,0.47140000000000004,0.2053,0.7407,0.1019421930609183
2019,11,2019-11,Kutowinangun,0.4409974336283186,0.42245000000000005,0.17885,0.7931,0.11960714094894213
2019,11,2019-11,Alian,0.49823932764140877,0.50875,0.2354,0.79095,0.10829821329287696
2019,11,2019-11,Kebumen,0.3804996062992126,0.363825,0.15255000000000002,0.7626000000000001,0.1056306857786137
2019,11,2019-11,Pejagoan,0.4569650343642611,0.4588,0.18395,0.7415,0.11230265463801167
2019,11,2019-11,Sruweng,0.44632574123989216,0.434275,0.15510000000000002,0.7808,0.12795604931797916
2019,11,2019-11,Adimulyo,0.3969672005571031,0.401675,0.15785000000000002,0.6828500000000001,0.10780771108663667
2019,11,2019-11,Kuwarasan,0.4252995733788396,0.42435,0.15795,0.6954,0.11419554155293825
2019,11,2019-11,Rowokele,0.5739223698781839,0.5859500000000001,0.18255000000000002,0.8481500000000001,0.12323530883412583
2019,11,2019-11,Sempor,0.5439196904024768,0.5579500000000001,0.115,0.8339500000000001,0.11313698505034443
2019,11,2019-11,Gombong,0.3720027190332326,0.37185,0.1621,0.68245,0.09772467965542223
2019,11,2019-11,Karanganyar,0.4659194174757281,0.48115,0.15445,0.7736500000000001,0.14564922165460653
2019,11,2019-11,Karanggayam,0.5050134006550218,0.511525,0.1923,0.85865,0.1155254120717241
2019,11,2019-11,Sadang,0.637138028895769,0.6646500000000001,0.2669,0.8857,0.12750889661643922
2019,11,2019-11,Bonorowo,0.49364236111111115,0.492275,0.26380000000000003,0.7816000000000001,0.09715597627716784
2019,11,2019-11,Padureso,0.5837963302752294,0.5932250000000001,0.26015,0.77195,0.08331859668193459
2019,11,2019-11,Poncowarno,0.5048512087912088,0.5013000000000001,0.23190000000000002,0.80205,0.11969645621490621
2019,11,2019-11,Karangsambung,0.5158007957559682,0.51175,0.19925,0.8766,0.11773074737071317
2019,12,2019-12,Ayah,0.618850494296578,0.6282,0.0261,0.9187000000000001,0.14106949324928897
2019,12,2019-12,Buayan,0.6895827663384064,0.7024,0.14285,0.9214,0.12223746222687618
2019,12,2019-12,Puring,0.6215799111549852,0.64225,0.22125,0.8776,0.11567326831919562
2019,12,2019-12,Petanahan,0.5522116326530614,0.55665,0.21030000000000001,0.9448000000000001,0.1407171072138728
2019,12,2019-12,Klirong,0.5547720351390922,0.57355,0.17815,0.7756500000000001,0.12120718839894397
2019,12,2019-12,Buluspesantren,0.5114072929542646,0.5312,0.16325,0.77605,0.11850717576168371
2019,12,2019-12,Ambal,0.5100045454545454,0.5245500000000001,0.16,0.74105,0.11740708910558142
2019,12,2019-12,Mirit,0.5462963470319635,0.55915,-0.0046,0.75605,0.10013185829133006
2019,12,2019-12,Prembun,0.5461786075949366,0.55235,0.2847,0.7794000000000001,0.08904682791291528
2019,12,2019-12,Kutowinangun,0.5621258407079647,0.56755,0.18975,0.8361500000000001,0.1253888344715506
2019,12,2019-12,Alian,0.6170726254002135,0.63515,0.2886,0.8842000000000001,0.11833024171763358
2019,12,2019-12,Kebumen,0.47440551181102364,0.466175,0.18715,0.8391000000000001,0.11336474355446008
2019,12,2019-12,Pejagoan,0.5684461340206185,0.5557750000000001,0.11605,0.83035,0.1199393433382684
2019,12,2019-12,Sruweng,0.5801566037735849,0.5832250000000001,0.215,0.89575,0.13184793517135876
2019,12,2019-12,Adimulyo,0.5443529944289694,0.5534250000000001,0.26795,0.7947500000000001,0.09650106665207814
2019,12,2019-12,Kuwarasan,0.5742556313993175,0.58765,0.2523,0.80245,0.10864724164354798
2019,12,2019-12,Rowokele,0.6832534330011074,0.69935,0.2721,0.94245,0.1244918058222977
2019,12,2019-12,Sempor,0.6408430030959752,0.64935,0.1052,0.88615,0.11184181088983511
2019,12,2019-12,Gombong,0.5690608761329305,0.5787,0.3089,0.7977500000000001,0.08910931244538468
2019,12,2019-12,Karanganyar,0.6289805825242719,0.624,0.3059,0.8844500000000001,0.12040982651756776
2019,12,2019-12,Karanggayam,0.6763590884279477,0.700575,0.20455,0.888,0.11720451063130659
2019,12,2019-12,Sadang,0.7203750257997936,0.74305,0.35700000000000004,0.9034000000000001,0.10178052155106986
2019,12,2019-12,Bonorowo,0.5722502777777778,0.5785750000000001,0.32665,0.72655,0.07208062904314982
2019,12,2019-12,Padureso,0.7203744266055047,0.7328250000000001,0.18995,0.9015000000000001,0.10273719464566884
2019,12,2019-12,Poncowarno,0.6846318681318682,0.6986,0.276,0.9095000000000001,0.08619910363767512
2019,12,2019-12,Karangsambung,0.688742175066313,0.7092,0.314,0.89905,0.1122285802888115
2020,1,2020-01,Ayah,0.6943764372163389,0.7079500000000001,0.0297,0.9689000000000001,0.1321237088169936
2020,1,2020-01,Buayan,0.622031305903399,0.621025,0.14780000000000001,0.92135,0.13937887316804282
2020,1,2020-01,Puring,0.5656991609081935,0.58065,0.1164,0.8996000000000001,0.1637930094132902
2020,1,2020-01,Petanahan,0.5086946164199193,0.5163,0.040150000000000005,0.8734500000000001,0.16679009024476518
2020,1,2020-01,Klirong,0.5451768274853801,0.5551250000000001,0.1763,0.92505,0.13415062435536837
2020,1,2020-01,Buluspesantren,0.5552467391304348,0.56965,0.19785,0.8854000000000001,0.12398310639653243
2020,1,2020-01,Ambal,0.5734595454545455,0.595175,0.2321,0.82915,0.13550266856850948
2020,1,2020-01,Mirit,0.5768555239179954,0.5879000000000001,0.0949,0.7991,0.10868785966214145
2020,1,2020-01,Prembun,0.5731837974683545,0.5961000000000001,0.0375,0.8547,0.14193564227354788
2020,1,2020-01,Kutowinangun,0.6070706194690266,0.6164000000000001,0.2797,0.8595,0.13666884893613382
2020,1,2020-01,Alian,0.6773113127001067,0.67655,0.40335000000000004,0.9123,0.11203549433320673
2020,1,2020-01,Kebumen,0.5196474409448819,0.521475,0.20075,0.8536,0.1290928084706186
2020,1,2020-01,Pejagoan,0.5895250000000001,0.599375,0.20225,0.85555,0.11445127625774862
2020,1,2020-01,Sruweng,0.6030601752021563,0.6247,0.12010000000000001,0.8841,0.14465976681280765
2020,1,2020-01,Adimulyo,0.43457465181058497,0.43900000000000006,0.058600000000000006,0.82645,0.1388874054688159
2020,1,2020-01,Kuwarasan,0.4927196245733789,0.49660000000000004,0.1529,0.8698,0.11222651798227373
2020,1,2020-01,Rowokele,0.6433795127353268,0.6437,0.1637,0.91915,0.13143328580240562
2020,1,2020-01,Sempor,0.613558359133127,0.6239,0.039150000000000004,0.9238500000000001,0.10732356503228657
2020,1,2020-01,Gombong,0.467484743202417,0.4479,0.25170000000000003,0.86895,0.1097486579958165
2020,1,2020-01,Karanganyar,0.5688812621359224,0.6096,0.1375,0.919,0.13865756132984958
2020,1,2020-01,Karanggayam,0.6566838155021835,0.6617250000000001,0.38995,0.92435,0.09117919352393708
2020,1,2020-01,Sadang,0.7381634158926729,0.74485,0.3643,0.9254,0.10378202066249184
2020,1,2020-01,Bonorowo,0.5795865277777779,0.589825,0.24325000000000002,0.764,0.09476786297696836
2020,1,2020-01,Padureso,0.7502251146788992,0.772275,0.30655,0.9014000000000001,0.10849419315512396
2020,1,2020-01,Poncowarno,0.6828523076923078,0.6788000000000001,0.39655,0.9239,0.10219510074144299
2020,1,2020-01,Karangsambung,0.7294683908045978,0.7274,0.3905,0.9369500000000001,0.10791928094756675
2020,2,2020-02,Ayah,0.6988075227963526,0.71835,0.030000000000000002,0.9428500000000001,0.1307604520819116
2020,2,2020-02,Buayan,0.7406243978590544,0.7614500000000001,0.1962,0.9261,0.11138881721097378
2020,2,2020-02,Puring,0.6986828263002944,0.7018,0.203,0.93035,0.10813697311886152
2020,2,2020-02,Petanahan,0.7190088903743316,0.75305,0.0585,0.89175,0.138531683731793
2020,2,2020-02,Klirong,0.7254290882778582,0.74765,0.1882,0.89085,0.0964556182692099
2020,2,2020-02,Buluspesantren,0.6440526442307692,0.654625,0.1648,0.9139,0.1334940936966961
2020,2,2020-02,Ambal,0.6326723007063574,0.6543,0.1129,0.8942,0.1547137186868169
2020,2,2020-02,Mirit,0.6072734589041096,0.624,0.2093,0.86295,0.11866310024150892
2020,2,2020-02,Prembun,0.665446835443038,0.6813,0.329,0.8621000000000001,0.13570446228817346
2020,2,2020-02,Kutowinangun,0.6488221238938054,0.67925,0.1874,0.8913000000000001,0.16422924595621657
2020,2,2020-02,Alian,0.711984151547492,0.7407,0.28445000000000004,0.9373,0.12237642791411528
2020,2,2020-02,Kebumen,0.5259518372703412,0.506375,0.309,0.86995,0.12149850680324055
2020,2,2020-02,Pejagoan,0.739455412371134,0.7639750000000001,0.3657,0.8916000000000001,0.09664422750685611
2020,2,2020-02,Sruweng,0.6938608490566037,0.7186250000000001,0.224,0.88665,0.12852233177301695
2020,2,2020-02,Adimulyo,0.6281566155988859,0.63065,0.25595,0.8782500000000001,0.12497137057142833
2020,2,2020-02,Kuwarasan,0.5912748293515359,0.598625,0.27635000000000004,0.9195000000000001,0.12075262037047506
2020,2,2020-02,Rowokele,0.687366057585825,0.71155,0.12885,0.9173,0.12740541649356685
2020,2,2020-02,Sempor,0.7525672445820433,0.7887000000000001,0.1409,0.92295,0.11836528868233918
2020,2,2020-02,Gombong,0.4965740181268882,0.47005,0.28635,0.88795,0.11265375711717734
2020,2,2020-02,Karanganyar,0.6786138834951456,0.69515,0.2378,0.929,0.15998825996511756
2020,2,2020-02,Karanggayam,0.7763527019650656,0.8017750000000001,0.4259,0.93045,0.07890747511068574
2020,2,2020-02,Sadang,0.783309855521156,0.81005,0.42475,0.9164,0.08497318337000674
2020,2,2020-02,Bonorowo,0.6015501388888889,0.6092250000000001,0.31295,0.8268500000000001,0.10060537865968444
2020,2,2020-02,Padureso,0.7845662844036698,0.79905,0.54495,0.8821,0.06350697127052914
2020,2,2020-02,Poncowarno,0.7117013186813187,0.7223,0.4107,0.9003,0.0985985361905562
2020,2,2020-02,Karangsambung,0.7830513704686118,0.7945,0.46230000000000004,0.95645,0.07887326623621613
2020,3,2020-03,Ayah,0.7996063161875945,0.83055,0.0741,0.9896,0.08705584961919384
2020,3,2020-03,Buayan,0.7926941912421804,0.81025,0.5068,0.9246000000000001,0.07147393409424804
2020,3,2020-03,Puring,0.69850517578125,0.718025,0.0334,0.87185,0.10171638924184631
2020,3,2020-03,Petanahan,0.7549924898511503,0.77595,0.36150000000000004,0.8927,0.07973068038643083
2020,3,2020-03,Klirong,0.7434482633863966,0.7624000000000001,0.17950000000000002,0.8839,0.08805095915424617
2020,3,2020-03,Buluspesantren,0.654714578313253,0.65615,0.22590000000000002,0.865,0.08921012813672885
2020,3,2020-03,Ambal,0.686563877755511,0.6929750000000001,0.0521,0.8824500000000001,0.10204097253282123
2020,3,2020-03,Mirit,0.6539493174061434,0.65525,0.0656,0.8974500000000001,0.11946015569764899
2020,3,2020-03,Prembun,0.7311215189873418,0.7565500000000001,0.37195,0.8885000000000001,0.09994304646614083
2020,3,2020-03,Kutowinangun,0.7402967256637168,0.7614000000000001,0.36150000000000004,0.88895,0.08865834618176567
2020,3,2020-03,Alian,0.7601957844183566,0.7915500000000001,0.34875,0.9236500000000001,0.10901204417242848
2020,3,2020-03,Kebumen,0.6431,0.6538,0.3241,0.9032,0.11417544811716705
2020,3,2020-03,Pejagoan,0.7661246563573882,0.8016000000000001,0.43985,0.9252,0.09620238366674548
2020,3,2020-03,Sruweng,0.7782728436657683,0.7989250000000001,0.49055000000000004,0.88095,0.06399967423581876
2020,3,2020-03,Adimulyo,0.7668342618384401,0.7834750000000001,0.27205,0.8993500000000001,0.08271129169946745
2020,3,2020-03,Kuwarasan,0.7058178327645052,0.7180500000000001,0.3274,0.9154,0.08822390613025408
2020,3,2020-03,Rowokele,0.7963234772978959,0.8122,0.5564,0.9069,0.06187590984850731
2020,3,2020-03,Sempor,0.7773917956656348,0.80455,0.30705,0.91635,0.08916045133826823
2020,3,2020-03,Gombong,0.6726694864048338,0.6678000000000001,0.30905,0.882,0.1098926714348307
2020,3,2020-03,Karanganyar,0.7813247572815534,0.79925,0.4501,0.9081,0.07823167686888596
2020,3,2020-03,Karanggayam,0.7903421397379914,0.8074749999999999,0.25765,0.9480500000000001,0.08284815181509471
2020,3,2020-03,Sadang,0.821274871001032,0.8353,0.41750000000000004,0.94655,0.07347926022201705
2020,3,2020-03,Bonorowo,0.6927747222222223,0.7038500000000001,0.30695,0.8662500000000001,0.07503694034666863
2020,3,2020-03,Padureso,0.8162884174311926,0.8298000000000001,0.5862,0.89175,0.04903375742272755
2020,3,2020-03,Poncowarno,0.7910903296703297,0.79915,0.5885,0.9034500000000001,0.05759198762287039
2020,3,2020-03,Karangsambung,0.8216645004420867,0.8361000000000001,0.47725,0.9463,0.06961988208552773
2020,4,2020-04,Ayah,0.801555804248862,0.829825,0.08220000000000001,0.9952000000000001,0.08883938952162342
2020,4,2020-04,Buayan,0.7787600356824265,0.8177000000000001,0.24055,0.9675,0.11909227857370691
2020,4,2020-04,Puring,0.6286006698564593,0.6672,0.0273,0.8642000000000001,0.14909589812222154
2020,4,2020-04,Petanahan,0.6115373989218329,0.60545,0.266,0.8353,0.12674379884393053
2020,4,2020-04,Klirong,0.675226917510854,0.6782,0.4147,0.84565,0.08337473315001047
2020,4,2020-04,Buluspesantren,0.7116091299019608,0.730275,0.0772,0.9272,0.09320544235536678
2020,4,2020-04,Ambal,0.7065528368794326,0.7300500000000001,0.2026,0.8672500000000001,0.09147215992084332
2020,4,2020-04,Mirit,0.6730080908032596,0.6926,0.3155,0.8372,0.09097900988759329
2020,4,2020-04,Prembun,0.6966046835443038,0.7251000000000001,0.4232,0.83065,0.08966426152330766
2020,4,2020-04,Kutowinangun,0.7601429203539823,0.7719,0.46140000000000003,0.88095,0.06149954128444534
2020,4,2020-04,Alian,0.7821700640341516,0.7938000000000001,0.53245,0.86365,0.04990994785805069
2020,4,2020-04,Kebumen,0.679707283464567,0.6998500000000001,0.3014,0.88095,0.11461528753435857
2020,4,2020-04,Pejagoan,0.7393821305841924,0.7886,0.4451,0.89525,0.11333028582034198
2020,4,2020-04,Sruweng,0.7310115229110513,0.7718,0.4098,0.92145,0.11019555833513098
2020,4,2020-04,Adimulyo,0.6691060584958217,0.6859999999999999,0.31970000000000004,0.8306,0.08704630324304818
2020,4,2020-04,Kuwarasan,0.6972127133105802,0.7205,0.17,0.8361000000000001,0.10674978377407614
2020,4,2020-04,Rowokele,0.7859812292358803,0.8130000000000001,0.44225000000000003,0.9161,0.08040956104574767
2020,4,2020-04,Sempor,0.7906872445820434,0.81265,0.12810000000000002,0.91085,0.07299441037270214
2020,4,2020-04,Gombong,0.6633747734138973,0.67735,0.33175,0.8664000000000001,0.1035590135166311
2020,4,2020-04,Karanganyar,0.7625315533980582,0.7917500000000001,0.38985000000000003,0.90485,0.08560423578301907
2020,4,2020-04,Karanggayam,0.8206842521834062,0.8318750000000001,0.448,0.922,0.045622001625323635
2020,4,2020-04,Sadang,0.8117924148606811,0.8291000000000001,0.49555000000000005,0.9016000000000001,0.06451853652209388
2020,4,2020-04,Bonorowo,0.7151584722222222,0.728,0.49265000000000003,0.8271000000000001,0.06802403734995532
2020,4,2020-04,Padureso,0.795791513761468,0.8047500000000001,0.52315,0.88915,0.0499543688247685
2020,4,2020-04,Poncowarno,0.7922164835164837,0.79745,0.60435,0.88085,0.03616381004353818
2020,4,2020-04,Karangsambung,0.7924227674624227,0.8077500000000001,0.5707,0.8988,0.05599874865374232
2020,5,2020-05,Ayah,0.7756421493902439,0.8288000000000001,0.0687,0.95965,0.130396621804409
2020,5,2020-05,Buayan,0.7652453612845673,0.82635,0.13725,0.92195,0.14577159269005668
2020,5,2020-05,Puring,0.5990340798442065,0.6109,-0.07440000000000001,0.9125000000000001,0.18408813723564968
2020,5,2020-05,Petanahan,0.5339613975576663,0.5335,0.041,0.88375,0.1891986634897205
2020,5,2020-05,Klirong,0.6297766809728184,0.6423,0.08560000000000001,0.89225,0.16968211818039572
2020,5,2020-05,Buluspesantren,0.6438044794188862,0.647475,0.07440000000000001,0.8771,0.15646929720113661
2020,5,2020-05,Ambal,0.653520259481038,0.64365,0.34705,0.8521500000000001,0.11507758995700211
2020,5,2020-05,Mirit,0.5936177401129944,0.60295,0.00355,0.8424,0.1343327529104404
2020,5,2020-05,Prembun,0.6339797468354431,0.63695,-0.10875,0.8623500000000001,0.15776363820340988
2020,5,2020-05,Kutowinangun,0.6978566371681416,0.7209,0.369,0.8650500000000001,0.11053951772136468
2020,5,2020-05,Alian,0.8103689967982926,0.8225,0.506,0.9084500000000001,0.056138056563481455
2020,5,2020-05,Kebumen,0.6217396325459318,0.62085,0.32065,0.8749,0.12123562954642715
2020,5,2020-05,Pejagoan,0.7321694158075602,0.782625,0.3504,0.92315,0.1421829048706609
2020,5,2020-05,Sruweng,0.6983754043126684,0.786425,0.20270000000000002,0.9442,0.1763992116329569
2020,5,2020-05,Adimulyo,0.4744143454038997,0.49535,0.13225,0.76485,0.1311129173887421
2020,5,2020-05,Kuwarasan,0.5120326791808874,0.5323,-0.014700000000000001,0.77605,0.14091158406985052
2020,5,2020-05,Rowokele,0.7466879844961241,0.7926000000000001,0.31385,0.92445,0.13195515403643537
2020,5,2020-05,Sempor,0.7831472445820433,0.8201,0.31070000000000003,0.9297500000000001,0.10330407844048865
2020,5,2020-05,Gombong,0.5590394259818732,0.548,0.3718,0.8597,0.08867726325332502
2020,5,2020-05,Karanganyar,0.7172829126213592,0.8009000000000001,0.30565000000000003,0.90735,0.16335867280272007
2020,5,2020-05,Karanggayam,0.8191359716157207,0.8401750000000001,0.48495000000000005,0.95925,0.0669236087246707
2020,5,2020-05,Sadang,0.8100858101135191,0.8386,0.47350000000000003,0.94055,0.07770836301549564
2020,5,2020-05,Bonorowo,0.6016491666666667,0.60175,0.29400000000000004,0.7845500000000001,0.07842480253136333
2020,5,2020-05,Padureso,0.8138592889908258,0.82765,0.2555,0.89695,0.06547261902098421
2020,5,2020-05,Poncowarno,0.7944427472527472,0.79945,0.5856,0.91815,0.05879634895717897
2020,5,2020-05,Karangsambung,0.813998275862069,0.83775,0.53415,0.9043500000000001,0.06484605383317235
2020,6,2020-06,Ayah,0.7530528452200305,0.7922750000000001,0.1918,0.9762000000000001,0.1309057975905391
2020,6,2020-06,Buayan,0.7710340787119857,0.8001,0.35300000000000004,0.9285,0.10413572752188649
2020,6,2020-06,Puring,0.7177413064833006,0.7404000000000001,-0.020900000000000002,0.88875,0.09870761807466955
2020,6,2020-06,Petanahan,0.6955556462585033,0.7057,0.0708,0.87665,0.08868187713431276
2020,6,2020-06,Klirong,0.677249420289855,0.6938,0.0671,0.88585,0.11061328585170188
2020,6,2020-06,Buluspesantren,0.6483900609756097,0.6606500000000001,0.27965,0.86595,0.11492241222274202
2020,6,2020-06,Ambal,0.5986866071428573,0.6382000000000001,0.0492,0.8838,0.16519754298574843
2020,6,2020-06,Mirit,0.5877459090909091,0.6067,0.1027,0.88185,0.1336806526691024
2020,6,2020-06,Prembun,0.6198964556962026,0.62915,0.30110000000000003,0.8415,0.1263577869248739
2020,6,2020-06,Kutowinangun,0.6394264601769912,0.69205,0.29705000000000004,0.8542500000000001,0.14717486004130467
2020,6,2020-06,Alian,0.764395250800427,0.7962,0.43435,0.88965,0.09608279784095403
2020,6,2020-06,Kebumen,0.5464854330708662,0.5313000000000001,0.2856,0.86765,0.1255072872700359
2020,6,2020-06,Pejagoan,0.7380127147766323,0.787175,0.4173,0.8926000000000001,0.12648383371232916
2020,6,2020-06,Sruweng,0.7090474393530998,0.773625,0.33035000000000003,0.9037000000000001,0.1467938132621449
2020,6,2020-06,Adimulyo,0.5867595403899722,0.60135,0.22790000000000002,0.7636000000000001,0.09010680305632367
2020,6,2020-06,Kuwarasan,0.5930049488054607,0.5971250000000001,0.3543,0.83755,0.09527703647039511
2020,6,2020-06,Rowokele,0.7983501107419713,0.8258000000000001,0.43755,0.9525,0.08983754878466906
2020,6,2020-06,Sempor,0.7812970278637771,0.81265,0.3719,0.9208500000000001,0.09312997529081576
2020,6,2020-06,Gombong,0.5321404833836858,0.51735,0.3483,0.8883000000000001,0.10575480330234939
2020,6,2020-06,Karanganyar,0.7278210679611651,0.79545,0.34440000000000004,0.8872,0.135331446190402
2020,6,2020-06,Karanggayam,0.8088026746724892,0.8268250000000001,0.51665,0.91385,0.059534342965218624
2020,6,2020-06,Sadang,0.8035798761609907,0.8320000000000001,0.4938,0.9151,0.07901102487103591
2020,6,2020-06,Bonorowo,0.5417573611111112,0.5581750000000001,0.17475000000000002,0.756,0.12217176908390834
2020,6,2020-06,Padureso,0.8178019495412844,0.824675,0.6074,0.8781,0.037857876449593465
2020,6,2020-06,Poncowarno,0.7618347252747254,0.7758,0.41350000000000003,0.8894000000000001,0.07406752623455805
2020,6,2020-06,Karangsambung,0.8039416887709991,0.81825,0.47795000000000004,0.9066500000000001,0.05930041518630624
2020,7,2020-07,Ayah,0.758795444191344,0.78985,0.1183,0.9926,0.11013841876947207
2020,7,2020-07,Buayan,0.7821563506261181,0.79245,0.49275,0.9529000000000001,0.07186579117275482
2020,7,2020-07,Puring,0.7302837243401761,0.7504500000000001,0.1052,0.8702500000000001,0.08281726401821438
2020,7,2020-07,Petanahan,0.7515451766304347,0.77325,0.0341,0.8914000000000001,0.09148440749314048
2020,7,2020-07,Klirong,0.7339128057553957,0.7489,0.2087,0.8966000000000001,0.0913630296986963
2020,7,2020-07,Buluspesantren,0.7050216867469878,0.72865,0.14650000000000002,0.8744000000000001,0.10504640640956989
2020,7,2020-07,Ambal,0.6003783932135729,0.624,0.0038,0.8545,0.11518035906561547
2020,7,2020-07,Mirit,0.6229638418079098,0.6365000000000001,0.0459,0.8751500000000001,0.12112204461857942
2020,7,2020-07,Prembun,0.6579655696202531,0.67195,0.3355,0.87485,0.09815589772187368
2020,7,2020-07,Kutowinangun,0.6341594690265486,0.6537000000000001,0.3241,0.8712500000000001,0.10461804999037626
2020,7,2020-07,Alian,0.6580518143009605,0.6818500000000001,0.2238,0.9004500000000001,0.12299176947897167
2020,7,2020-07,Kebumen,0.5644468503937008,0.5639000000000001,0.24880000000000002,0.8908,0.1294221329118606
2020,7,2020-07,Pejagoan,0.679941237113402,0.691125,0.22115,0.8602500000000001,0.10996203742233465
2020,7,2020-07,Sruweng,0.7118475067385445,0.7277,0.3395,0.9156000000000001,0.08632337995625552
2020,7,2020-07,Adimulyo,0.7337291782729805,0.7436750000000001,0.40900000000000003,0.9054000000000001,0.07801839875867704
2020,7,2020-07,Kuwarasan,0.7307559726962457,0.7485,0.39155,0.884,0.08181752165638134
2020,7,2020-07,Rowokele,0.7626331672203764,0.7808,0.45125000000000004,0.9197000000000001,0.07975293309222282
2020,7,2020-07,Sempor,0.6821103405572756,0.6924,0.21055000000000001,0.8944500000000001,0.09730649067953788
2020,7,2020-07,Gombong,0.6432351963746223,0.65495,0.3089,0.8984000000000001,0.11454332083901055
2020,7,2020-07,Karanganyar,0.7332485436893205,0.7503000000000001,0.43820000000000003,0.89085,0.08903189579444518
2020,7,2020-07,Karanggayam,0.7214917030567687,0.7432000000000001,0.33425,0.90575,0.09668729098171817
2020,7,2020-07,Sadang,0.7773533023735811,0.8069500000000001,0.4169,0.9108,0.08656981797570772
2020,7,2020-07,Bonorowo,0.6277945833333334,0.6459,0.31215000000000004,0.8328500000000001,0.1074806218572743
2020,7,2020-07,Padureso,0.7441087155963303,0.762325,0.32085,0.87755,0.07552700709140518
2020,7,2020-07,Poncowarno,0.6872289010989012,0.6916,0.43010000000000004,0.8623500000000001,0.08291500729034071
2020,7,2020-07,Karangsambung,0.724839124668435,0.743,0.31170000000000003,0.9006000000000001,0.09137869487151873
2020,8,2020-08,Ayah,0.7314278713629402,0.76065,0.1463,0.9363,0.12478506648687386
2020,8,2020-08,Buayan,0.5841085561497326,0.59145,0.1131,0.91685,0.15623487981846546
2020,8,2020-08,Puring,0.6247916666666666,0.6273000000000001,0.0088,0.8954500000000001,0.1223007524118969
2020,8,2020-08,Petanahan,0.5967440217391305,0.590325,-0.0029000000000000002,0.82755,0.11464828202636687
2020,8,2020-08,Klirong,0.6388610071942445,0.6407,0.2741,0.82515,0.0962599592029217
2020,8,2020-08,Buluspesantren,0.6551507869249394,0.6696,0.19,0.8618,0.09862121437563798
2020,8,2020-08,Ambal,0.6822708291708293,0.7061000000000001,-0.036500000000000005,0.8533000000000001,0.107544314975401
2020,8,2020-08,Mirit,0.6244543329532497,0.6377,0.1859,0.8725,0.10851151848928996
2020,8,2020-08,Prembun,0.6323993670886077,0.6537000000000001,0.3562,0.8410500000000001,0.1065048384512341
2020,8,2020-08,Kutowinangun,0.676029203539823,0.69225,0.28835,0.8954000000000001,0.10090223081057967
2020,8,2020-08,Alian,0.5648957310565635,0.56025,0.1153,0.85355,0.11473300234934218
2020,8,2020-08,Kebumen,0.5872843175853019,0.606425,0.0893,0.87885,0.12598758232093746
2020,8,2020-08,Pejagoan,0.5658016323024055,0.562575,0.133,0.88295,0.11545307619253117
2020,8,2020-08,Sruweng,0.5466821428571429,0.5388250000000001,0.1447,0.8922,0.11003971441181606
2020,8,2020-08,Adimulyo,0.5510896239554318,0.56135,0.1202,0.8682500000000001,0.1134412433363257
2020,8,2020-08,Kuwarasan,0.5217532423208191,0.51995,0.1393,0.8041,0.11964192864614792
2020,8,2020-08,Rowokele,0.5416303986710964,0.5447000000000001,0.1066,0.8370000000000001,0.15493318008520296
2020,8,2020-08,Sempor,0.4882852321981424,0.48210000000000003,0.10505,0.9649500000000001,0.12520978008143796
2020,8,2020-08,Gombong,0.5168619335347432,0.5074500000000001,0.21445,0.8260000000000001,0.10878841621517363
2020,8,2020-08,Karanganyar,0.5684598058252428,0.5713,0.09845000000000001,0.8919,0.13194057155880168
2020,8,2020-08,Karanggayam,0.5495727347161572,0.5526,0.08805,0.90095,0.1185877516296331
2020,8,2020-08,Sadang,0.5972249742002064,0.604,0.1631,0.9181,0.12695840784534815
2020,8,2020-08,Bonorowo,0.7195470833333335,0.7311500000000001,0.48115,0.84155,0.06719138501816824
2020,8,2020-08,Padureso,0.5951551605504588,0.59755,0.254,0.8737,0.12455149915759914
2020,8,2020-08,Poncowarno,0.6041974725274726,0.60275,0.3729,0.8931,0.10438821045799604
2020,8,2020-08,Karangsambung,0.5810167992926615,0.5740500000000001,0.2248,0.9144,0.11152616858096416
2020,9,2020-09,Ayah,0.6673651215805472,0.677675,0.1522,0.9915,0.15174032738856294
2020,9,2020-09,Buayan,0.5847057296329454,0.5860000000000001,0.12925,0.9377000000000001,0.1894660420280214
2020,9,2020-09,Puring,0.6514811746987952,0.6614,-0.0291,0.8853500000000001,0.09770237160989695
2020,9,2020-09,Petanahan,0.6368605510752688,0.671675,0.2851,0.8565,0.11412508838679203
2020,9,2020-09,Klirong,0.6128646288209607,0.6292,0.043000000000000003,0.8642000000000001,0.13862465861438192
2020,9,2020-09,Buluspesantren,0.5931746376811594,0.591375,0.22905,0.8186,0.11518569874825939
2020,9,2020-09,Ambal,0.5988490442655936,0.608425,0.0054,0.8119000000000001,0.09223480485670132
2020,9,2020-09,Mirit,0.5516542675893887,0.5617,-0.06055,0.7653500000000001,0.09097317889472772
2020,9,2020-09,Prembun,0.4872307594936709,0.49285,0.1778,0.742,0.1137998207354615
2020,9,2020-09,Kutowinangun,0.5038546902654868,0.52005,0.11845,0.8018000000000001,0.12971353468228103
2020,9,2020-09,Alian,0.5320799893276413,0.5307000000000001,0.15375,0.8852000000000001,0.14298759361852081
2020,9,2020-09,Kebumen,0.39191502624671914,0.394625,0.08335000000000001,0.7658,0.11166423517811197
2020,9,2020-09,Pejagoan,0.4753618556701031,0.47365,0.1263,0.8834000000000001,0.15337908069162284
2020,9,2020-09,Sruweng,0.43520592991913754,0.42962500000000003,0.10055,0.8285,0.12546623569338433
2020,9,2020-09,Adimulyo,0.4983675487465181,0.508475,0.1318,0.8552000000000001,0.1502091560773804
2020,9,2020-09,Kuwarasan,0.43637585324232087,0.41495000000000004,0.1258,0.8034,0.1502400200885815
2020,9,2020-09,Rowokele,0.5101543189368771,0.5083,0.08185,0.9387500000000001,0.15484645409107842
2020,9,2020-09,Sempor,0.44612408668730646,0.446,0.0954,0.8422000000000001,0.1335274085754836
2020,9,2020-09,Gombong,0.4168216012084591,0.4243,0.1287,0.7966000000000001,0.1119702555865031
2020,9,2020-09,Karanganyar,0.45208339805825243,0.4433,0.06455,0.84175,0.13315332515966155
2020,9,2020-09,Karanggayam,0.4705445141921397,0.47040000000000004,0.10925,0.8538,0.1379548302609967
2020,9,2020-09,Sadang,0.6073098039215687,0.6142500000000001,0.1681,0.93455,0.1490400737137961
2020,9,2020-09,Bonorowo,0.5963706944444443,0.6012000000000001,0.34935,0.73405,0.07092326493640834
2020,9,2020-09,Padureso,0.5731131880733944,0.590025,0.1653,0.8291000000000001,0.13949386517427284
2020,9,2020-09,Poncowarno,0.45156560439560445,0.4436,0.11715,0.8066,0.14585141128588802
2020,9,2020-09,Karangsambung,0.5516644562334218,0.5496,0.1484,0.9043,0.13881783060488545
2020,10,2020-10,Ayah,0.46545974770642207,0.474325,0.023200000000000002,0.9566,0.16251520829378158
2020,10,2020-10,Buayan,0.5398214924039321,0.546,0.0659,0.8831,0.13974661691709936
2020,10,2020-10,Puring,0.52651962391514,0.5493,-0.0091,0.8214,0.17060468254991965
2020,10,2020-10,Petanahan,0.5033024966261809,0.5,0.0337,0.8607,0.17323113470023033
2020,10,2020-10,Klirong,0.5008725036179451,0.5166000000000001,0.1097,0.8544,0.12756489567525162
2020,10,2020-10,Buluspesantren,0.4901323422330097,0.4907,0.1027,0.8632000000000001,0.14546011677120166
2020,10,2020-10,Ambal,0.5003356218905473,0.5196500000000001,0.052700000000000004,0.7887000000000001,0.13323708989660402
2020,10,2020-10,Mirit,0.5072497711670481,0.521375,-0.051500000000000004,0.81555,0.1348065255066297
2020,10,2020-10,Prembun,0.5247787341772152,0.53075,0.0492,0.78305,0.1221202582367701
2020,10,2020-10,Kutowinangun,0.545179557522124,0.55,0.18680000000000002,0.8797,0.14543618502272226
2020,10,2020-10,Alian,0.6147135005336178,0.6242500000000001,0.23235,0.8986500000000001,0.1214866963598982
2020,10,2020-10,Kebumen,0.44429744094488194,0.42242500000000005,0.13485,0.8887,0.13202587246698688
2020,10,2020-10,Pejagoan,0.5278534364261169,0.51805,0.15075,0.81645,0.1132499845104952
2020,10,2020-10,Sruweng,0.5547466307277629,0.5503250000000001,0.19090000000000001,0.8285,0.10662166440987546
2020,10,2020-10,Adimulyo,0.5644933147632312,0.57665,0.16840000000000002,0.8167000000000001,0.10470458092124035
2020,10,2020-10,Kuwarasan,0.44787679180887374,0.44285,0.03805,0.7723500000000001,0.12353531631098709
2020,10,2020-10,Rowokele,0.524074861572536,0.54455,0.10640000000000001,0.8767,0.14689866253152978
2020,10,2020-10,Sempor,0.5797741795665634,0.58475,0.05265,0.9127000000000001,0.1366416864266836
2020,10,2020-10,Gombong,0.45692583081571003,0.43960000000000005,0.21955000000000002,0.88295,0.1144462714036898
2020,10,2020-10,Karanganyar,0.6108344660194175,0.6044,0.2597,0.9105000000000001,0.12253195894369331
2020,10,2020-10,Karanggayam,0.6564543941048036,0.6763,0.18765,0.917,0.11974693922009236
2020,10,2020-10,Sadang,0.6768325593395254,0.6981,0.1496,0.908,0.14590526964177564
2020,10,2020-10,Bonorowo,0.43144527777777786,0.43342500000000006,0.07055,0.9253,0.15955909874272137
2020,10,2020-10,Padureso,0.621840137614679,0.633475,0.30465000000000003,0.98045,0.12034571738007208
2020,10,2020-10,Poncowarno,0.5306957142857144,0.53555,0.164,0.8522500000000001,0.1442659002160564
2020,10,2020-10,Karangsambung,0.6711875773651637,0.68035,0.16425,0.88975,0.1032411004677122
2020,11,2020-11,Ayah,0.627854510703364,0.7103,-0.1626,0.9434,0.22209538674404491
2020,11,2020-11,Buayan,0.5873145045045046,0.6271500000000001,0.0273,0.9506,0.21040752991629177
2020,11,2020-11,Puring,0.5044001062699256,0.5845,-0.18660000000000002,0.8727,0.2379239015812948
2020,11,2020-11,Petanahan,0.4931443342776204,0.5268,-0.19290000000000002,0.9474,0.2221325127135681
2020,11,2020-11,Klirong,0.5823863095238095,0.6181,0.152,0.8918,0.1495767222012691
2020,11,2020-11,Buluspesantren,0.5160030826140568,0.5518000000000001,0.038,0.8854000000000001,0.1740796197440304
2020,11,2020-11,Ambal,0.49069950738916257,0.5296000000000001,-0.0579,0.9444,0.1969217686924912
2020,11,2020-11,Mirit,0.5238244851258581,0.5405,-0.0274,0.774,0.15719693742256047
2020,11,2020-11,Prembun,0.5556169620253165,0.5757,-0.0091,0.8239000000000001,0.17880256614952927
2020,11,2020-11,Kutowinangun,0.593489203539823,0.6331,0.1072,0.9046000000000001,0.17749557304284558
2020,11,2020-11,Alian,0.7218424759871932,0.765,0.2686,0.9962000000000001,0.13128973559997817
2020,11,2020-11,Kebumen,0.48111443569553813,0.45495,0.13970000000000002,0.9231,0.14931364934542835
2020,11,2020-11,Pejagoan,0.6493286941580757,0.6848500000000001,0.12890000000000001,0.9865,0.17391599391525753
2020,11,2020-11,Sruweng,0.6224508771929825,0.6853,0.1688,0.9391,0.19937943127098237
2020,11,2020-11,Adimulyo,0.424084239888424,0.4369,-0.1841,0.7855000000000001,0.1520912899899595
2020,11,2020-11,Kuwarasan,0.34445546075085326,0.32935000000000003,-0.1203,0.7191000000000001,0.16321902644314204
2020,11,2020-11,Rowokele,0.5147018826135106,0.5595,-0.09340000000000001,0.9255,0.21758819417541428
2020,11,2020-11,Sempor,0.6078708359133127,0.6612,-0.007,0.9882000000000001,0.19226135017664647
2020,11,2020-11,Gombong,0.4248513595166164,0.3914,0.17550000000000002,0.8370000000000001,0.12875319263208715
2020,11,2020-11,Karanganyar,0.6305617475728155,0.6878000000000001,0.0218,0.9179,0.1960539428267559
2020,11,2020-11,Karanggayam,0.7218522379912664,0.7578,0.0751,0.9972000000000001,0.1324273911849034
2020,11,2020-11,Sadang,0.6658484004127968,0.6976,0.0847,0.9724,0.1636132552582551
2020,11,2020-11,Bonorowo,0.4398338888888889,0.4518,-0.0334,0.7466,0.15882881846115154
2020,11,2020-11,Padureso,0.7707020642201836,0.7861,0.1862,0.8644000000000001,0.0891381716355456
2020,11,2020-11,Poncowarno,0.7057775824175826,0.7195,0.3426,0.8560000000000001,0.09185439566480477
2020,11,2020-11,Karangsambung,0.7486272325375773,0.7739,0.2359,0.9699000000000001,0.09523548422030188
2020,12,2020-12,Ayah,0.5746220588235295,0.585175,0.08705,0.8934000000000001,0.1588912182240337
2020,12,2020-12,Buayan,0.6033314400715565,0.613225,0.15265,0.91135,0.15354081638575987
2020,12,2020-12,Puring,0.5026900297619048,0.49970000000000003,-0.01055,0.88295,0.17755443418989894
2020,12,2020-12,Petanahan,0.48351646341463417,0.459475,0.0187,0.8541000000000001,0.16192602012186344
2020,12,2020-12,Klirong,0.52989001447178,0.52395,0.0653,0.8943000000000001,0.15059171273729421
2020,12,2020-12,Buluspesantren,0.5359174334140436,0.542225,0.1767,0.8534,0.135976219385777
2020,12,2020-12,Ambal,0.47216100000000005,0.468375,0.0373,0.8889,0.19232599632914946
2020,12,2020-12,Mirit,0.4870558720930233,0.479325,0.0878,0.86965,0.17226654523720034
2020,12,2020-12,Prembun,0.5391415189873418,0.5485,0.0366,0.8528,0.15850878491877624
2020,12,2020-12,Kutowinangun,0.512187610619469,0.5324,0.1399,0.8343,0.1587868657119015
2020,12,2020-12,Alian,0.6473473319103523,0.6736500000000001,0.156,0.9095500000000001,0.15355647652142623
2020,12,2020-12,Kebumen,0.41374914698162735,0.38830000000000003,0.19445,0.8969,0.1260247879886833
2020,12,2020-12,Pejagoan,0.5992460481099657,0.614,0.18580000000000002,0.90915,0.14302807438297613
2020,12,2020-12,Sruweng,0.558606873315364,0.5600750000000001,0.13355,0.8865000000000001,0.177580374346455
2020,12,2020-12,Adimulyo,0.41806692200557105,0.415125,0.08935,0.76025,0.13243376040122037
2020,12,2020-12,Kuwarasan,0.49592866894197957,0.5092,0.0951,0.76465,0.12244880105357077
2020,12,2020-12,Rowokele,0.6199538205980066,0.6359,0.07905000000000001,0.8897,0.13829417533137742
2020,12,2020-12,Sempor,0.6313542724458204,0.6446500000000001,0.0111,0.86975,0.10804826700793509
2020,12,2020-12,Gombong,0.5518648036253777,0.54865,0.38205,0.8018500000000001,0.08160816997231539
2020,12,2020-12,Karanganyar,0.6068966019417477,0.61655,0.035500000000000004,0.89385,0.14711691712371894
2020,12,2020-12,Karanggayam,0.5880769650655022,0.57515,0.30675,0.924,0.11490520351929676
2020,12,2020-12,Sadang,0.7098059339525284,0.7277,0.42285,0.9211,0.10728136734080945
2020,12,2020-12,Bonorowo,0.4109781944444445,0.41735,0.0074,0.7188,0.14764749246588035
2020,12,2020-12,Padureso,0.6686605504587156,0.68835,0.25765,0.8781500000000001,0.12255568095587974
2020,12,2020-12,Poncowarno,0.6040419780219781,0.6112500000000001,0.32375000000000004,0.8609,0.11048259440480704
2020,12,2020-12,Karangsambung,0.6948294871794871,0.70365,0.34965,0.91625,0.11490856553895264
2021,1,2021-01,Ayah,0.6801057488653556,0.698825,0.11410000000000001,0.9520000000000001,0.1310779414584923
2021,1,2021-01,Buayan,0.7867987957181088,0.799,0.17915,0.95045,0.0826135940633419
2021,1,2021-01,Puring,0.7183387487875849,0.74815,0.1711,0.8774500000000001,0.10678313435747488
2021,1,2021-01,Petanahan,0.738358500669344,0.7596,0.0023,0.8617,0.08833296304780124
2021,1,2021-01,Klirong,0.7426566570188133,0.7583500000000001,0.30670000000000003,0.8554,0.06992539795991135
2021,1,2021-01,Buluspesantren,0.7482616421568627,0.7665500000000001,0.32780000000000004,0.87465,0.07484884452982812
2021,1,2021-01,Ambal,0.6824443273092371,0.69285,0.1874,0.8932,0.09795917342998378
2021,1,2021-01,Mirit,0.5913615473441108,0.609675,0.0876,0.8367,0.13092566703338543
2021,1,2021-01,Prembun,0.7080159493670887,0.7311000000000001,0.272,0.8480000000000001,0.08782389001296911
2021,1,2021-01,Kutowinangun,0.7182023008849558,0.7441500000000001,0.28795000000000004,0.8639,0.09728661366419201
2021,1,2021-01,Alian,0.7651813233724654,0.7806000000000001,0.2089,0.92925,0.08497145285052721
2021,1,2021-01,Kebumen,0.6275641732283465,0.6344000000000001,0.1337,0.8693500000000001,0.12276090610674259
2021,1,2021-01,Pejagoan,0.7132001718213058,0.739725,0.4369,0.87585,0.080550924587248
2021,1,2021-01,Sruweng,0.7440104447439353,0.7606250000000001,0.44765000000000005,0.9154500000000001,0.07558259389170162
2021,1,2021-01,Adimulyo,0.7217827298050139,0.7494750000000001,0.1784,0.83665,0.09236168753494622
2021,1,2021-01,Kuwarasan,0.7600156996587031,0.77075,0.42485,0.84065,0.05029665987056249
2021,1,2021-01,Rowokele,0.7493890365448506,0.7746000000000001,0.35075,0.8899,0.09408534432696039
2021,1,2021-01,Sempor,0.7021785139318887,0.7234,0.22315000000000002,0.8527,0.08800086686680211
2021,1,2021-01,Gombong,0.6786069486404833,0.6984,0.3815,0.84375,0.10658202115123902
2021,1,2021-01,Karanganyar,0.7397480582524272,0.7552,0.40055,0.8751,0.0701519544608432
2021,1,2021-01,Karanggayam,0.6805927674672488,0.686075,0.35905000000000004,0.924,0.0839577621332152
2021,1,2021-01,Sadang,0.7013372033023737,0.7076,0.35985,0.8731500000000001,0.07392065259871679
2021,1,2021-01,Bonorowo,0.6133750000000001,0.639475,0.1192,0.78795,0.12184509752824144
2021,1,2021-01,Padureso,0.7766004587155965,0.7941750000000001,0.3773,0.8677,0.06476109332388681
2021,1,2021-01,Poncowarno,0.7859792307692308,0.7931,0.40795000000000003,0.86375,0.04742866039517468
2021,1,2021-01,Karangsambung,0.7270920866489833,0.72665,0.4721,0.8848,0.07248911739827449
2021,2,2021-02,Ayah,0.6702399092970521,0.7059500000000001,0.1558,0.92445,0.14866157599804689
2021,2,2021-02,Buayan,0.6289751115075826,0.6278,0.24000000000000002,0.92445,0.1216043866460868
2021,2,2021-02,Puring,0.6624920260782347,0.6636000000000001,0.0964,0.9451,0.11177729323954487
2021,2,2021-02,Petanahan,0.6736733067729084,0.6899500000000001,0.0844,0.875,0.09775122405408485
2021,2,2021-02,Klirong,0.598966452074392,0.6209,0.2755,0.8815500000000001,0.11762237097687647
2021,2,2021-02,Buluspesantren,0.6202890776699029,0.619325,0.17830000000000001,0.84255,0.08739328448558524
2021,2,2021-02,Ambal,0.5913186802030458,0.6052500000000001,0.0654,0.88665,0.11913071812636665
2021,2,2021-02,Mirit,0.5439588071348941,0.5498000000000001,0.18080000000000002,0.78895,0.09741085188015465
2021,2,2021-02,Prembun,0.621214430379747,0.62455,0.19775,0.8430000000000001,0.1002104972866999
2021,2,2021-02,Kutowinangun,0.4519130088495576,0.43595,0.25635,0.6857000000000001,0.08253957481363623
2021,2,2021-02,Alian,0.5879299893276414,0.58985,0.28340000000000004,0.8948,0.09757175446988094
2021,2,2021-02,Kebumen,0.5023833989501312,0.48250000000000004,0.2526,0.7809,0.1057593714473844
2021,2,2021-02,Pejagoan,0.6113074742268042,0.6156250000000001,0.3321,0.92395,0.10903836567457023
2021,2,2021-02,Sruweng,0.7023665094339622,0.7132750000000001,0.34465,0.9313,0.10298298645408345
2021,2,2021-02,Adimulyo,0.6595110724233983,0.6679250000000001,0.3257,0.9027000000000001,0.09783654444141564
2021,2,2021-02,Kuwarasan,0.6275801194539249,0.625375,0.40595000000000003,0.9428000000000001,0.09219678395969856
2021,2,2021-02,Rowokele,0.5516858803986711,0.53,0.14780000000000001,0.9297500000000001,0.16441762020663467
2021,2,2021-02,Sempor,0.6184989164086687,0.6144000000000001,0.1345,0.9385,0.12158541798771301
2021,2,2021-02,Gombong,0.5590205438066466,0.55945,0.28575,0.774,0.08179420929765595
2021,2,2021-02,Karanganyar,0.6862948543689321,0.6762,0.42000000000000004,0.9358000000000001,0.09145296662542142
2021,2,2021-02,Karanggayam,0.6345141648471617,0.6349750000000001,0.18855,0.9446,0.1236992217728408
2021,2,2021-02,Sadang,0.7339900412796699,0.74245,0.36455000000000004,0.9367500000000001,0.09175128156675386
2021,2,2021-02,Bonorowo,0.5981505555555556,0.6009,0.25375000000000003,0.8568,0.10702709735920059
2021,2,2021-02,Padureso,0.6670565366972477,0.67215,0.2921,0.92225,0.10901311499323589
2021,2,2021-02,Poncowarno,0.5575953846153846,0.55135,0.31425000000000003,0.8541000000000001,0.10863719487618574
2021,2,2021-02,Karangsambung,0.65963908045977,0.6588,0.22560000000000002,0.93405,0.11738331244413289
2021,3,2021-03,Ayah,0.7080390625,0.72345,0.2441,0.9685,0.11209764466840244
2021,3,2021-03,Buayan,0.712099641897941,0.7392500000000001,0.30805,0.9134500000000001,0.12977342785873613
2021,3,2021-03,Puring,0.5776463054187193,0.5764,0.0562,0.7915000000000001,0.09342299723546897
2021,3,2021-03,Petanahan,0.5866415159944367,0.5707,0.2501,0.83655,0.09194220801724863
2021,3,2021-03,Klirong,0.6271591445427729,0.618375,0.2635,0.83125,0.07893637502956427
2021,3,2021-03,Buluspesantren,0.5742520656136088,0.548,0.0926,0.91835,0.13542862082433715
2021,3,2021-03,Ambal,0.5829313930348259,0.56745,0.15330000000000002,0.9287000000000001,0.11343184791513598
2021,3,2021-03,Mirit,0.5387086306098964,0.548,0.1183,0.8104,0.09246430487382826
2021,3,2021-03,Prembun,0.608413924050633,0.5890500000000001,0.3991,0.8167500000000001,0.11053955696592094
2021,3,2021-03,Kutowinangun,0.6505478761061948,0.647,0.3645,0.9106000000000001,0.09927945680835308
2021,3,2021-03,Alian,0.7451056029882606,0.7612,0.53105,0.8712000000000001,0.07311240098860362
2021,3,2021-03,Kebumen,0.5752181102362205,0.5592250000000001,0.3567,0.8734500000000001,0.10024596964086482
2021,3,2021-03,Pejagoan,0.7031291237113404,0.719075,0.4439,0.9023,0.1054981632782014
2021,3,2021-03,Sruweng,0.6724538409703505,0.7126000000000001,0.34835,0.90895,0.13955954040768728
2021,3,2021-03,Adimulyo,0.5481860027855154,0.546,0.29765,0.7743,0.083100942132601
2021,3,2021-03,Kuwarasan,0.5295215017064847,0.5322,0.25775000000000003,0.74145,0.09340757084003602
2021,3,2021-03,Rowokele,0.6285691583610188,0.65005,0.1943,0.902,0.12947605173091908
2021,3,2021-03,Sempor,0.662536625386997,0.68725,0.1526,0.8893000000000001,0.11059843453706078
2021,3,2021-03,Gombong,0.4652791540785499,0.45125000000000004,0.31075,0.7676000000000001,0.08931271559333541
2021,3,2021-03,Karanganyar,0.6363004854368932,0.6844,0.2842,0.8417,0.13906793246313176
2021,3,2021-03,Karanggayam,0.7776226528384279,0.780875,0.47850000000000004,0.9239,0.06461041548159868
2021,3,2021-03,Sadang,0.7960779153766769,0.81545,0.41355000000000003,0.8987,0.07210651347299514
2021,3,2021-03,Bonorowo,0.5514663888888889,0.5491,0.38345,0.75675,0.06381504989040933
2021,3,2021-03,Padureso,0.7608277522935779,0.77,0.48610000000000003,0.90825,0.07382311216929736
2021,3,2021-03,Poncowarno,0.726448131868132,0.735,0.44170000000000004,0.8672500000000001,0.07089298793440946
2021,3,2021-03,Karangsambung,0.7915743147656941,0.81045,0.52845,0.9132,0.07297330623549232
2021,4,2021-04,Ayah,0.7541376608629825,0.7877500000000001,0.2399,0.9700000000000001,0.13093938074498615
2021,4,2021-04,Buayan,0.7733760286225404,0.8137000000000001,0.0218,0.9267500000000001,0.12366918500149095
2021,4,2021-04,Puring,0.6059670223084384,0.64005,0.0821,0.90275,0.17908395200551924
2021,4,2021-04,Petanahan,0.5516001347708895,0.560575,0.10115,0.895,0.1755000590341955
2021,4,2021-04,Klirong,0.6108137554585152,0.633,0.19160000000000002,0.87005,0.15634537725994482
2021,4,2021-04,Buluspesantren,0.6149364077669902,0.6320000000000001,0.21225000000000002,0.8849,0.14923248009807408
2021,4,2021-04,Ambal,0.5578118290258449,0.566825,-0.0149,0.85055,0.191678815287072
2021,4,2021-04,Mirit,0.5846862767154106,0.5910000000000001,0.0645,0.8592000000000001,0.13601646734807218
2021,4,2021-04,Prembun,0.5807430379746836,0.595,-0.05675,0.84185,0.17575937123838514
2021,4,2021-04,Kutowinangun,0.6363113274336283,0.6829000000000001,0.1774,0.887,0.15489235507054527
2021,4,2021-04,Alian,0.7451875133404483,0.7815500000000001,0.28105,0.8849,0.11391483018781798
2021,4,2021-04,Kebumen,0.5219984908136484,0.497775,0.2818,0.88395,0.12310410732855617
2021,4,2021-04,Pejagoan,0.7286705326460481,0.77955,0.2897,0.91595,0.13493132981837383
2021,4,2021-04,Sruweng,0.6779913746630728,0.761125,0.19545,0.89585,0.18270598285834622
2021,4,2021-04,Adimulyo,0.5055623955431755,0.51985,0.035750000000000004,0.7592,0.11625025252124409
2021,4,2021-04,Kuwarasan,0.5738326791808873,0.586975,0.2637,0.7593000000000001,0.09185152157989615
2021,4,2021-04,Rowokele,0.7661315614617941,0.7996000000000001,0.34095000000000003,0.922,0.1044993549949009
2021,4,2021-04,Sempor,0.7468713931888544,0.7791,-0.02525,0.90425,0.10444899289430644
2021,4,2021-04,Gombong,0.5502817220543806,0.5441,0.3159,0.86775,0.09606040131427677
2021,4,2021-04,Karanganyar,0.7086567961165049,0.7775500000000001,0.2856,0.9067000000000001,0.15196958833613888
2021,4,2021-04,Karanggayam,0.7850222707423581,0.8119000000000001,0.41045000000000004,0.906,0.08025233711636372
2021,4,2021-04,Sadang,0.7993785345717235,0.8266,0.45570000000000005,0.9156000000000001,0.0877293458033672
2021,4,2021-04,Bonorowo,0.5377691666666666,0.559475,0.18910000000000002,0.81125,0.12622798391919898
2021,4,2021-04,Padureso,0.8062128440366972,0.821775,0.37415000000000004,0.88685,0.06694506054147895
2021,4,2021-04,Poncowarno,0.7450847252747252,0.7593500000000001,0.3612,0.8933500000000001,0.08199866390415995
2021,4,2021-04,Karangsambung,0.779443457117595,0.79945,0.46725,0.9243,0.07640753417713314
2021,5,2021-05,Ayah,0.778566806402439,0.79805,0.053000000000000005,0.9266500000000001,0.09878873507790141
2021,5,2021-05,Buayan,0.7875260481712757,0.79325,0.2811,0.94105,0.06934989492002018
2021,5,2021-05,Puring,0.7376881046396843,0.7552,-0.085,0.8691000000000001,0.08038526843399381
2021,5,2021-05,Petanahan,0.7578717510259919,0.7726500000000001,0.0906,0.88465,0.07309709010359051
2021,5,2021-05,Klirong,0.7211186685962373,0.7300500000000001,0.12560000000000002,0.88315,0.07365233653817589
2021,5,2021-05,Buluspesantren,0.7458206097560977,0.7604250000000001,0.432,0.8934500000000001,0.06896891210852231
2021,5,2021-05,Ambal,0.6594932296890672,0.66825,0.1713,0.82965,0.09223716920498617
2021,5,2021-05,Mirit,0.6576627417519909,0.6777000000000001,-0.0099,0.82455,0.10191643411078062
2021,5,2021-05,Prembun,0.7159984810126582,0.71985,0.4918,0.85985,0.06462423956585354
2021,5,2021-05,Kutowinangun,0.6959951327433629,0.7282500000000001,0.35765,0.8631500000000001,0.09868552152026022
2021,5,2021-05,Alian,0.7383188367129135,0.7604000000000001,0.38220000000000004,0.87785,0.08578238783690441
2021,5,2021-05,Kebumen,0.6111711942257219,0.6136250000000001,0.30760000000000004,0.87,0.12528652913813984
2021,5,2021-05,Pejagoan,0.7243689862542956,0.758525,0.3884,0.8801,0.09683761927247404
2021,5,2021-05,Sruweng,0.7587676549865229,0.7785000000000001,0.43305000000000005,0.8618,0.06654203719385153
2021,5,2021-05,Adimulyo,0.7714022284122563,0.7823,0.43625,0.8692000000000001,0.05509947008519479
2021,5,2021-05,Kuwarasan,0.7675818259385666,0.7747250000000001,0.595,0.8732500000000001,0.0458452912739158
2021,5,2021-05,Rowokele,0.8247008859357697,0.8321500000000001,0.6536000000000001,0.91615,0.04939072952602781
2021,5,2021-05,Sempor,0.7547259752321982,0.7728,0.12605,0.91505,0.09676107555053313
2021,5,2021-05,Gombong,0.6971830815709971,0.71365,0.40085000000000004,0.8794500000000001,0.10684225667049296
2021,5,2021-05,Karanganyar,0.7713443689320388,0.78805,0.5051,0.8817,0.06643810622362994
2021,5,2021-05,Karanggayam,0.7384915393013102,0.7636000000000001,0.33775,0.91625,0.09425020885344904
2021,5,2021-05,Sadang,0.8008205366357068,0.8389000000000001,0.41795000000000004,0.9066500000000001,0.09377723555577842
2021,5,2021-05,Bonorowo,0.6931216666666666,0.7014,0.3583,0.81915,0.07149673896992319
2021,5,2021-05,Padureso,0.7921959862385323,0.7963250000000001,0.48345000000000005,0.87805,0.04860597439106018
2021,5,2021-05,Poncowarno,0.7568674725274724,0.7613500000000001,0.5486,0.8824000000000001,0.051929213413066395
2021,5,2021-05,Karangsambung,0.7701924845269673,0.78405,0.42255000000000004,0.8972,0.068841423874949
2021,6,2021-06,Ayah,0.793039247311828,0.836125,-0.1282,0.96745,0.11578995871299712
2021,6,2021-06,Buayan,0.7618309545049063,0.7773,0.1135,0.94225,0.09766484356684994
2021,6,2021-06,Puring,0.7372395450145208,0.7511,-0.013000000000000001,0.9065500000000001,0.0862199790877257
2021,6,2021-06,Petanahan,0.7487551401869158,0.76475,-0.0008,0.897,0.08884876818743713
2021,6,2021-06,Klirong,0.7419704052098408,0.7684500000000001,0.16870000000000002,0.8743500000000001,0.09720470222680706
2021,6,2021-06,Buluspesantren,0.7164445255474453,0.728475,0.253,0.8796,0.09433910723410875
2021,6,2021-06,Ambal,0.7454996492985971,0.7706500000000001,0.09330000000000001,0.8843000000000001,0.10594057174596037
2021,6,2021-06,Mirit,0.6917032571428572,0.72075,-0.0234,0.87455,0.12607566237651396
2021,6,2021-06,Prembun,0.7506091139240506,0.75795,0.41015,0.8769,0.06572209379758774
2021,6,2021-06,Kutowinangun,0.7563775221238938,0.76595,0.364,0.8878,0.0691455791371662
2021,6,2021-06,Alian,0.7733027214514407,0.78595,0.51705,0.9261,0.061744367183841825
2021,6,2021-06,Kebumen,0.6808026246719161,0.70065,0.29300000000000004,0.88075,0.10694315047751296
2021,6,2021-06,Pejagoan,0.7210646048109965,0.7332500000000001,0.44875000000000004,0.89695,0.09032419350731899
2021,6,2021-06,Sruweng,0.7481160377358491,0.774775,0.46275,0.8832000000000001,0.0793726798302661
2021,6,2021-06,Adimulyo,0.7126290389972146,0.7118500000000001,0.46330000000000005,0.872,0.06846737864684223
2021,6,2021-06,Kuwarasan,0.6871965017064847,0.688675,0.44895,0.8292,0.0667418580419743
2021,6,2021-06,Rowokele,0.7862231450719822,0.80925,0.4908,0.9196500000000001,0.08615573919799564
2021,6,2021-06,Sempor,0.7660183705080545,0.793825,-0.1956,0.93355,0.09885186571594486
2021,6,2021-06,Gombong,0.5899673716012086,0.5895,0.3312,0.8831,0.09337743113492351
2021,6,2021-06,Karanganyar,0.7388719417475728,0.77435,0.43015000000000003,0.9192,0.10049510065880721
2021,6,2021-06,Karanggayam,0.7621980895196506,0.77505,0.39940000000000003,0.9188500000000001,0.06498694422255134
2021,6,2021-06,Sadang,0.7886324045407637,0.8098000000000001,0.45990000000000003,0.93255,0.08143047892106592
2021,6,2021-06,Bonorowo,0.7439191666666668,0.766,0.4083,0.8893500000000001,0.08628772440294673
2021,6,2021-06,Padureso,0.7828918577981653,0.7948999999999999,0.43575,0.8904000000000001,0.05991138388316776
2021,6,2021-06,Poncowarno,0.7752974725274726,0.7754000000000001,0.6321,0.8942,0.04553173822642372
2021,6,2021-06,Karangsambung,0.7790963306808134,0.791,0.4103,0.9217500000000001,0.06330579953592477
2021,7,2021-07,Ayah,0.7548847360367255,0.7826500000000001,-0.046400000000000004,0.9460000000000001,0.12539908289459847
2021,7,2021-07,Buayan,0.7052946476360393,0.7187,0.0815,0.9332,0.1258294020811005
2021,7,2021-07,Puring,0.6723580216535432,0.670825,-0.067,0.8629,0.10215897733783423
2021,7,2021-07,Petanahan,0.6681980458221024,0.652925,0.1395,0.9127000000000001,0.11110317179953522
2021,7,2021-07,Klirong,0.6575043002915452,0.6800250000000001,0.1008,0.8623500000000001,0.1302413831825932
2021,7,2021-07,Buluspesantren,0.6313879584352079,0.6225750000000001,0.2298,0.8489,0.1155734183239971
2021,7,2021-07,Ambal,0.6468642857142857,0.6475000000000001,0.1223,0.85745,0.10362845090796752
2021,7,2021-07,Mirit,0.6182506841505132,0.6294000000000001,-0.016900000000000002,0.8418,0.10666403708293411
2021,7,2021-07,Prembun,0.5394745569620253,0.53005,0.29205000000000003,0.8073,0.11400555185012623
2021,7,2021-07,Kutowinangun,0.5483649557522123,0.552,0.30995,0.84345,0.09673382511998156
2021,7,2021-07,Alian,0.6904022945570971,0.7021000000000001,0.322,0.96665,0.10868314474921671
2021,7,2021-07,Kebumen,0.5421874015748032,0.5422,0.23015000000000002,0.8854000000000001,0.11660039648041476
2021,7,2021-07,Pejagoan,0.6658298109965637,0.67245,0.21495,0.95965,0.14219165515603366
2021,7,2021-07,Sruweng,0.6289930592991914,0.6493249999999999,0.2436,0.8876000000000001,0.1473302563048437
2021,7,2021-07,Adimulyo,0.5576965181058496,0.5755250000000001,0.21050000000000002,0.8199500000000001,0.10765298928540044
2021,7,2021-07,Kuwarasan,0.5198393344709897,0.529625,0.22105000000000002,0.77095,0.10764984814289555
2021,7,2021-07,Rowokele,0.692209357696567,0.70645,0.3244,0.9224,0.11358653914674466
2021,7,2021-07,Sempor,0.7318916718266254,0.7653500000000001,-0.04435,0.9328500000000001,0.11198468572181772
2021,7,2021-07,Gombong,0.5054706948640484,0.50565,0.2318,0.8419000000000001,0.1143951485743252
2021,7,2021-07,Karanganyar,0.6676124271844661,0.6745,0.3245,0.9017000000000001,0.13750771957476593
2021,7,2021-07,Karanggayam,0.7570396015283842,0.77485,0.40635000000000004,0.8978,0.07624140811500459
2021,7,2021-07,Sadang,0.7775827657378741,0.80815,0.42165,0.93415,0.09486282020128109
2021,7,2021-07,Bonorowo,0.5525951388888889,0.5669250000000001,0.27640000000000003,0.7654000000000001,0.08978041142131568
2021,7,2021-07,Padureso,0.7225821100917432,0.7443000000000001,0.40190000000000003,0.8864500000000001,0.10631836279357931
2021,7,2021-07,Poncowarno,0.6497802197802197,0.6582,0.3255,0.93105,0.11780065693186124
2021,7,2021-07,Karangsambung,0.7638293103448277,0.7871,0.34345000000000003,0.9256000000000001,0.09101658864386267
2021,8,2021-08,Ayah,0.6170485627836612,0.632325,0.0732,0.93535,0.1514146992458377
2021,8,2021-08,Buayan,0.5434792452830188,0.5543,0.0344,0.90025,0.14741929256957018
2021,8,2021-08,Puring,0.7043225252525253,0.7196,0.22340000000000002,0.8934000000000001,0.0920146627406723
2021,8,2021-08,Petanahan,0.722108277703605,0.7394000000000001,-0.008700000000000001,0.8767,0.09232232919611183
2021,8,2021-08,Klirong,0.7039863700564972,0.7316750000000001,0.198,0.9181,0.10393915974225118
2021,8,2021-08,Buluspesantren,0.7009734299516908,0.7111500000000001,0.1862,0.8572500000000001,0.08708894188623176
2021,8,2021-08,Ambal,0.603650693069307,0.6175,0.0056,0.8428,0.12850848303668883
2021,8,2021-08,Mirit,0.5919960069444444,0.595025,0.0392,0.8288500000000001,0.10346342009759593
2021,8,2021-08,Prembun,0.5688162025316456,0.57125,0.32425000000000004,0.8367,0.09895360658644692
2021,8,2021-08,Kutowinangun,0.5206976106194691,0.5197,0.151,0.81525,0.13184590995615664
2021,8,2021-08,Alian,0.5862456243329776,0.6033000000000001,0.10305,0.9071,0.14158869991457754
2021,8,2021-08,Kebumen,0.4832923228346456,0.49097500000000005,0.1718,0.8731500000000001,0.132817209916924
2021,8,2021-08,Pejagoan,0.5221907216494845,0.514425,0.17785,0.86565,0.13133174482635787
2021,8,2021-08,Sruweng,0.593891576819407,0.6181000000000001,0.12195,0.94055,0.15383238250385659
2021,8,2021-08,Adimulyo,0.6997065459610028,0.718575,0.26285000000000003,0.9091,0.11811069759390871
2021,8,2021-08,Kuwarasan,0.6557337883959045,0.66635,0.26945,0.9249,0.13652788674239524
2021,8,2021-08,Rowokele,0.4841316168327796,0.49770000000000003,0.06275,0.88505,0.17275258867383114
2021,8,2021-08,Sempor,0.5127752321981425,0.5099,0.07350000000000001,0.9265,0.14763812111920357
2021,8,2021-08,Gombong,0.6006466767371601,0.6072500000000001,0.19255,0.91185,0.1375752759213921
2021,8,2021-08,Karanganyar,0.5978149514563107,0.6028,0.15575,0.9438000000000001,0.13918254898334956
2021,8,2021-08,Karanggayam,0.6108715611353712,0.6353,0.0886,0.92225,0.1543984587542412
2021,8,2021-08,Sadang,0.6952344685242517,0.7131000000000001,0.17275000000000001,0.95165,0.13581052596010237
2021,8,2021-08,Bonorowo,0.6051506944444446,0.6073500000000001,0.34685,0.74555,0.06328398356540646
2021,8,2021-08,Padureso,0.6530925458715596,0.6724749999999999,0.1532,0.9228000000000001,0.13265100537761804
2021,8,2021-08,Poncowarno,0.5619985714285715,0.5731,0.14835,0.9122,0.1262453916170907
2021,8,2021-08,Karangsambung,0.6158877984084881,0.6316,0.055850000000000004,0.9558000000000001,0.14128029844640494
2021,9,2021-09,Ayah,0.7092267424242424,0.7504500000000001,0.0485,0.9468000000000001,0.1427044792649025
2021,9,2021-09,Buayan,0.6231538392857144,0.6256,0.15765,0.9204,0.14259838777167616
2021,9,2021-09,Puring,0.658135756097561,0.6746500000000001,0.0806,0.88165,0.0973224991009663
2021,9,2021-09,Petanahan,0.6336156634746922,0.6426000000000001,0.29835,0.8507,0.10965771985660383
2021,9,2021-09,Klirong,0.6527529202279202,0.6704749999999999,-0.11570000000000001,0.85875,0.1050457228593574
2021,9,2021-09,Buluspesantren,0.6187436802973978,0.6338,0.2743,0.8037500000000001,0.0944428611621733
2021,9,2021-09,Ambal,0.5805892107892108,0.58995,0.10550000000000001,0.8498,0.12108058362407154
2021,9,2021-09,Mirit,0.6074448177676538,0.6135250000000001,0.1155,0.8199500000000001,0.09473306066790481
2021,9,2021-09,Prembun,0.5828187341772152,0.59355,0.24015,0.7989,0.09280426532055966
2021,9,2021-09,Kutowinangun,0.5482809734513275,0.54405,0.21345,0.8699,0.09946699570880574
2021,9,2021-09,Alian,0.6686210779082177,0.67945,0.26645,0.91095,0.10485453475714314
2021,9,2021-09,Kebumen,0.5355354330708662,0.549625,0.21705000000000002,0.8097500000000001,0.10479866469783976
2021,9,2021-09,Pejagoan,0.6256731958762887,0.6302,0.28475,0.8547,0.11968770622786946
2021,9,2021-09,Sruweng,0.5639547169811321,0.564425,0.08305,0.8520000000000001,0.14112188688818672
2021,9,2021-09,Adimulyo,0.5138555710306407,0.512575,0.17900000000000002,0.8067500000000001,0.10172519047434422
2021,9,2021-09,Kuwarasan,0.5677950511945392,0.5796250000000001,0.13265000000000002,0.8403,0.11283666765577356
2021,9,2021-09,Rowokele,0.5381355481727574,0.53625,0.09040000000000001,0.92295,0.1466042286389493
2021,9,2021-09,Sempor,0.5212099071207431,0.5335,0.13490000000000002,0.8863000000000001,0.1419210249065222
2021,9,2021-09,Gombong,0.47022960725075535,0.46535000000000004,0.17575000000000002,0.7976000000000001,0.1190039458312652
2021,9,2021-09,Karanganyar,0.5466861165048544,0.5462,0.149,0.81235,0.1366191369431575
2021,9,2021-09,Karanggayam,0.6273303220524018,0.64675,0.07075000000000001,0.9129,0.13132206302638358
2021,9,2021-09,Sadang,0.6640879772961816,0.6818500000000001,0.09970000000000001,0.9245500000000001,0.13893253282224444
2021,9,2021-09,Bonorowo,0.599525,0.607575,0.27135000000000004,0.83545,0.10236518729257738
2021,9,2021-09,Padureso,0.6910434633027523,0.70225,0.31945,0.88915,0.1039327484556126
2021,9,2021-09,Poncowarno,0.6339889010989012,0.64625,0.39065,0.8460000000000001,0.09936840180818698
2021,9,2021-09,Karangsambung,0.6807873563218391,0.7060000000000001,0.22885,0.90295,0.11435122765545166
2021,10,2021-10,Ayah,0.5311718577075099,0.5774,0.0388,0.9878,0.24941307910802465
2021,10,2021-10,Buayan,0.5529352415026835,0.5918000000000001,0.0707,0.9828,0.20483750798944148
2021,10,2021-10,Puring,0.5633090818363273,0.61265,0.0721,0.9551000000000001,0.18308021754205123
2021,10,2021-10,Petanahan,0.5214514644351466,0.5919,0.0244,0.9971000000000001,0.21160319576040065
2021,10,2021-10,Klirong,0.5048013412816692,0.5393,0.028300000000000002,0.9855,0.22371577503873435
2021,10,2021-10,Buluspesantren,0.5166189290161893,0.5321,0.0434,0.9786,0.18930930350585437
2021,10,2021-10,Ambal,0.4540272727272728,0.4697,0.0397,0.9601000000000001,0.17213285698711173
2021,10,2021-10,Mirit,0.4600509714285715,0.49400000000000005,0.0184,0.9508000000000001,0.14966492634901582
2021,10,2021-10,Prembun,0.4721875949367089,0.4863,0.0855,0.9405,0.15720212908996556
2021,10,2021-10,Kutowinangun,0.4169753982300885,0.40230000000000005,0.0475,0.9802000000000001,0.17015149464305682
2021,10,2021-10,Alian,0.6291804695837782,0.6869000000000001,0.083,0.9802000000000001,0.1807021885071206
2021,10,2021-10,Kebumen,0.3963589238845144,0.377,0.058100000000000006,0.9654,0.1682148431923683
2021,10,2021-10,Pejagoan,0.5336652920962199,0.5842499999999999,0.1109,0.9286000000000001,0.2133496306821268
2021,10,2021-10,Sruweng,0.46336792452830183,0.4743,0.0327,0.9872000000000001,0.21246665480124394
2021,10,2021-10,Adimulyo,0.5169367688022285,0.55105,0.053700000000000005,0.9991000000000001,0.22129523798037448
2021,10,2021-10,Kuwarasan,0.5167470085470086,0.5471,0.0675,0.9635,0.22304998074390106
2021,10,2021-10,Rowokele,0.4758548172757475,0.4969,0.0235,0.997,0.22081535738252983
2021,10,2021-10,Sempor,0.4588566563467492,0.4375,0.056100000000000004,0.9753000000000001,0.1810047376113023
2021,10,2021-10,Gombong,0.4481126888217522,0.44970000000000004,0.0791,0.9809,0.1754994914540359
2021,10,2021-10,Karanganyar,0.5185116504854369,0.5071,0.0352,0.9827,0.2146541490605909
2021,10,2021-10,Karanggayam,0.5451048034934498,0.5935,0.046200000000000005,0.9928,0.20665769843367707
2021,10,2021-10,Sadang,0.6346085655314757,0.6886,0.0567,0.9887,0.19686832560188572
2021,10,2021-10,Bonorowo,0.4504077777777778,0.45655,0.10880000000000001,0.9975,0.14017656998528502
2021,10,2021-10,Padureso,0.6535610091743119,0.69735,0.1247,0.9791000000000001,0.15131183380199598
2021,10,2021-10,Poncowarno,0.5558885714285715,0.6019,0.0568,0.9288000000000001,0.19864812084020278
2021,10,2021-10,Karangsambung,0.6216665486725664,0.6808000000000001,0.0639,0.9936,0.19109488426567867
2021,11,2021-11,Ayah,0.6272577743902439,0.6424500000000001,0.11280000000000001,0.9599000000000001,0.1601425583248093
2021,11,2021-11,Buayan,0.6013988819320216,0.615375,0.10035000000000001,0.9004500000000001,0.16667549016444655
2021,11,2021-11,Puring,0.5245865575396826,0.5537000000000001,-0.08105,0.8507,0.20392186672479842
2021,11,2021-11,Petanahan,0.5123744047619048,0.488725,0.05145,0.9377000000000001,0.2272385946062287
2021,11,2021-11,Klirong,0.5312484978540774,0.5235000000000001,0.11405,0.8722500000000001,0.1850512457961441
2021,11,2021-11,Buluspesantren,0.5006343446601942,0.49770000000000003,0.0412,0.8556,0.1927766923896578
2021,11,2021-11,Ambal,0.4804048841893253,0.4691,-0.06585,0.8582500000000001,0.19521943688726734
2021,11,2021-11,Mirit,0.48752854729729733,0.49192500000000006,-0.0187,0.8762500000000001,0.1423987272654889
2021,11,2021-11,Prembun,0.4963478481012659,0.50485,0.10255,0.7869,0.13243053369545485
2021,11,2021-11,Kutowinangun,0.5214772566371682,0.5365,0.1482,0.892,0.16710335363749806
2021,11,2021-11,Alian,0.5847804162219851,0.6028,0.1617,0.8916000000000001,0.13828830068690018
2021,11,2021-11,Kebumen,0.4228181758530184,0.3981,0.16595000000000001,0.9337500000000001,0.13629975987391033
2021,11,2021-11,Pejagoan,0.5880674398625431,0.582975,0.158,0.8989,0.14487552513913166
2021,11,2021-11,Sruweng,0.5790076145552562,0.604725,0.14405,0.90415,0.18802664349784148
2021,11,2021-11,Adimulyo,0.3915202646239554,0.38722500000000004,0.045450000000000004,0.7544000000000001,0.138000032056886
2021,11,2021-11,Kuwarasan,0.4321292662116041,0.42605000000000004,0.1085,0.78385,0.12342738908534043
2021,11,2021-11,Rowokele,0.612328073089701,0.6339,0.13490000000000002,0.9263,0.16250483095586624
2021,11,2021-11,Sempor,0.5622320743034056,0.5678500000000001,0.11565,0.8946000000000001,0.1527898248815612
2021,11,2021-11,Gombong,0.44343429003021156,0.43010000000000004,0.23345000000000002,0.87005,0.11097188395319474
2021,11,2021-11,Karanganyar,0.6208914563106795,0.65715,0.21100000000000002,0.9119,0.17973961977621028
2021,11,2021-11,Karanggayam,0.62756875,0.644625,0.12015,0.94765,0.15149084214224987
2021,11,2021-11,Sadang,0.7036946852425181,0.7217,0.22215000000000001,0.9530500000000001,0.1153353760927726
2021,11,2021-11,Bonorowo,0.4688231944444445,0.47145000000000004,0.14125000000000001,0.763,0.10742107844348889
2021,11,2021-11,Padureso,0.6505870412844037,0.6679,0.17265,0.9506,0.15241493904845774
2021,11,2021-11,Poncowarno,0.5983312087912089,0.60455,0.16720000000000002,0.8984500000000001,0.1336205454182832
2021,11,2021-11,Karangsambung,0.7022622015915121,0.7144,0.25525000000000003,0.9164,0.10323097432353365
2021,12,2021-12,Ayah,0.5873095948012232,0.5978749999999999,0.2139,0.9718,0.11278627167705896
2021,12,2021-12,Buayan,0.6589112845673507,0.6693,0.1716,0.9718,0.13387659338618776
2021,12,2021-12,Puring,0.5833942574257426,0.595475,0.0878,0.86845,0.13835155381227335
2021,12,2021-12,Petanahan,0.6654030570652174,0.68315,0.19965000000000002,0.8542000000000001,0.08817791886002908
2021,12,2021-12,Klirong,0.6642373502994013,0.6708000000000001,0.2543,0.87695,0.08921013849778207
2021,12,2021-12,Buluspesantren,0.6233563995215312,0.6418250000000001,0.2106,0.8321500000000001,0.12359376800449333
2021,12,2021-12,Ambal,0.6251498483316482,0.6452,0.2278,0.8447,0.11651261813428976
2021,12,2021-12,Mirit,0.5952513698630137,0.6185,0.12760000000000002,0.81425,0.11984459795059946
2021,12,2021-12,Prembun,0.6261320253164557,0.63705,0.2354,0.8313,0.12935818462731807
2021,12,2021-12,Kutowinangun,0.655713539823009,0.68725,0.34135000000000004,0.85045,0.12822576335303937
2021,12,2021-12,Alian,0.7138034685165421,0.7271500000000001,0.35475,0.9380000000000001,0.10565919388349633
2021,12,2021-12,Kebumen,0.553764501312336,0.5370250000000001,0.22795,0.9641500000000001,0.11715325997113427
2021,12,2021-12,Pejagoan,0.6775645189003437,0.67145,0.3191,0.91835,0.12142933497781097
2021,12,2021-12,Sruweng,0.7176408355795149,0.730975,0.18575,0.9557500000000001,0.13036213743618139
2021,12,2021-12,Adimulyo,0.6424142061281337,0.665425,0.2412,0.7934,0.09261241497884493
2021,12,2021-12,Kuwarasan,0.6091098976109215,0.6139,0.21755000000000002,0.8062,0.09885441188158312
2021,12,2021-12,Rowokele,0.6844465669988927,0.72395,0.17470000000000002,0.9298500000000001,0.1411739499377928
2021,12,2021-12,Sempor,0.6586742724458206,0.66535,0.2612,0.8893000000000001,0.11586340170033346
2021,12,2021-12,Gombong,0.5713256797583083,0.57155,0.36435,0.7972,0.08865575727641122
2021,12,2021-12,Karanganyar,0.6880631067961165,0.6937,0.23345000000000002,0.87995,0.09721501985543926
2021,12,2021-12,Karanggayam,0.6612658296943233,0.662075,0.2579,0.9349000000000001,0.11752915472856584
2021,12,2021-12,Sadang,0.7402816821465429,0.7561,0.3895,0.93435,0.0971689639311501
2021,12,2021-12,Bonorowo,0.5103141666666666,0.5265,0.18635000000000002,0.75885,0.13039267593770154
2021,12,2021-12,Padureso,0.7916061926605505,0.8014749999999999,0.4524,0.9247500000000001,0.053410190487298274
2021,12,2021-12,Poncowarno,0.7070715384615386,0.7149500000000001,0.47385000000000005,0.8827,0.08116217734018825
2021,12,2021-12,Karangsambung,0.7298329796640142,0.75265,0.3367,0.9439500000000001,0.10057704040416983
2022,1,2022-01,Ayah,0.6746186783804431,0.6970000000000001,0.1777,0.9091,0.11644837167806744
2022,1,2022-01,Buayan,0.7329307795698925,0.7420500000000001,0.3015,0.9217000000000001,0.0955288099276045
2022,1,2022-01,Puring,0.7170134709931171,0.72595,-0.0517,0.9376000000000001,0.09608749492965173
2022,1,2022-01,Petanahan,0.7031954732510288,0.7058500000000001,0.35745,0.9154,0.09042697931032696
2022,1,2022-01,Klirong,0.6837922575976846,0.69365,0.25885,0.8552500000000001,0.08975186017750794
2022,1,2022-01,Buluspesantren,0.7072908476658477,0.7363500000000001,0.10250000000000001,0.9146000000000001,0.12140325069982846
2022,1,2022-01,Ambal,0.7252646123260438,0.7711749999999999,0.1471,0.9156000000000001,0.13306708897839356
2022,1,2022-01,Mirit,0.6176022184300343,0.62365,0.17285,0.88195,0.1343938439153253
2022,1,2022-01,Prembun,0.692380759493671,0.70315,0.3784,0.92605,0.10256786563140848
2022,1,2022-01,Kutowinangun,0.7294984070796461,0.7553500000000001,0.29975,0.9206000000000001,0.09989300593450348
2022,1,2022-01,Alian,0.7634292956243331,0.7702,0.31155,0.94825,0.0916868452193123
2022,1,2022-01,Kebumen,0.6776827427821523,0.6841250000000001,0.2555,0.8946500000000001,0.10601662871950479
2022,1,2022-01,Pejagoan,0.744198969072165,0.7639,0.4066,0.93735,0.08849701636865326
2022,1,2022-01,Sruweng,0.7253943396226415,0.73775,0.3385,0.90715,0.09249321054871934
2022,1,2022-01,Adimulyo,0.7525480501392758,0.7603500000000001,0.41655000000000003,0.9247000000000001,0.07957931719990476
2022,1,2022-01,Kuwarasan,0.7336930034129693,0.7377,0.5226500000000001,0.9487000000000001,0.06713085473560136
2022,1,2022-01,Rowokele,0.667923754152824,0.69465,0.25465,0.9368000000000001,0.10989474725366179
2022,1,2022-01,Sempor,0.6056970278637771,0.6121,0.21660000000000001,0.90185,0.10480784485956948
2022,1,2022-01,Gombong,0.6375087613293052,0.6466500000000001,0.3284,0.8661000000000001,0.10569393530138275
2022,1,2022-01,Karanganyar,0.6641330097087379,0.67115,0.34095000000000003,0.9205500000000001,0.11805266316051989
2022,1,2022-01,Karanggayam,0.6427206058951965,0.6647500000000001,0.23965,0.93145,0.10919191841063158
2022,1,2022-01,Sadang,0.6411502063983489,0.65205,0.28785,0.8712500000000001,0.08521417701808591
2022,1,2022-01,Bonorowo,0.6252008333333334,0.6212500000000001,0.3547,0.8918,0.10097007979195839
2022,1,2022-01,Padureso,0.7636991972477064,0.7798750000000001,0.3367,0.934,0.10011380401867434
2022,1,2022-01,Poncowarno,0.7415867032967034,0.7667,0.16190000000000002,0.9470000000000001,0.1167365458003426
2022,1,2022-01,Karangsambung,0.7574231211317418,0.77275,0.30710000000000004,0.9284,0.09965565821743459
2022,2,2022-02,Ayah,0.751818994627782,0.771,0.14070000000000002,0.9235500000000001,0.11753478852545936
2022,2,2022-02,Buayan,0.7351451828724354,0.7462000000000001,0.38270000000000004,0.93105,0.10325985684942308
2022,2,2022-02,Puring,0.7021357852882704,0.7234750000000001,0.083,0.9573,0.09448254007726986
2022,2,2022-02,Petanahan,0.6986170026881722,0.709975,0.006200000000000001,0.9012,0.08464294609203875
2022,2,2022-02,Klirong,0.7117119565217391,0.71665,0.1701,0.9094000000000001,0.07717887362858972
2022,2,2022-02,Buluspesantren,0.7086782238442823,0.721725,0.2258,0.86605,0.08236540436383481
2022,2,2022-02,Ambal,0.6767315292949355,0.6912,0.17450000000000002,0.8571500000000001,0.09527754310384766
2022,2,2022-02,Mirit,0.6635354524627721,0.6871,0.1014,0.86685,0.1133879690938113
2022,2,2022-02,Prembun,0.7250674683544305,0.7459,0.46290000000000003,0.8784500000000001,0.08079844064901433
2022,2,2022-02,Kutowinangun,0.7499451327433629,0.7637,0.375,0.8768,0.07618103013490962
2022,2,2022-02,Alian,0.801215955176094,0.81865,0.5612,0.91595,0.06646796942447653
2022,2,2022-02,Kebumen,0.687873687664042,0.696375,0.35465,0.9055000000000001,0.09933150256335095
2022,2,2022-02,Pejagoan,0.7596498281786942,0.7799,0.4605,0.8965500000000001,0.09113976649110395
2022,2,2022-02,Sruweng,0.7513497978436658,0.78125,0.4101,0.90315,0.10137368644041599
2022,2,2022-02,Adimulyo,0.7172389275766018,0.7343250000000001,0.48675,0.82745,0.06551605381177333
2022,2,2022-02,Kuwarasan,0.6821669795221844,0.6847000000000001,0.41700000000000004,0.79725,0.05205969152975882
2022,2,2022-02,Rowokele,0.782919158361019,0.8008500000000001,0.50935,0.8868,0.06294607716722594
2022,2,2022-02,Sempor,0.7828687616099073,0.80495,0.378,0.9005000000000001,0.0711044267215142
2022,2,2022-02,Gombong,0.6131913897280967,0.62275,0.37795,0.8564,0.0828179038935387
2022,2,2022-02,Karanganyar,0.763383786407767,0.7985,0.46950000000000003,0.8822500000000001,0.09393487412524303
2022,2,2022-02,Karanggayam,0.80776875,0.8083,0.51915,0.9087000000000001,0.03710521243087176
2022,2,2022-02,Sadang,0.8033776057791538,0.8135,0.5029,0.96555,0.04681800131031746
2022,2,2022-02,Bonorowo,0.7266752777777777,0.740375,0.4834,0.9161,0.08038194621742259
2022,2,2022-02,Padureso,0.8021915137614678,0.8148000000000001,0.48915000000000003,0.9077500000000001,0.04693643463103758
2022,2,2022-02,Poncowarno,0.8174102197802198,0.8220500000000001,0.64315,0.9022,0.04496444016189433
2022,2,2022-02,Karangsambung,0.8155319186560567,0.82265,0.47015,0.8993,0.045246418372515265
2022,3,2022-03,Ayah,0.6274263963274674,0.6408,0.10565000000000001,0.97135,0.17551007911933844
2022,3,2022-03,Buayan,0.7231676233183858,0.7741,0.15460000000000002,0.9664,0.16432089037773243
2022,3,2022-03,Puring,0.5541913636363637,0.5717,-0.06595000000000001,0.90105,0.21192390482916149
2022,3,2022-03,Petanahan,0.5412675582990398,0.5156000000000001,-0.0495,0.87895,0.19052294023241997
2022,3,2022-03,Klirong,0.6037227802037847,0.60365,0.0206,0.92,0.14039248123034
2022,3,2022-03,Buluspesantren,0.6007058716707021,0.597,0.21130000000000002,0.92345,0.14606466222075726
2022,3,2022-03,Ambal,0.5623853,0.553275,0.0678,0.8632500000000001,0.1680858682903176
2022,3,2022-03,Mirit,0.5569425028835063,0.56355,0.1295,0.85455,0.11636897640386566
2022,3,2022-03,Prembun,0.5887741772151899,0.5749000000000001,0.28495000000000004,0.8210000000000001,0.12653320544433871
2022,3,2022-03,Kutowinangun,0.6118050442477876,0.62095,0.2849,0.8642500000000001,0.1223991902926244
2022,3,2022-03,Alian,0.7598343649946638,0.78935,0.38825000000000004,0.93615,0.11228169590484964
2022,3,2022-03,Kebumen,0.5512036089238845,0.532375,0.1422,0.8794500000000001,0.1155325484048226
2022,3,2022-03,Pejagoan,0.6898622852233678,0.70325,0.2801,0.9198000000000001,0.13762231319986676
2022,3,2022-03,Sruweng,0.6283645552560646,0.6254,0.17985,0.9124,0.1812174995224192
2022,3,2022-03,Adimulyo,0.407058495821727,0.41365,0.038200000000000005,0.70635,0.13136372477542627
2022,3,2022-03,Kuwarasan,0.4460925767918089,0.446825,0.0132,0.7854500000000001,0.14341543306888646
2022,3,2022-03,Rowokele,0.6879692137320045,0.72365,0.15560000000000002,0.9410000000000001,0.16550345353812815
2022,3,2022-03,Sempor,0.77361346749226,0.8383,0.0613,0.93635,0.14297259426832648
2022,3,2022-03,Gombong,0.47916253776435047,0.45780000000000004,0.26305,0.8951,0.1091980408076004
2022,3,2022-03,Karanganyar,0.6688368932038835,0.70945,0.14135,0.92035,0.19088717647800726
2022,3,2022-03,Karanggayam,0.8297861353711791,0.8662750000000001,0.44245,0.9521000000000001,0.09547325405337678
2022,3,2022-03,Sadang,0.7754365325077399,0.80605,0.45940000000000003,0.9311,0.10792732443596627
2022,3,2022-03,Bonorowo,0.5411783333333334,0.5501750000000001,0.1771,0.74885,0.09960824396939576
2022,3,2022-03,Padureso,0.7811939220183486,0.7989250000000001,0.43265000000000003,0.9403,0.08574187234321702
2022,3,2022-03,Poncowarno,0.6808765934065935,0.6968000000000001,0.38975000000000004,0.9104000000000001,0.09659830457433961
2022,3,2022-03,Karangsambung,0.7797578249336871,0.8172,0.36165,0.9402,0.11556285408109353
2022,4,2022-04,Ayah,0.710136009174312,0.72185,0.1022,0.9992000000000001,0.1383870996908011
2022,4,2022-04,Buayan,0.7526248882931188,0.77415,0.1044,0.9591000000000001,0.11863585376794933
2022,4,2022-04,Puring,0.592185498489426,0.59785,0.15025,0.891,0.14507442036169305
2022,4,2022-04,Petanahan,0.575632133152174,0.5916,0.26890000000000003,0.8811,0.12240929931656536
2022,4,2022-04,Klirong,0.6038848046309696,0.61095,0.229,0.88375,0.11233594789194766
2022,4,2022-04,Buluspesantren,0.5882521951219513,0.60215,0.258,0.85035,0.13170548963987416
2022,4,2022-04,Ambal,0.553663475177305,0.5776,-0.045700000000000005,0.8767,0.17934334180850905
2022,4,2022-04,Mirit,0.5701594778660614,0.57685,0.17425000000000002,0.91115,0.12890565223247555
2022,4,2022-04,Prembun,0.5944859493670887,0.60385,0.057,0.8453,0.15818610566070176
2022,4,2022-04,Kutowinangun,0.6305105309734514,0.667,0.2934,0.8762500000000001,0.14835115397149368
2022,4,2022-04,Alian,0.7371196371398079,0.77225,0.3533,0.9114500000000001,0.11831104225742875
2022,4,2022-04,Kebumen,0.521662467191601,0.50195,0.29735,0.876,0.10978464678646305
2022,4,2022-04,Pejagoan,0.7036692439862543,0.72915,0.3458,0.9139,0.1367871549345864
2022,4,2022-04,Sruweng,0.6960828167115902,0.7126000000000001,0.3629,0.92115,0.137783030480634
2022,4,2022-04,Adimulyo,0.5876724930362117,0.6015250000000001,0.29735,0.798,0.10357107765046632
2022,4,2022-04,Kuwarasan,0.6239013651877133,0.641225,0.3387,0.8340500000000001,0.09438813574165307
2022,4,2022-04,Rowokele,0.7665693798449613,0.7898000000000001,0.27175,0.93135,0.10256877249263202
2022,4,2022-04,Sempor,0.736873653250774,0.7529,0.19475,0.9397000000000001,0.0959410909344261
2022,4,2022-04,Gombong,0.5956817220543807,0.59675,0.34995000000000004,0.8694500000000001,0.09414152675719957
2022,4,2022-04,Karanganyar,0.7146297087378641,0.73405,0.39,0.9094000000000001,0.10761217791605882
2022,4,2022-04,Karanggayam,0.7707645469432315,0.7967250000000001,0.28215,0.934,0.09787562197548129
2022,4,2022-04,Sadang,0.8109295665634675,0.8400000000000001,0.4637,0.9489500000000001,0.08526393010229544
2022,4,2022-04,Bonorowo,0.5127502777777778,0.5200500000000001,0.2189,0.75765,0.12026457066923815
2022,4,2022-04,Padureso,0.8067607798165137,0.8156,0.49995,0.92535,0.05713825006100631
2022,4,2022-04,Poncowarno,0.7449635164835164,0.7543000000000001,0.44915000000000005,0.8901,0.07416954647965013
2022,4,2022-04,Karangsambung,0.7650661803713528,0.7919,0.40465,0.9185500000000001,0.09326182387780291
2022,5,2022-05,Ayah,0.8142322789634147,0.8659749999999999,0.0201,0.9951000000000001,0.11877501537059461
2022,5,2022-05,Buayan,0.8388324107142858,0.8533250000000001,0.341,0.94515,0.05764661775708367
2022,5,2022-05,Puring,0.7464821984435799,0.7732749999999999,0.019,0.935,0.10412226161603694
2022,5,2022-05,Petanahan,0.7860351604278076,0.8002750000000001,-0.1401,0.8983500000000001,0.08671405634163502
2022,5,2022-05,Klirong,0.7618716885007277,0.77075,0.4282,0.9007000000000001,0.06150955780502911
2022,5,2022-05,Buluspesantren,0.7121257888349515,0.733325,0.1695,0.8472000000000001,0.09071109030718098
2022,5,2022-05,Ambal,0.646878493013972,0.67395,0.0613,0.8578,0.1306981545921627
2022,5,2022-05,Mirit,0.6337985730593608,0.648475,-0.050100000000000006,0.8501000000000001,0.10409589891493827
2022,5,2022-05,Prembun,0.6896184810126583,0.70315,0.41855000000000003,0.8803500000000001,0.09204889544216735
2022,5,2022-05,Kutowinangun,0.677278407079646,0.72255,0.30295,0.8557,0.12229974801938145
2022,5,2022-05,Alian,0.7689115261472785,0.7957000000000001,0.37905,0.8844500000000001,0.08987429841150414
2022,5,2022-05,Kebumen,0.5860147637795275,0.5775250000000001,0.31070000000000003,0.86985,0.1255988143542821
2022,5,2022-05,Pejagoan,0.7709006872852233,0.803525,0.44885,0.9145000000000001,0.10339800272191718
2022,5,2022-05,Sruweng,0.7869632075471698,0.806475,0.49610000000000004,0.91525,0.07255528211665231
2022,5,2022-05,Adimulyo,0.7703162256267411,0.796375,0.1907,0.909,0.09543157594468478
2022,5,2022-05,Kuwarasan,0.8137120307167236,0.821925,0.56955,0.89995,0.05355165137180665
2022,5,2022-05,Rowokele,0.8448736987818384,0.86145,0.45205,0.9183,0.04892770609758118
2022,5,2022-05,Sempor,0.835442879256966,0.8492500000000001,0.24225000000000002,0.9202,0.06077148186541569
2022,5,2022-05,Gombong,0.7487501510574018,0.77425,0.367,0.9006500000000001,0.1138345535483325
2022,5,2022-05,Karanganyar,0.819203786407767,0.8440500000000001,0.47925,0.91035,0.07796433271043565
2022,5,2022-05,Karanggayam,0.8416417303493451,0.8596250000000001,0.6188,0.9257000000000001,0.0544822264156356
2022,5,2022-05,Sadang,0.8379461300309599,0.8652000000000001,0.56415,0.9209,0.06821816602971535
2022,5,2022-05,Bonorowo,0.6063931944444445,0.6299,0.28475,0.7723500000000001,0.0986921300310886
2022,5,2022-05,Padureso,0.8282149082568808,0.8356250000000001,0.4717,0.8926000000000001,0.0382018796398699
2022,5,2022-05,Poncowarno,0.7860475824175824,0.7883,0.6093000000000001,0.88485,0.047340196017659875
2022,5,2022-05,Karangsambung,0.8155414235190098,0.82845,0.5227,0.9199,0.06373916711973662
2022,6,2022-06,Ayah,0.7962690784463062,0.8348500000000001,-0.0317,0.9891000000000001,0.11623480621076991
2022,6,2022-06,Buayan,0.7818648612354521,0.8125,0.32775000000000004,0.9455,0.10106266487750452
2022,6,2022-06,Puring,0.7018363226452906,0.7180000000000001,0.19640000000000002,0.8961,0.08118438232610661
2022,6,2022-06,Petanahan,0.6914226388888889,0.700925,0.232,0.8986500000000001,0.08137814732765002
2022,6,2022-06,Klirong,0.731826401179941,0.7362,0.25070000000000003,0.8581500000000001,0.06936274032544831
2022,6,2022-06,Buluspesantren,0.726982037037037,0.739625,0.1153,0.85485,0.08225815128012129
2022,6,2022-06,Ambal,0.7255628810226156,0.7471,0.0426,0.8480500000000001,0.0903173584763316
2022,6,2022-06,Mirit,0.7075380787037037,0.7322250000000001,0.0947,0.87795,0.09923388540702863
2022,6,2022-06,Prembun,0.7550059493670886,0.76495,0.4802,0.83965,0.05447237352331235
2022,6,2022-06,Kutowinangun,0.7559266371681417,0.7706000000000001,0.37410000000000004,0.8632000000000001,0.06707819089030459
2022,6,2022-06,Alian,0.7887503735325507,0.79935,0.5219,0.91,0.05862141490399277
2022,6,2022-06,Kebumen,0.683506627296588,0.6930000000000001,0.28555,0.8583000000000001,0.0908698732810877
2022,6,2022-06,Pejagoan,0.7708008591065292,0.804525,0.44270000000000004,0.94255,0.0915739798628504
2022,6,2022-06,Sruweng,0.7488500673854448,0.76935,0.496,0.9159,0.09658575758389411
2022,6,2022-06,Adimulyo,0.6655129526462396,0.66435,0.53535,0.80355,0.05663711613554279
2022,6,2022-06,Kuwarasan,0.6510048634812287,0.657225,0.5195000000000001,0.7648,0.05819966315360396
2022,6,2022-06,Rowokele,0.8090440753045405,0.8266,0.5186000000000001,0.93405,0.0717773305304417
2022,6,2022-06,Sempor,0.7830941486068113,0.8139500000000001,0.27505,0.90685,0.08472493202492447
2022,6,2022-06,Gombong,0.5869797583081572,0.5842,0.36015,0.8583500000000001,0.07700318527136098
2022,6,2022-06,Karanganyar,0.7318470873786408,0.7583500000000001,0.41145000000000004,0.88415,0.10103633149901461
2022,6,2022-06,Karanggayam,0.7963754639737992,0.82045,0.46805,0.9228500000000001,0.07195008642810517
2022,6,2022-06,Sadang,0.7972217750257998,0.8255,0.468,0.9172,0.08020531516392049
2022,6,2022-06,Bonorowo,0.7583640277777778,0.774475,0.3745,0.8564,0.0664155598330969
2022,6,2022-06,Padureso,0.8124805045871561,0.8273250000000001,0.25645,0.91795,0.0651394486743525
2022,6,2022-06,Poncowarno,0.7933525274725276,0.7899,0.6368,0.9198500000000001,0.0462507044102795
2022,6,2022-06,Karangsambung,0.8002107427055704,0.8175,0.5542,0.93315,0.05890793778747677
2022,7,2022-07,Ayah,0.7494413937547602,0.7979,0.0173,0.9450000000000001,0.12508603837968615
2022,7,2022-07,Buayan,0.7244764547896151,0.75805,0.3128,0.9336500000000001,0.12013518458195255
2022,7,2022-07,Puring,0.617159359844811,0.638,-0.040100000000000004,0.80435,0.1208031952022553
2022,7,2022-07,Petanahan,0.6219968200270637,0.6199,0.1819,0.8355,0.11031558500515626
2022,7,2022-07,Klirong,0.6300422852983989,0.6351,0.1024,0.8333,0.12456074729147579
2022,7,2022-07,Buluspesantren,0.6177761845386534,0.62265,0.193,0.8177500000000001,0.1087033911650364
2022,7,2022-07,Ambal,0.6038716202783301,0.6128,-0.01065,0.82845,0.10557528958818523
2022,7,2022-07,Mirit,0.5971890186915888,0.600625,0.1335,0.8869,0.09926172525890069
2022,7,2022-07,Prembun,0.6030877215189874,0.60095,0.3942,0.8006500000000001,0.09912403804758539
2022,7,2022-07,Kutowinangun,0.6644382300884957,0.6717500000000001,0.33035000000000003,0.8385,0.09576698868885422
2022,7,2022-07,Alian,0.7506605122732124,0.77895,0.44475000000000003,0.8747,0.09005632255172985
2022,7,2022-07,Kebumen,0.6047226377952756,0.60405,0.26890000000000003,0.8752000000000001,0.11422851688988857
2022,7,2022-07,Pejagoan,0.7238846219931272,0.7773000000000001,0.4304,0.86175,0.12270702878751709
2022,7,2022-07,Sruweng,0.6856013477088948,0.7504250000000001,0.3879,0.8891,0.15447795121175903
2022,7,2022-07,Adimulyo,0.575250557103064,0.5750000000000001,0.3574,0.7411,0.0689465306410219
2022,7,2022-07,Kuwarasan,0.5695973549488055,0.5709250000000001,0.3924,0.73845,0.07260936330052854
2022,7,2022-07,Rowokele,0.7574129568106313,0.7997500000000001,0.3861,0.89375,0.10435584138742829
2022,7,2022-07,Sempor,0.7701613312693499,0.7995,0.27615,0.8753000000000001,0.08271919825619217
2022,7,2022-07,Gombong,0.5315808157099698,0.523,0.312,0.82765,0.08559410901178847
2022,7,2022-07,Karanganyar,0.7128036893203884,0.7834500000000001,0.38985000000000003,0.88275,0.13630047993697275
2022,7,2022-07,Karanggayam,0.7950415665938866,0.8059000000000001,0.53315,0.90305,0.047884063482453484
2022,7,2022-07,Sadang,0.7922700722394223,0.8231,0.45175000000000004,0.9114500000000001,0.07623659764530037
2022,7,2022-07,Bonorowo,0.6033701388888889,0.61295,0.30495,0.78015,0.0743020212730346
2022,7,2022-07,Padureso,0.7847197247706421,0.8017750000000001,0.39865,0.8771500000000001,0.06916618118783005
2022,7,2022-07,Poncowarno,0.7456396703296703,0.75385,0.4519,0.8829,0.07463182453857906
2022,7,2022-07,Karangsambung,0.791549160035367,0.8068500000000001,0.5704,0.8975500000000001,0.05906391221826571
2022,8,2022-08,Ayah,0.6337602896341463,0.6364750000000001,0.0931,0.9674,0.1500620537703515
2022,8,2022-08,Buayan,0.6005459001782532,0.58125,0.07975,0.9367500000000001,0.14302488527701537
2022,8,2022-08,Puring,0.6256513712047014,0.65585,0.06620000000000001,0.896,0.1392103609525983
2022,8,2022-08,Petanahan,0.6330227647867951,0.63965,0.1759,0.9095500000000001,0.12767019124063614
2022,8,2022-08,Klirong,0.6281088673621461,0.6564,0.15360000000000001,0.9249,0.15144954314994374
2022,8,2022-08,Buluspesantren,0.635703631961259,0.62985,-0.0335,0.8622000000000001,0.12342064312847796
2022,8,2022-08,Ambal,0.6145624489795919,0.617225,0.1704,0.8623500000000001,0.12493608591760294
2022,8,2022-08,Mirit,0.5747282932416953,0.5727,0.21115,0.8625,0.11886168201526116
2022,8,2022-08,Prembun,0.5864982278481012,0.58225,0.24535,0.9032,0.12137885603787017
2022,8,2022-08,Kutowinangun,0.5083897345132744,0.51,0.12015,0.8348,0.11492509095836263
2022,8,2022-08,Alian,0.5767600320170757,0.5694,0.10255,0.9727,0.15158504221093438
2022,8,2022-08,Kebumen,0.4302096456692913,0.427875,0.09595000000000001,0.7562,0.11693913766620619
2022,8,2022-08,Pejagoan,0.5318464776632302,0.5196000000000001,0.1933,0.9329000000000001,0.1435982784579297
2022,8,2022-08,Sruweng,0.517860309973046,0.5027,0.09920000000000001,0.8214,0.14412909150607844
2022,8,2022-08,Adimulyo,0.47980870473537607,0.48707500000000004,0.15360000000000001,0.7787000000000001,0.12573796158447847
2022,8,2022-08,Kuwarasan,0.5099090443686007,0.52,0.1915,0.7921,0.10097583790891555
2022,8,2022-08,Rowokele,0.5378444629014397,0.53435,0.1311,0.8554,0.14216092022616816
2022,8,2022-08,Sempor,0.5684003715170279,0.56055,0.10930000000000001,0.9391,0.1333381843371911
2022,8,2022-08,Gombong,0.5170614803625379,0.5065000000000001,0.26425000000000004,0.8119000000000001,0.11123669527522896
2022,8,2022-08,Karanganyar,0.5457000970873787,0.53915,0.16415000000000002,0.9373,0.15617589086776515
2022,8,2022-08,Karanggayam,0.6107413209606987,0.6176,0.1461,0.9779,0.1364522085446214
2022,8,2022-08,Sadang,0.6151792569659442,0.62605,0.0815,0.9479000000000001,0.16298361959412072
2022,8,2022-08,Bonorowo,0.54716125,0.54955,0.3039,0.8218500000000001,0.0944906377187341
2022,8,2022-08,Padureso,0.6540299311926606,0.642275,0.0907,0.9235000000000001,0.12769602207006372
2022,8,2022-08,Poncowarno,0.5483019780219781,0.54295,0.13395,0.90185,0.13919079397702838
2022,8,2022-08,Karangsambung,0.6010154288240496,0.60485,0.1658,0.9326000000000001,0.1486501799000626
2022,9,2022-09,Ayah,0.4967829037149355,0.5211,0.037200000000000004,0.8412000000000001,0.1631708270373155
2022,9,2022-09,Buayan,0.49204510771992815,0.48507500000000003,0.1194,0.9146500000000001,0.14094023776104891
2022,9,2022-09,Puring,0.4536048262548263,0.439125,0.027700000000000002,0.8561500000000001,0.14998269305197934
2022,9,2022-09,Petanahan,0.49131719160104986,0.46635000000000004,0.0175,0.8621500000000001,0.17209713500717322
2022,9,2022-09,Klirong,0.5871941218130312,0.604925,0.10475000000000001,0.87805,0.15005959950577033
2022,9,2022-09,Buluspesantren,0.5806806763285024,0.60175,0.18765,0.8441000000000001,0.12721144120690842
2022,9,2022-09,Ambal,0.5747226726726727,0.6051000000000001,0.0482,0.88605,0.15974740231537563
2022,9,2022-09,Mirit,0.5533384831460675,0.56385,0.0887,0.84085,0.11985825417921858
2022,9,2022-09,Prembun,0.5726729113924051,0.57885,0.19735,0.8838,0.11776129632343964
2022,9,2022-09,Kutowinangun,0.49903911504424775,0.49075,0.2197,0.7946500000000001,0.10383599368743751
2022,9,2022-09,Alian,0.568011152614728,0.5781000000000001,0.13865,0.9095000000000001,0.13730675915971757
2022,9,2022-09,Kebumen,0.47086049868766405,0.455425,0.14145000000000002,0.89205,0.11622505814903282
2022,9,2022-09,Pejagoan,0.5211323883161512,0.5065999999999999,0.15505000000000002,0.97385,0.13264340797935803
2022,9,2022-09,Sruweng,0.4472714959568733,0.4393,0.09365000000000001,0.9241,0.1344580098315825
2022,9,2022-09,Adimulyo,0.3910351671309192,0.390425,0.11705,0.7087,0.09259270604338794
2022,9,2022-09,Kuwarasan,0.4108505119453925,0.41552500000000003,0.10565000000000001,0.75255,0.09235436113262724
2022,9,2022-09,Rowokele,0.4750929125138428,0.49605000000000005,0.0708,0.869,0.168377655699007
2022,9,2022-09,Sempor,0.4652696594427244,0.4701,0.11720000000000001,0.8247,0.1221787839337799
2022,9,2022-09,Gombong,0.423279909365559,0.43425,0.14070000000000002,0.6383,0.0832592544759021
2022,9,2022-09,Karanganyar,0.42296932038834956,0.4077,0.0903,0.7887000000000001,0.13349310760188343
2022,9,2022-09,Karanggayam,0.4327521288209607,0.4235,0.07785,0.9113,0.12543741245799866
2022,9,2022-09,Sadang,0.47636372549019607,0.48055000000000003,0.09255000000000001,0.87475,0.14160244832622929
2022,9,2022-09,Bonorowo,0.5469586111111111,0.55525,0.22395,0.8330500000000001,0.10065436760277933
2022,9,2022-09,Padureso,0.5403569954128441,0.5317750000000001,0.11950000000000001,0.8409500000000001,0.1451426521964328
2022,9,2022-09,Poncowarno,0.5775154945054946,0.5805,0.188,0.8642500000000001,0.13039356826368273
2022,9,2022-09,Karangsambung,0.4801715296198055,0.4811,0.1047,0.9586,0.13416600182684651
2022,10,2022-10,Ayah,0.3750953797963978,0.4076,0.0412,0.6925,0.16935993079001063
2022,10,2022-10,Buayan,0.3160261065943993,0.29910000000000003,0.0488,0.6925,0.15677551501995982
2022,10,2022-10,Puring,0.31627676659528914,0.29585000000000006,0.055,0.6335000000000001,0.16081887215815732
2022,10,2022-10,Petanahan,0.3003134560906516,0.31710000000000005,0.0386,0.5777,0.12575696829158667
2022,10,2022-10,Klirong,0.2883334848484848,0.26980000000000004,0.0285,0.5622,0.1404115132224975
2022,10,2022-10,Buluspesantren,0.3060103797468354,0.3185,0.042,0.5434,0.12364235660952544
2022,10,2022-10,Ambal,0.29909478623566216,0.3012,0.036000000000000004,0.5808,0.11576262709997462
2022,10,2022-10,Mirit,0.3819116192830655,0.38430000000000003,0.038400000000000004,0.6307,0.15480084622208576
2022,10,2022-10,Prembun,0.32339164556962025,0.3165,0.031100000000000003,0.6071000000000001,0.1397170018778953
2022,10,2022-10,Kutowinangun,0.3495704424778761,0.35150000000000003,0.0495,0.6011000000000001,0.12682334502435683
2022,10,2022-10,Alian,0.3646982924226254,0.36610000000000004,0.0608,0.6439,0.13341206400893713
2022,10,2022-10,Kebumen,0.2797627296587927,0.27955,0.0539,0.5181,0.08921768772234975
2022,10,2022-10,Pejagoan,0.30789106529209626,0.3104,0.0823,0.5382,0.10277949182978846
2022,10,2022-10,Sruweng,0.3246805929919137,0.335,0.0492,0.5829,0.13239933693645034
2022,10,2022-10,Adimulyo,0.27631880222841226,0.2932,0.048,0.48250000000000004,0.10916912421874561
2022,10,2022-10,Kuwarasan,0.21938395904436864,0.1744,0.0461,0.555,0.12160989600988137
2022,10,2022-10,Rowokele,0.3095760797342193,0.3211,0.0604,0.6393,0.10996651631388944
2022,10,2022-10,Sempor,0.2219174613003096,0.21050000000000002,0.037000000000000005,0.5584,0.09375942843021814
2022,10,2022-10,Gombong,0.14561631419939577,0.1391,0.0396,0.32730000000000004,0.05028608523526151
2022,10,2022-10,Karanganyar,0.28353339805825245,0.2748,0.0777,0.5527000000000001,0.11431771741789488
2022,10,2022-10,Karanggayam,0.2188245087336245,0.2098,0.0753,0.47290000000000004,0.07948416800679527
2022,10,2022-10,Sadang,0.391937564499484,0.37410000000000004,0.06280000000000001,0.649,0.13133220662133535
2022,10,2022-10,Bonorowo,0.39379333333333333,0.40685000000000004,0.0903,0.5877,0.11306015218064723
2022,10,2022-10,Padureso,0.542479128440367,0.6127,0.0417,0.6985,0.15837353259255754
2022,10,2022-10,Poncowarno,0.4149909890109891,0.4369,0.0682,0.6473,0.12799193752986252
2022,10,2022-10,Karangsambung,0.32384818744473914,0.32280000000000003,0.048,0.6383,0.1277165570407298
2022,11,2022-11,Ayah,0.5716335730507192,0.5831500000000001,0.08975000000000001,0.9116000000000001,0.16105076843663674
2022,11,2022-11,Buayan,0.5781742857142858,0.597375,0.028300000000000002,0.8831,0.17167642909708225
2022,11,2022-11,Puring,0.3949814146341463,0.39285000000000003,-0.0227,0.8298500000000001,0.20411895070647168
2022,11,2022-11,Petanahan,0.4178047587131367,0.40635,0.09415,0.82045,0.16234700894838197
2022,11,2022-11,Klirong,0.4811680819912152,0.48165,0.1361,0.7986000000000001,0.14606917610564074
2022,11,2022-11,Buluspesantren,0.415904070473876,0.4302,0.0196,0.7827000000000001,0.1760531885513739
2022,11,2022-11,Ambal,0.4243003984063745,0.42935,0.052700000000000004,0.7742,0.1747314919889084
2022,11,2022-11,Mirit,0.4371761931818182,0.44627500000000003,-0.0118,0.7513000000000001,0.13661027375824847
2022,11,2022-11,Prembun,0.4919329113924051,0.4879,0.0828,0.8594,0.15316433903583201
2022,11,2022-11,Kutowinangun,0.5496233628318584,0.56945,0.11800000000000001,0.8741,0.1668959386803148
2022,11,2022-11,Alian,0.6912247065101388,0.71835,0.2565,0.92905,0.1403245813566466
2022,11,2022-11,Kebumen,0.4267576771653544,0.402075,0.1385,0.8208500000000001,0.1310774422103798
2022,11,2022-11,Pejagoan,0.5677923539518901,0.5675250000000001,0.2124,0.9158000000000001,0.13549556407490915
2022,11,2022-11,Sruweng,0.5319867924528302,0.525425,0.16785,0.92295,0.1511155640345667
2022,11,2022-11,Adimulyo,0.36493203342618385,0.3577,-0.039400000000000004,0.7017,0.13578958359995652
2022,11,2022-11,Kuwarasan,0.3670465017064846,0.36705,0.01795,0.7493500000000001,0.1253297856164951
2022,11,2022-11,Rowokele,0.5527591915836102,0.56825,0.16540000000000002,0.9397000000000001,0.14417850667507312
2022,11,2022-11,Sempor,0.6092911145510836,0.62995,0.06935000000000001,0.9275,0.13826708387381395
2022,11,2022-11,Gombong,0.44254063444108765,0.4305,0.1496,0.8676,0.1181422954181396
2022,11,2022-11,Karanganyar,0.5891548543689321,0.60365,0.07865,0.89525,0.18151183107746804
2022,11,2022-11,Karanggayam,0.6623887281659389,0.6837,0.09960000000000001,0.96655,0.145210495589445
2022,11,2022-11,Sadang,0.7009482456140351,0.7378,0.12785000000000002,0.95865,0.1553454422115782
2022,11,2022-11,Bonorowo,0.3778380555555556,0.38307500000000005,0.0912,0.64725,0.11923412284985659
2022,11,2022-11,Padureso,0.763061123853211,0.7792000000000001,0.4374,0.9194,0.09040408323201646
2022,11,2022-11,Poncowarno,0.6617885714285715,0.665,0.36585,0.92435,0.11813157253599614
2022,11,2022-11,Karangsambung,0.6817752873563219,0.6948500000000001,0.2614,0.91325,0.1221396109898472
2022,12,2022-12,Ayah,0.7093013962264152,0.7332000000000001,0.021,0.9071,0.13389491070666162
2022,12,2022-12,Buayan,0.6703126118067978,0.70505,0.07880000000000001,0.92695,0.14372084584868375
2022,12,2022-12,Puring,0.6203992329817833,0.65315,-0.0425,0.8709,0.1352330611527748
2022,12,2022-12,Petanahan,0.5788605227882039,0.5998000000000001,0.0463,0.8323,0.1286618393594909
2022,12,2022-12,Klirong,0.6308944126074499,0.6379250000000001,0.112,0.8526,0.11119111633909969
2022,12,2022-12,Buluspesantren,0.6322712320574164,0.645675,0.1928,0.87055,0.12617970566919362
2022,12,2022-12,Ambal,0.6153027108433736,0.642925,0.22165,0.8585,0.12385215765380406
2022,12,2022-12,Mirit,0.5693932692307693,0.5887,0.091,0.86155,0.11778693725373497
2022,12,2022-12,Prembun,0.6553463291139241,0.67615,0.3345,0.85755,0.10930272672172034
2022,12,2022-12,Kutowinangun,0.6605834513274336,0.6785,0.30955,0.905,0.13112402450109087
2022,12,2022-12,Alian,0.6814418356456777,0.7060000000000001,0.22765000000000002,0.93345,0.13678997319365518
2022,12,2022-12,Kebumen,0.516480905511811,0.49835000000000007,0.20485,0.89625,0.1312864891393813
2022,12,2022-12,Pejagoan,0.6705343642611684,0.6878,0.27245,0.908,0.1336254469851613
2022,12,2022-12,Sruweng,0.6679849730458222,0.678625,0.30595,0.93,0.1299462736012193
2022,12,2022-12,Adimulyo,0.6557841922005572,0.6827000000000001,0.1957,0.8480000000000001,0.11220783704848585
2022,12,2022-12,Kuwarasan,0.6477901023890785,0.658075,0.3387,0.7904,0.08324047032742436
2022,12,2022-12,Rowokele,0.6836625138427465,0.7048500000000001,0.17025,0.8997,0.1304764771067058
2022,12,2022-12,Sempor,0.721571919504644,0.74495,0.1228,0.9107500000000001,0.11574024038334084
2022,12,2022-12,Gombong,0.6065184290030212,0.6092000000000001,0.3502,0.8684000000000001,0.08861801675167555
2022,12,2022-12,Karanganyar,0.7228805825242719,0.7393500000000001,0.37835,0.911,0.11590418708625969
2022,12,2022-12,Karanggayam,0.6991602074235808,0.712175,0.23585,0.937,0.11317480818402004
2022,12,2022-12,Sadang,0.7765434468524252,0.81565,0.3123,0.9533,0.11352391857505274
2022,12,2022-12,Bonorowo,0.5708730555555556,0.5888500000000001,0.26080000000000003,0.80055,0.11730618120541184
2022,12,2022-12,Padureso,0.7993064220183487,0.821725,0.46765,0.9115500000000001,0.07570686341061342
2022,12,2022-12,Poncowarno,0.7269742857142859,0.73965,0.37815000000000004,0.90985,0.09776386401941303
2022,12,2022-12,Karangsambung,0.7349645446507516,0.7614000000000001,0.34740000000000004,0.9441,0.12658763302849296
2023,1,2023-01,Ayah,0.6887113808801214,0.7068750000000001,0.1085,0.9465,0.1391243904157843
2023,1,2023-01,Buayan,0.7575139534883721,0.7896500000000001,0.16775,0.9529500000000001,0.12017214596843868
2023,1,2023-01,Puring,0.6828292368681863,0.6897500000000001,0.022000000000000002,0.9328000000000001,0.13828752285264892
2023,1,2023-01,Petanahan,0.7535793150684933,0.8069000000000001,0.12810000000000002,0.995,0.13588813667341224
2023,1,2023-01,Klirong,0.7354764192139738,0.77525,0.12290000000000001,0.91925,0.13033985554953761
2023,1,2023-01,Buluspesantren,0.7024000000000001,0.745975,0.0631,0.9528500000000001,0.15204806386669234
2023,1,2023-01,Ambal,0.7474731037924152,0.8171250000000001,0.078,0.9184,0.15329128654488497
2023,1,2023-01,Mirit,0.6891222159730035,0.7199500000000001,0.07970000000000001,0.9092,0.1639228639990732
2023,1,2023-01,Prembun,0.7404724050632912,0.7676000000000001,0.36285,0.92145,0.11534977823899487
2023,1,2023-01,Kutowinangun,0.7848869911504425,0.8132,0.3901,0.9206000000000001,0.09731197178607433
2023,1,2023-01,Alian,0.7481053361792956,0.76775,0.40775,0.9501000000000001,0.10955884440677155
2023,1,2023-01,Kebumen,0.635205183727034,0.633775,0.2901,0.92515,0.15588783814038976
2023,1,2023-01,Pejagoan,0.6484139175257733,0.6576,0.27965,0.8717,0.11924275235900618
2023,1,2023-01,Sruweng,0.7657909029649596,0.789475,0.43360000000000004,0.9108,0.09579688988682195
2023,1,2023-01,Adimulyo,0.8086914345403899,0.824125,0.32530000000000003,0.9174,0.07333045454529469
2023,1,2023-01,Kuwarasan,0.7584705631399318,0.784275,0.27765,0.9186000000000001,0.10353136340116144
2023,1,2023-01,Rowokele,0.7130118493909192,0.7645000000000001,0.13695000000000002,0.94865,0.17610900162132964
2023,1,2023-01,Sempor,0.6674171517027865,0.7202000000000001,0.1072,0.93205,0.18048614359805157
2023,1,2023-01,Gombong,0.7403536253776435,0.7686000000000001,0.42125,0.9217000000000001,0.11392342688093043
2023,1,2023-01,Karanganyar,0.7797977669902914,0.81555,0.26595,0.9378500000000001,0.11186643652690141
2023,1,2023-01,Karanggayam,0.6588033296943231,0.6721,0.25655,0.9236000000000001,0.13801998589472608
2023,1,2023-01,Sadang,0.7520892672858617,0.77905,0.3014,0.9517,0.11484422411946288
2023,1,2023-01,Bonorowo,0.763563888888889,0.790725,0.5145000000000001,0.908,0.09965037876322559
2023,1,2023-01,Padureso,0.7192619266055046,0.7195,0.2762,0.9208000000000001,0.11012694622280957
2023,1,2023-01,Poncowarno,0.7364004395604394,0.72335,0.42145000000000005,0.9303,0.10597006118682134
2023,1,2023-01,Karangsambung,0.7438574712643679,0.7645500000000001,0.3088,0.91325,0.1104885048066144
2023,2,2023-02,Ayah,0.6880518588770865,0.6998500000000001,0.0432,0.9433,0.10662782174206731
2023,2,2023-02,Buayan,0.7375204727921499,0.77005,0.2647,0.9377500000000001,0.138064581352821
2023,2,2023-02,Puring,0.5873403827281649,0.6012500000000001,0.0631,0.8553000000000001,0.08296663215876103
2023,2,2023-02,Petanahan,0.606187600536193,0.6179749999999999,-0.0318,0.8331500000000001,0.09947333306819299
2023,2,2023-02,Klirong,0.6475585611510792,0.6512,0.23900000000000002,0.9226000000000001,0.09583976282805018
2023,2,2023-02,Buluspesantren,0.6070234375,0.611225,0.10540000000000001,0.8218000000000001,0.08924871284199466
2023,2,2023-02,Ambal,0.5663906435643565,0.5724,0.0551,0.82845,0.092907183264057
2023,2,2023-02,Mirit,0.5754014220705347,0.58335,0.2361,0.7846000000000001,0.08366724893661576
2023,2,2023-02,Prembun,0.587480253164557,0.5958,0.34840000000000004,0.7979,0.08052884876539719
2023,2,2023-02,Kutowinangun,0.6435589380530974,0.6424500000000001,0.34815,0.8704000000000001,0.07660672995878667
2023,2,2023-02,Alian,0.6964242796157951,0.6929000000000001,0.40955,0.9353,0.07949884858605687
2023,2,2023-02,Kebumen,0.583982874015748,0.59395,0.2847,0.8319500000000001,0.08982333334165558
2023,2,2023-02,Pejagoan,0.6933800687285224,0.6935,0.3291,0.9512,0.10154748820367926
2023,2,2023-02,Sruweng,0.6746209568733155,0.67915,0.35685,0.9477000000000001,0.07750611419774042
2023,2,2023-02,Adimulyo,0.5884444986072424,0.59185,0.3719,0.8488,0.07449396823434859
2023,2,2023-02,Kuwarasan,0.5473963310580205,0.5473,0.36185,0.771,0.07108796243932133
2023,2,2023-02,Rowokele,0.6885933554817276,0.69415,0.2887,0.92705,0.11352694759221059
2023,2,2023-02,Sempor,0.7124953250773993,0.71185,0.264,0.9287000000000001,0.10882888473685513
2023,2,2023-02,Gombong,0.5509720543806648,0.5444,0.3255,0.8684000000000001,0.09902465535708362
2023,2,2023-02,Karanganyar,0.6455112621359224,0.65485,0.39580000000000004,0.923,0.09850269736269866
2023,2,2023-02,Karanggayam,0.7105874181222708,0.709325,0.31395,0.94325,0.10944961486725006
2023,2,2023-02,Sadang,0.6567929308565532,0.665,0.31415000000000004,0.9274,0.08207112236964836
2023,2,2023-02,Bonorowo,0.6006811111111111,0.6015,0.33990000000000004,0.8048000000000001,0.08453150508268033
2023,2,2023-02,Padureso,0.6983230504587156,0.70345,0.32480000000000003,0.8966000000000001,0.09021926330954338
2023,2,2023-02,Poncowarno,0.7191773626373626,0.7133,0.39975,0.9054500000000001,0.07774001185743265
2023,2,2023-02,Karangsambung,0.6655724137931035,0.6721,0.2916,0.93025,0.09741557708592352
2023,3,2023-03,Ayah,0.6932886799693017,0.7198,0.12290000000000001,0.918,0.13577849758765212
2023,3,2023-03,Buayan,0.6878196508504925,0.72735,0.25320000000000004,0.92005,0.1343731560550174
2023,3,2023-03,Puring,0.5839462797619048,0.5989500000000001,0.0495,0.9148000000000001,0.14574175363814224
2023,3,2023-03,Petanahan,0.546706258596974,0.5406500000000001,-0.0012000000000000001,0.9880000000000001,0.1269337515749475
2023,3,2023-03,Klirong,0.5924502218934912,0.595575,0.031400000000000004,0.94315,0.11753899892564122
2023,3,2023-03,Buluspesantren,0.5706747847478475,0.5792,0.0843,0.9135000000000001,0.12814559057521743
2023,3,2023-03,Ambal,0.5412311688311688,0.5325500000000001,0.1859,0.86475,0.14768128608687087
2023,3,2023-03,Mirit,0.5533337988826816,0.5554,0.1139,0.9344,0.11081630063364843
2023,3,2023-03,Prembun,0.5869651898734177,0.5724,0.27995000000000003,0.9054500000000001,0.14337540940632848
2023,3,2023-03,Kutowinangun,0.6184416814159293,0.631,0.28750000000000003,0.8713500000000001,0.15103858746774776
2023,3,2023-03,Alian,0.7396203308431163,0.76265,0.38385,0.92345,0.10474593702661301
2023,3,2023-03,Kebumen,0.5585814304461943,0.5504249999999999,0.2647,0.92505,0.1256461655482677
2023,3,2023-03,Pejagoan,0.7047820446735397,0.726475,0.38285,0.9353,0.1213100776153518
2023,3,2023-03,Sruweng,0.6559179245283019,0.688675,0.2346,0.9307000000000001,0.1708602154487278
2023,3,2023-03,Adimulyo,0.48224206128133706,0.4898,0.18150000000000002,0.7443500000000001,0.10524820964441903
2023,3,2023-03,Kuwarasan,0.4654650170648465,0.464,0.21400000000000002,0.75515,0.10278797765095433
2023,3,2023-03,Rowokele,0.6623093023255814,0.6899500000000001,0.1396,0.90005,0.12478084734298311
2023,3,2023-03,Sempor,0.6712105882352941,0.6956,0.20345000000000002,0.92095,0.120325218241461
2023,3,2023-03,Gombong,0.4545666163141994,0.43175,0.20635,0.85665,0.11926393809251887
2023,3,2023-03,Karanganyar,0.6754604854368933,0.7303000000000001,0.21405000000000002,0.9329500000000001,0.17663511381869954
2023,3,2023-03,Karanggayam,0.7607222707423582,0.77935,0.2833,0.9409500000000001,0.09265635032555292
2023,3,2023-03,Sadang,0.8054022187822497,0.8251000000000001,0.5204,0.9257000000000001,0.06472672025918232
2023,3,2023-03,Bonorowo,0.5304466666666667,0.538125,0.3044,0.7483000000000001,0.09657130441342869
2023,3,2023-03,Padureso,0.7672309633027523,0.7823249999999999,0.3929,0.88495,0.0776630408715798
2023,3,2023-03,Poncowarno,0.7331243956043956,0.7472500000000001,0.34205,0.93805,0.09378005105715745
2023,3,2023-03,Karangsambung,0.7890196286472149,0.8113,0.5039,0.91515,0.07786497866224926
2023,4,2023-04,Ayah,0.6959712837837838,0.7009500000000001,0.057600000000000005,0.9406500000000001,0.13327582820775496
2023,4,2023-04,Buayan,0.7148405971479501,0.7342500000000001,0.0345,0.9545,0.12388767536809478
2023,4,2023-04,Puring,0.5913882782101169,0.6223750000000001,-0.017,0.9398000000000001,0.17540303323308346
2023,4,2023-04,Petanahan,0.5641983085250338,0.5656,0.1597,0.903,0.14606742180340737
2023,4,2023-04,Klirong,0.6085944524495678,0.6226,0.0915,0.85985,0.12007115251345997
2023,4,2023-04,Buluspesantren,0.5722302536231884,0.579175,0.08120000000000001,0.8666,0.16990877447055358
2023,4,2023-04,Ambal,0.5491268231768233,0.57615,0.024900000000000002,0.8585,0.1872341613224776
2023,4,2023-04,Mirit,0.5960300113895216,0.6167,0.07390000000000001,0.84545,0.13981824767299195
2023,4,2023-04,Prembun,0.6404151898734177,0.64675,0.18330000000000002,0.8511000000000001,0.12735792390709727
2023,4,2023-04,Kutowinangun,0.6328231858407081,0.6727500000000001,0.24765,0.8882,0.16974038962337878
2023,4,2023-04,Alian,0.7267583244397012,0.7466,0.35645000000000004,0.9146000000000001,0.12069781767335007
2023,4,2023-04,Kebumen,0.5330984251968505,0.5202249999999999,0.21315,0.8577,0.12305042661835154
2023,4,2023-04,Pejagoan,0.7301972508591065,0.777475,0.3783,0.9195500000000001,0.12916722169663286
2023,4,2023-04,Sruweng,0.6764222371967655,0.6859500000000001,0.28325,0.91585,0.15533124455982572
2023,4,2023-04,Adimulyo,0.6063387186629526,0.631175,0.15385000000000001,0.84365,0.13941652874368077
2023,4,2023-04,Kuwarasan,0.605951109215017,0.6033000000000001,0.25645,0.85995,0.11337546167581011
2023,4,2023-04,Rowokele,0.7118265227021041,0.73175,0.0824,0.96175,0.13664769220690146
2023,4,2023-04,Sempor,0.6994632817337462,0.7035,0.035250000000000004,0.9095000000000001,0.115329028102106
2023,4,2023-04,Gombong,0.5895173716012084,0.5781000000000001,0.3669,0.8361500000000001,0.10470442540665627
2023,4,2023-04,Karanganyar,0.6697549514563107,0.6756,0.22565000000000002,0.90475,0.12550477629772236
2023,4,2023-04,Karanggayam,0.7808087063318777,0.8114250000000001,0.4605,0.918,0.08760529571711015
2023,4,2023-04,Sadang,0.7539382868937048,0.7694000000000001,0.3015,0.93305,0.10910997561968296
2023,4,2023-04,Bonorowo,0.5533090277777778,0.57875,0.1947,0.7975500000000001,0.13083226749204624
2023,4,2023-04,Padureso,0.788155389908257,0.8017500000000001,0.4388,0.9084500000000001,0.07176613450329633
2023,4,2023-04,Poncowarno,0.7361639560439561,0.749,0.46215,0.90025,0.0834363405933078
2023,4,2023-04,Karangsambung,0.7923715296198055,0.81535,0.46695000000000003,0.92935,0.08322231342105763
2023,5,2023-05,Ayah,0.8224396879756469,0.848825,0.2454,0.9807,0.08824418620288185
2023,5,2023-05,Buayan,0.8270879464285715,0.8408249999999999,0.0956,0.9299000000000001,0.06209376548297158
2023,5,2023-05,Puring,0.7316167475728156,0.74955,-0.1728,0.9515,0.09533227730277086
2023,5,2023-05,Petanahan,0.6752274695534507,0.6917500000000001,0.18675,0.8854000000000001,0.11755880184354756
2023,5,2023-05,Klirong,0.6604591703056769,0.6805,0.34915,0.85455,0.11515034778157204
2023,5,2023-05,Buluspesantren,0.7187765815085159,0.73285,0.3467,0.8709,0.07215195156046035
2023,5,2023-05,Ambal,0.7192117382617383,0.73595,0.099,0.8802500000000001,0.07931664122364503
2023,5,2023-05,Mirit,0.6874709529276694,0.6964,0.373,0.8731500000000001,0.08662440891897333
2023,5,2023-05,Prembun,0.7444045569620253,0.75905,0.43055000000000004,0.8677,0.07031234738240483
2023,5,2023-05,Kutowinangun,0.7101045132743363,0.74255,0.32045,0.8889,0.10931244474887335
2023,5,2023-05,Alian,0.7668280149413019,0.8117500000000001,0.30255000000000004,0.90815,0.13309744723758202
2023,5,2023-05,Kebumen,0.5568311679790026,0.5348250000000001,0.2695,0.8952,0.1398973673873696
2023,5,2023-05,Pejagoan,0.7540591065292096,0.8171250000000001,0.3554,0.9205500000000001,0.1322417991385776
2023,5,2023-05,Sruweng,0.7672479784366577,0.816875,0.38170000000000004,0.90995,0.11965424338849355
2023,5,2023-05,Adimulyo,0.7368205431754876,0.798,0.26030000000000003,0.86905,0.11863635714255531
2023,5,2023-05,Kuwarasan,0.7998610921501708,0.8088500000000001,0.64165,0.8799,0.03952739551776881
2023,5,2023-05,Rowokele,0.838177796234773,0.8460000000000001,0.6926,0.9179,0.04235228949652499
2023,5,2023-05,Sempor,0.834619504643963,0.84635,0.43305000000000005,0.9155000000000001,0.05620749603283301
2023,5,2023-05,Gombong,0.7329371601208461,0.7613500000000001,0.3592,0.89365,0.1129599012206455
2023,5,2023-05,Karanganyar,0.821227572815534,0.83935,0.43215000000000003,0.9003,0.06924174730490942
2023,5,2023-05,Karanggayam,0.8246832423580787,0.8440750000000001,0.55535,0.9025000000000001,0.0605707393496272
2023,5,2023-05,Sadang,0.8280274509803922,0.85975,0.5065500000000001,0.92835,0.07975207781748586
2023,5,2023-05,Bonorowo,0.7279875000000001,0.737825,0.4762,0.85975,0.07203940663025266
2023,5,2023-05,Padureso,0.8433243119266055,0.85155,0.4686,0.9305,0.04457202853514258
2023,5,2023-05,Poncowarno,0.788820989010989,0.8002,0.5315500000000001,0.9115500000000001,0.07028580808173993
2023,5,2023-05,Karangsambung,0.8145297524314766,0.8369000000000001,0.46425,0.92615,0.07265537137529682
2023,6,2023-06,Ayah,0.7230066842900303,0.7383,-0.0146,0.9687,0.1236944589217058
2023,6,2023-06,Buayan,0.6407189901697945,0.64905,0.0888,0.9564,0.13132851344666102
2023,6,2023-06,Puring,0.6617437500000001,0.686175,-0.012400000000000001,0.9745,0.12968203648130106
2023,6,2023-06,Petanahan,0.7137439455782315,0.7372000000000001,-0.0291,0.89885,0.11174288186286162
2023,6,2023-06,Klirong,0.737622103004292,0.7625500000000001,0.40180000000000005,0.9127000000000001,0.08920838855974099
2023,6,2023-06,Buluspesantren,0.7054535971223022,0.7373500000000001,0.116,0.90885,0.11543849068203207
2023,6,2023-06,Ambal,0.7082701990049751,0.7222500000000001,0.13490000000000002,0.8969,0.11114802305849235
2023,6,2023-06,Mirit,0.6356608967082862,0.65175,0.027,0.90275,0.11031493609345297
2023,6,2023-06,Prembun,0.7285718987341772,0.73385,0.48575,0.8677,0.07282076362811743
2023,6,2023-06,Kutowinangun,0.7885750442477877,0.7997000000000001,0.48810000000000003,0.89425,0.06540671670096132
2023,6,2023-06,Alian,0.7849072038420492,0.8007500000000001,0.41910000000000003,0.92095,0.07729951362522218
2023,6,2023-06,Kebumen,0.6624504593175854,0.68305,0.1826,0.8946500000000001,0.1324317096701805
2023,6,2023-06,Pejagoan,0.6957078178694159,0.7002,0.41685,0.9071,0.12181625991750795
2023,6,2023-06,Sruweng,0.7031066711590297,0.7242250000000001,0.16775,0.9407500000000001,0.11622062428879759
2023,6,2023-06,Adimulyo,0.6476311977715877,0.653475,0.29735,0.88915,0.11767379321779554
2023,6,2023-06,Kuwarasan,0.5259475255972695,0.5152749999999999,0.227,0.8607,0.11808484024094955
2023,6,2023-06,Rowokele,0.6287305647840531,0.6443,0.0721,0.9226500000000001,0.14456113624068603
2023,6,2023-06,Sempor,0.6881581424148606,0.7130500000000001,0.17105,0.94445,0.13727151230334658
2023,6,2023-06,Gombong,0.48428111782477345,0.47825,0.21885000000000002,0.8509500000000001,0.10796900800827641
2023,6,2023-06,Karanganyar,0.64764,0.6608,0.2919,0.9093,0.12781860444676452
2023,6,2023-06,Karanggayam,0.7521431222707424,0.7892,0.16140000000000002,0.9411,0.1134365000367119
2023,6,2023-06,Sadang,0.8275923116615067,0.84885,0.5669000000000001,0.9238500000000001,0.06872570710852262
2023,6,2023-06,Bonorowo,0.7120597222222222,0.7353750000000001,0.34695000000000004,0.9049,0.10361541499662509
2023,6,2023-06,Padureso,0.8078919724770642,0.822075,0.54195,0.9157500000000001,0.057437139890230304
2023,6,2023-06,Poncowarno,0.8058724175824177,0.8057500000000001,0.5641,0.916,0.04852764911080311
2023,6,2023-06,Karangsambung,0.8065484084880638,0.8227500000000001,0.45430000000000004,0.9431,0.07217247312666736
2023,7,2023-07,Ayah,0.7707683409436834,0.8134,-0.061200000000000004,0.9275500000000001,0.11498173421541183
2023,7,2023-07,Buayan,0.7247393912264994,0.7554500000000001,0.14780000000000001,0.9153,0.12381113608552284
2023,7,2023-07,Puring,0.6386359281437125,0.647675,0.3078,0.8366,0.11166420714031099
2023,7,2023-07,Petanahan,0.6487392430278884,0.6456500000000001,-0.1254,0.8408,0.10995299226695715
2023,7,2023-07,Klirong,0.687423516642547,0.6916,0.2781,0.87355,0.07710424034351261
2023,7,2023-07,Buluspesantren,0.6288984184914842,0.6183000000000001,0.2449,0.83355,0.09686822157711697
2023,7,2023-07,Ambal,0.6199122893954411,0.61245,0.20215,0.8279500000000001,0.10557021185416415
2023,7,2023-07,Mirit,0.5988639821029083,0.604425,-0.0635,0.84045,0.10229566805447379
2023,7,2023-07,Prembun,0.6142582278481012,0.59865,0.40355,0.8204,0.09432686484932337
2023,7,2023-07,Kutowinangun,0.6297685840707965,0.6277,0.3577,0.8574,0.09614864473678664
2023,7,2023-07,Alian,0.7677596584845251,0.7793,0.5053500000000001,0.8839,0.06159699724391722
2023,7,2023-07,Kebumen,0.6220871391076115,0.618075,0.26665,0.8641500000000001,0.11351437922121596
2023,7,2023-07,Pejagoan,0.739044587628866,0.775625,0.4355,0.9205000000000001,0.09621431319896666
2023,7,2023-07,Sruweng,0.7145960916442048,0.738575,0.4475,0.8827,0.11216477547804443
2023,7,2023-07,Adimulyo,0.6037710306406685,0.6065750000000001,0.41040000000000004,0.77415,0.06051592676291087
2023,7,2023-07,Kuwarasan,0.5759239761092151,0.580875,0.32080000000000003,0.79405,0.07897825116052429
2023,7,2023-07,Rowokele,0.7526848837209303,0.78095,0.37275,0.90405,0.09997678892396392
2023,7,2023-07,Sempor,0.7539538390092879,0.77825,0.1686,0.93435,0.08642254113853026
2023,7,2023-07,Gombong,0.5293566465256798,0.5167,0.29135,0.8480000000000001,0.08624079793071851
2023,7,2023-07,Karanganyar,0.7098638834951457,0.7553000000000001,0.39855,0.9097000000000001,0.1295015829136906
2023,7,2023-07,Karanggayam,0.7737617085152839,0.78295,0.5537500000000001,0.8852000000000001,0.05334574114627713
2023,7,2023-07,Sadang,0.7997754385964914,0.82525,0.5316000000000001,0.9222,0.07038692866558972
2023,7,2023-07,Bonorowo,0.5906219444444444,0.597575,0.43620000000000003,0.73665,0.06240282237738595
2023,7,2023-07,Padureso,0.7693491972477065,0.778025,0.43135,0.8951,0.06370223875955572
2023,7,2023-07,Poncowarno,0.7445792307692307,0.7533000000000001,0.5046,0.8781,0.06343949971101685
2023,7,2023-07,Karangsambung,0.7892806808134396,0.79955,0.56415,0.9317000000000001,0.05818759081930058
2023,8,2023-08,Ayah,0.7249294494720965,0.7563250000000001,0.0488,0.9217000000000001,0.11808958043116606
2023,8,2023-08,Buayan,0.6352028225806452,0.645175,0.14750000000000002,0.9091,0.1282461113267691
2023,8,2023-08,Puring,0.6265959940652819,0.6394500000000001,0.2811,0.8715,0.09089035027314746
2023,8,2023-08,Petanahan,0.6272944369063772,0.6307,0.0407,0.88095,0.10556355987072341
2023,8,2023-08,Klirong,0.6209479971387697,0.6141500000000001,0.2091,0.8859,0.10013775281177272
2023,8,2023-08,Buluspesantren,0.6098472289156627,0.60975,0.2286,0.81205,0.08547824008755486
2023,8,2023-08,Ambal,0.5839685903983658,0.5779000000000001,0.16920000000000002,0.8279500000000001,0.10736609745726065
2023,8,2023-08,Mirit,0.5699052447552447,0.56515,0.0766,0.78285,0.08768379508900428
2023,8,2023-08,Prembun,0.6247121518987342,0.62895,0.39655,0.7525000000000001,0.06170959461478604
2023,8,2023-08,Kutowinangun,0.6233384955752211,0.6321,0.36110000000000003,0.82335,0.08426621154099204
2023,8,2023-08,Alian,0.6890394343649947,0.7032,0.447,0.83975,0.07944683471889791
2023,8,2023-08,Kebumen,0.5368550524934383,0.52275,0.276,0.81735,0.09870720653584573
2023,8,2023-08,Pejagoan,0.6511433848797251,0.69915,0.29265,0.8217500000000001,0.12167305617100592
2023,8,2023-08,Sruweng,0.6533316037735849,0.6724,0.3392,0.8407,0.1175218849630637
2023,8,2023-08,Adimulyo,0.6042931754874653,0.6097,0.3512,0.7994,0.05779711479386896
2023,8,2023-08,Kuwarasan,0.6032598976109216,0.610075,0.32185,0.7708,0.08088820675772819
2023,8,2023-08,Rowokele,0.6572569213732004,0.66395,0.324,0.8824500000000001,0.11113684845962958
2023,8,2023-08,Sempor,0.6705578328173375,0.6982,0.27575,0.8905500000000001,0.0963061257480729
2023,8,2023-08,Gombong,0.5439900302114804,0.55655,0.33945000000000003,0.7944,0.07644511432938618
2023,8,2023-08,Karanganyar,0.6855905825242719,0.70985,0.43570000000000003,0.81225,0.0801567636623742
2023,8,2023-08,Karanggayam,0.6966086790393013,0.7041250000000001,0.42925,0.86295,0.06115387806511975
2023,8,2023-08,Sadang,0.753487306501548,0.7817000000000001,0.50405,0.8804000000000001,0.07809037838924994
2023,8,2023-08,Bonorowo,0.5839301388888889,0.58525,0.43185,0.7080000000000001,0.05102495768665717
2023,8,2023-08,Padureso,0.7349010321100917,0.7399500000000001,0.45215,0.8230500000000001,0.056750689929030707
2023,8,2023-08,Poncowarno,0.6906531868131869,0.6895,0.5164,0.8410000000000001,0.06696196235126428
2023,8,2023-08,Karangsambung,0.7037350574712644,0.7115,0.41450000000000004,0.8592500000000001,0.07199460902717283
2023,9,2023-09,Ayah,0.7001344086021506,0.719975,0.08360000000000001,0.92,0.10996302013683928
2023,9,2023-09,Buayan,0.6596335874439462,0.6669,0.27035000000000003,0.89395,0.11429699631836046
2023,9,2023-09,Puring,0.5675897969052225,0.56985,0.08575,0.9176500000000001,0.1013709888428257
2023,9,2023-09,Petanahan,0.5753123815967524,0.58285,0.1996,0.8902,0.0917340559180012
2023,9,2023-09,Klirong,0.6088217612809317,0.6121500000000001,0.37815000000000004,0.78515,0.06949418469349616
2023,9,2023-09,Buluspesantren,0.5900056900726393,0.6112000000000001,0.041600000000000005,0.7552,0.08449688733221909
2023,9,2023-09,Ambal,0.5189473631840796,0.51595,0.07100000000000001,0.7913,0.09189391352964282
2023,9,2023-09,Mirit,0.529763687150838,0.5418000000000001,0.0188,0.778,0.10342757885038133
2023,9,2023-09,Prembun,0.5647483544303797,0.57225,0.36105000000000004,0.7064,0.07728346665885977
2023,9,2023-09,Kutowinangun,0.5782515044247788,0.5780500000000001,0.35745,0.74205,0.06984543968391466
2023,9,2023-09,Alian,0.6266235325506937,0.6393500000000001,0.2906,0.8674000000000001,0.09778531738595739
2023,9,2023-09,Kebumen,0.5042024934383202,0.5068,0.2146,0.7543000000000001,0.09871180573211914
2023,9,2023-09,Pejagoan,0.6130467353951891,0.63675,0.32925000000000004,0.9065000000000001,0.10489853736951396
2023,9,2023-09,Sruweng,0.6167866576819407,0.6171500000000001,0.23205,0.8419500000000001,0.10920017656521776
2023,9,2023-09,Adimulyo,0.5324532033426184,0.540525,0.24865,0.6749,0.05997162633003176
2023,9,2023-09,Kuwarasan,0.5414096416382252,0.5533,0.1923,0.73995,0.09805781438773538
2023,9,2023-09,Rowokele,0.6368995016611295,0.64105,0.1927,0.918,0.11898639071921253
2023,9,2023-09,Sempor,0.6241293808049536,0.6359,0.17845,0.8495,0.11119462239035216
2023,9,2023-09,Gombong,0.4875631419939578,0.5035000000000001,0.29165,0.769,0.08525310459979923
2023,9,2023-09,Karanganyar,0.6261497087378641,0.6484500000000001,0.3234,0.8111,0.10656657559430044
2023,9,2023-09,Karanggayam,0.6431407478165939,0.6494,0.35965,0.8772500000000001,0.08903863126700381
2023,9,2023-09,Sadang,0.7001932920536635,0.7338,0.3982,0.8581000000000001,0.10858608998620214
2023,9,2023-09,Bonorowo,0.5337959722222222,0.540975,0.30375,0.79635,0.0782707882691685
2023,9,2023-09,Padureso,0.6908580275229359,0.6911,0.36965000000000003,0.85045,0.07347173154986224
2023,9,2023-09,Poncowarno,0.6568218681318682,0.6576000000000001,0.37565000000000004,0.85285,0.08102536171819925
2023,9,2023-09,Karangsambung,0.6579519451812557,0.6642,0.41515,0.8500500000000001,0.08937593441837144
2023,10,2023-10,Ayah,0.6434547198772065,0.6626000000000001,0.156,0.9379000000000001,0.10039068696610404
2023,10,2023-10,Buayan,0.6107436265709156,0.6188500000000001,0.1124,0.9112,0.12385936746250739
2023,10,2023-10,Puring,0.5426807453416149,0.5467000000000001,0.264,0.8638,0.10205609599973638
2023,10,2023-10,Petanahan,0.5412675753228121,0.5517000000000001,0.1297,0.8212,0.09236986679398453
2023,10,2023-10,Klirong,0.5653262611275965,0.57715,0.23090000000000002,0.7260000000000001,0.07765594633862778
2023,10,2023-10,Buluspesantren,0.5221766584766585,0.52535,0.1267,0.7394000000000001,0.0900578778988002
2023,10,2023-10,Ambal,0.4853585192697769,0.49275,0.0941,0.7108,0.1050374379960255
2023,10,2023-10,Mirit,0.5170162844036698,0.52675,0.0954,0.8089000000000001,0.0989828905656248
2023,10,2023-10,Prembun,0.5394167088607595,0.5429,0.1656,0.7867000000000001,0.08156620778520687
2023,10,2023-10,Kutowinangun,0.5314550442477877,0.5353,0.1903,0.7497,0.08070303498064083
2023,10,2023-10,Alian,0.5373964781216649,0.543,0.1139,0.8148000000000001,0.10415743091345292
2023,10,2023-10,Kebumen,0.47143372703412073,0.47000000000000003,0.1081,0.8078000000000001,0.10576902869952516
2023,10,2023-10,Pejagoan,0.5674060137457045,0.5783,0.1414,0.8361000000000001,0.09747404649683508
2023,10,2023-10,Sruweng,0.5209493261455526,0.5379,0.052000000000000005,0.8962,0.13089644563806155
2023,10,2023-10,Adimulyo,0.524708774373259,0.5355000000000001,0.2684,0.6693,0.07372232736787979
2023,10,2023-10,Kuwarasan,0.5126996587030717,0.49770000000000003,0.2732,0.7107,0.1156263248420123
2023,10,2023-10,Rowokele,0.569794684385382,0.5898,0.0654,0.8641000000000001,0.1355623217288618
2023,10,2023-10,Sempor,0.4630656965944273,0.4882,0.078,0.9897,0.16478292112874499
2023,10,2023-10,Gombong,0.39157734138972816,0.37510000000000004,0.25720000000000004,0.8153,0.06992339183176167
2023,10,2023-10,Karanganyar,0.5079605825242718,0.5154,0.0815,0.9891000000000001,0.1239219119126551
2023,10,2023-10,Karanggayam,0.49517734716157213,0.5124000000000001,0.0611,0.9863000000000001,0.1504358730291886
2023,10,2023-10,Sadang,0.6000261093911249,0.6414000000000001,0.0767,0.9989,0.17195538393857204
2023,10,2023-10,Bonorowo,0.5747441666666668,0.5826,0.23720000000000002,0.7506,0.07150461383229446
2023,10,2023-10,Padureso,0.61621376146789,0.61295,0.2617,0.8310000000000001,0.07141140301343177
2023,10,2023-10,Poncowarno,0.5693679120879122,0.5638000000000001,0.084,0.8868,0.10553271719678844
2023,10,2023-10,Karangsambung,0.5530551724137931,0.5515,0.0897,0.9685,0.11671050947294156
2023,11,2023-11,Ayah,0.555125762195122,0.56935,0.11235,0.878,0.13682128326784287
2023,11,2023-11,Buayan,0.5328916666666667,0.53365,0.0708,0.8597,0.12692062722835648
2023,11,2023-11,Puring,0.504061339198436,0.49635,0.20735,0.7406,0.11070260139882246
2023,11,2023-11,Petanahan,0.46344363885088924,0.4374,0.19465000000000002,0.7623500000000001,0.1482228927698685
2023,11,2023-11,Klirong,0.46540074074074067,0.46630000000000005,0.11270000000000001,0.7320500000000001,0.14254736922695338
2023,11,2023-11,Buluspesantren,0.4663069938650307,0.4494,0.17400000000000002,0.76695,0.1191502592369787
2023,11,2023-11,Ambal,0.4514512121212121,0.455175,0.15165,0.74455,0.1281803840771556
2023,11,2023-11,Mirit,0.4919738067520373,0.50475,0.1017,0.71745,0.10212947437004259
2023,11,2023-11,Prembun,0.4013174683544304,0.38420000000000004,0.184,0.7156,0.11431785329043118
2023,11,2023-11,Kutowinangun,0.4226624778761062,0.4048,0.12775,0.7689,0.12347626477899158
2023,11,2023-11,Alian,0.5111395944503735,0.5139,0.1564,0.8108500000000001,0.11547312362478454
2023,11,2023-11,Kebumen,0.39459652230971126,0.375725,0.19475,0.74175,0.10517977026287584
2023,11,2023-11,Pejagoan,0.4521006013745704,0.44880000000000003,0.1837,0.75875,0.1165144441681381
2023,11,2023-11,Sruweng,0.42973787061994606,0.42535,0.1114,0.8086,0.11279140806343384
2023,11,2023-11,Adimulyo,0.3740238161559889,0.36455000000000004,0.11375,0.74715,0.09837836492278092
2023,11,2023-11,Kuwarasan,0.3747755972696246,0.363925,0.06705,0.66485,0.08989544952209644
2023,11,2023-11,Rowokele,0.5110074750830566,0.51575,0.132,0.8762500000000001,0.11881606988513493
2023,11,2023-11,Sempor,0.48212591331269355,0.48150000000000004,0.03665,0.82345,0.1257153828612193
2023,11,2023-11,Gombong,0.37356087613293054,0.3309,0.19905,0.78585,0.11383457256879921
2023,11,2023-11,Karanganyar,0.48749679611650487,0.48795000000000005,0.20040000000000002,0.7714000000000001,0.1129730966101943
2023,11,2023-11,Karanggayam,0.4586884552401747,0.45632500000000004,0.14195000000000002,0.8106500000000001,0.10602338497849012
2023,11,2023-11,Sadang,0.5618082559339526,0.5765,0.13555,0.8857,0.14540686403437134
2023,11,2023-11,Bonorowo,0.46492625,0.4759,0.24025000000000002,0.7149,0.10937325985203021
2023,11,2023-11,Padureso,0.610583371559633,0.623375,0.26655,0.76125,0.08341173302535523
2023,11,2023-11,Poncowarno,0.5122841758241757,0.53345,0.1363,0.79745,0.13823716283675638
2023,11,2023-11,Karangsambung,0.4931767904509284,0.4995,0.1068,0.87375,0.13714426323198559
2023,12,2023-12,Ayah,0.6750420212765957,0.7013750000000001,0.17295000000000002,0.9797,0.14061693558429614
2023,12,2023-12,Buayan,0.6757792933810376,0.7093,0.2175,0.9133,0.13832323049309006
2023,12,2023-12,Puring,0.5637033070088845,0.58345,0.021750000000000002,0.82815,0.15635496078637515
2023,12,2023-12,Petanahan,0.5045329715061059,0.5023500000000001,0.0235,0.8416,0.1703653279608983
2023,12,2023-12,Klirong,0.5466168859649123,0.5517750000000001,0.1504,0.83545,0.1385411639350705
2023,12,2023-12,Buluspesantren,0.5161118226600986,0.521075,0.0171,0.8250500000000001,0.14069673051361137
2023,12,2023-12,Ambal,0.5054477295162884,0.5109,0.1681,0.8641000000000001,0.14828130174424323
2023,12,2023-12,Mirit,0.5147147058823529,0.5299,-0.0625,0.76805,0.1293386490646493
2023,12,2023-12,Prembun,0.5710212658227848,0.58885,0.07540000000000001,0.77575,0.12386785160681861
2023,12,2023-12,Kutowinangun,0.565108407079646,0.603,0.1802,0.8189000000000001,0.15036609588651584
2023,12,2023-12,Alian,0.7070237459978655,0.7423000000000001,0.25455,0.8972,0.12166413764829317
2023,12,2023-12,Kebumen,0.49441843832021,0.4719,0.19615000000000002,0.8725,0.128299708756426
2023,12,2023-12,Pejagoan,0.6636109106529209,0.7036,0.27735000000000004,0.881,0.1290688807099814
2023,12,2023-12,Sruweng,0.6274433288409703,0.6845,0.1678,0.8381500000000001,0.16071747603083508
2023,12,2023-12,Adimulyo,0.4748183147632313,0.489275,0.16815000000000002,0.70935,0.11227190278745848
2023,12,2023-12,Kuwarasan,0.5093805460750852,0.5067250000000001,0.26380000000000003,0.7581,0.08679780924541927
2023,12,2023-12,Rowokele,0.6658552048726468,0.68555,0.27055,0.90005,0.12841085891894982
2023,12,2023-12,Sempor,0.6789719814241486,0.70545,0.17025,0.93545,0.11627549896359016
2023,12,2023-12,Gombong,0.4960007552870091,0.47745000000000004,0.31595,0.81535,0.08565515810330072
2023,12,2023-12,Karanganyar,0.6589127184466019,0.7107,0.3064,0.8557,0.14105271894829657
2023,12,2023-12,Karanggayam,0.7139768286026201,0.724375,0.33485000000000004,0.9064500000000001,0.07940808757082753
2023,12,2023-12,Sadang,0.7541109391124872,0.78325,0.4259,0.89795,0.08389114466248293
2023,12,2023-12,Bonorowo,0.5074197222222223,0.511225,0.1716,0.7426,0.10353600635061193
2023,12,2023-12,Padureso,0.743858371559633,0.7565250000000001,0.29335,0.8318000000000001,0.06776200123814027
2023,12,2023-12,Poncowarno,0.6961804395604396,0.7026,0.38830000000000003,0.8545,0.080053222487143
2023,12,2023-12,Karangsambung,0.7347264809902742,0.74785,0.45775000000000005,0.8669,0.07609553740465946
2024,1,2024-01,Ayah,0.6630928571428572,0.67525,0.1491,0.9458000000000001,0.14629138423121602
2024,1,2024-01,Buayan,0.6830227475468332,0.69265,0.2056,0.94155,0.1260971607247856
2024,1,2024-01,Puring,0.5695124501992033,0.5955,-0.10260000000000001,0.8865000000000001,0.14829514783326173
2024,1,2024-01,Petanahan,0.58440731874145,0.6123000000000001,0.12895,0.8636,0.12571292747579513
2024,1,2024-01,Klirong,0.6198013629842181,0.6416000000000001,0.2313,0.8662500000000001,0.1049916585550872
2024,1,2024-01,Buluspesantren,0.6229444915254237,0.6434,0.0483,0.8544,0.11794821157749631
2024,1,2024-01,Ambal,0.6846256306760847,0.69825,0.0942,0.9008,0.12822358709916845
2024,1,2024-01,Mirit,0.6161668000000001,0.64165,0.0562,0.8722500000000001,0.12576483591229196
2024,1,2024-01,Prembun,0.6707283544303796,0.7229,0.2812,0.9147000000000001,0.15177617487378386
2024,1,2024-01,Kutowinangun,0.7260376106194691,0.7571,0.3648,0.8965000000000001,0.10184682801872968
2024,1,2024-01,Alian,0.6665392742796159,0.66835,0.3271,0.92395,0.08622205410690836
2024,1,2024-01,Kebumen,0.5620594488188977,0.551525,0.12295,0.90725,0.12398163425485487
2024,1,2024-01,Pejagoan,0.656965206185567,0.6811750000000001,0.22115,0.9172,0.1381273189877031
2024,1,2024-01,Sruweng,0.6308268194070082,0.656375,-0.0246,0.9221,0.15227109319843374
2024,1,2024-01,Adimulyo,0.44095083565459614,0.46340000000000003,-0.08950000000000001,0.7714000000000001,0.17129415808081855
2024,1,2024-01,Kuwarasan,0.5426668941979522,0.564825,0.08945,0.74465,0.1207983116755552
2024,1,2024-01,Rowokele,0.6692801771871538,0.6927500000000001,0.11,0.9105500000000001,0.13653369884152577
2024,1,2024-01,Sempor,0.6846255727554179,0.7009500000000001,0.35015,0.9266000000000001,0.10863010322860939
2024,1,2024-01,Gombong,0.49325558912386713,0.47405,0.25930000000000003,0.8894500000000001,0.12295001965355692
2024,1,2024-01,Karanganyar,0.6672414563106795,0.7151000000000001,0.14100000000000001,0.9195500000000001,0.17610188898943177
2024,1,2024-01,Karanggayam,0.7532967521834061,0.77275,0.3703,0.9421,0.0967477777894245
2024,1,2024-01,Sadang,0.7492947884416924,0.7685000000000001,0.43605,0.93535,0.0982030656937071
2024,1,2024-01,Bonorowo,0.5365198611111112,0.549925,0.2192,0.78305,0.11773675846156233
2024,1,2024-01,Padureso,0.7188236238532111,0.736,0.2942,0.8936000000000001,0.1044037774334448
2024,1,2024-01,Poncowarno,0.713285934065934,0.72775,0.42485,0.8809,0.08302782348393321
2024,1,2024-01,Karangsambung,0.7095045092838196,0.7101000000000001,0.3775,0.9092,0.09569039904093929
2024,2,2024-02,Ayah,0.7362286910197869,0.7663500000000001,0.11510000000000001,0.9525,0.123840221092482
2024,2,2024-02,Buayan,0.8147558035714285,0.836775,0.36655000000000004,0.9303,0.06868782095516321
2024,2,2024-02,Puring,0.7373821844660194,0.7608,0.0863,0.9459000000000001,0.09951804488558579
2024,2,2024-02,Petanahan,0.7587362045760431,0.7818,0.0993,0.87795,0.08803937828034936
2024,2,2024-02,Klirong,0.7600753900709218,0.7725000000000001,0.09040000000000001,0.8801,0.08320127884926296
2024,2,2024-02,Buluspesantren,0.7495968225419664,0.76885,0.1834,0.84325,0.07884054437753134
2024,2,2024-02,Ambal,0.735845896656535,0.75485,0.0623,0.84765,0.10046672462421975
2024,2,2024-02,Mirit,0.7213341657207719,0.73985,0.0228,0.8559,0.09637748344457786
2024,2,2024-02,Prembun,0.7440050632911392,0.76385,0.41215,0.8491000000000001,0.07484564631180252
2024,2,2024-02,Kutowinangun,0.7753989380530975,0.79445,0.3695,0.85455,0.06984260863665642
2024,2,2024-02,Alian,0.7724429028815368,0.79325,0.42600000000000005,0.91,0.07723924847593466
2024,2,2024-02,Kebumen,0.6792503937007874,0.69675,0.30010000000000003,0.88015,0.11865424469149669
2024,2,2024-02,Pejagoan,0.7645126288659795,0.79965,0.44035,0.8903500000000001,0.09846879151907229
2024,2,2024-02,Sruweng,0.7509760107816713,0.7728250000000001,0.2715,0.94125,0.10669889165835406
2024,2,2024-02,Adimulyo,0.6594614206128134,0.6932,0.0356,0.8875500000000001,0.12503470619223273
2024,2,2024-02,Kuwarasan,0.7580337883959045,0.77,0.1917,0.90685,0.08974368203864178
2024,2,2024-02,Rowokele,0.7700583610188263,0.78915,0.31555,0.9620500000000001,0.09637005948873863
2024,2,2024-02,Sempor,0.785972972136223,0.80195,0.2619,0.9427500000000001,0.07665177932793565
2024,2,2024-02,Gombong,0.6558205438066467,0.66595,0.343,0.9073,0.11694814341684469
2024,2,2024-02,Karanganyar,0.7486044660194174,0.7508,0.434,0.9429000000000001,0.09855141617724278
2024,2,2024-02,Karanggayam,0.772919268558952,0.7977750000000001,0.4203,0.9437500000000001,0.08579616813792201
2024,2,2024-02,Sadang,0.7641340557275542,0.78715,0.39535000000000003,0.93555,0.08610026219958297
2024,2,2024-02,Bonorowo,0.6480668055555556,0.674275,0.2726,0.804,0.10108032904063081
2024,2,2024-02,Padureso,0.7942619266055048,0.807275,0.46565,0.88405,0.04745253212425853
2024,2,2024-02,Poncowarno,0.7579498901098901,0.7836500000000001,0.46430000000000005,0.887,0.08224390785407028
2024,2,2024-02,Karangsambung,0.7478637046861185,0.7647,0.38595,0.9321,0.08504697353727016
2024,3,2024-03,Ayah,0.7263175572519085,0.7549000000000001,0.0449,0.9442,0.13155718317010023
2024,3,2024-03,Buayan,0.7624687946428571,0.7864249999999999,0.23775000000000002,0.9357000000000001,0.09810147728460625
2024,3,2024-03,Puring,0.697754487804878,0.72265,0.062400000000000004,0.87465,0.10049047091994975
2024,3,2024-03,Petanahan,0.6783992734478204,0.6923,-0.0045000000000000005,0.92405,0.10911623153445402
2024,3,2024-03,Klirong,0.7102771223021583,0.7165,0.20090000000000002,0.8922,0.0789457654765782
2024,3,2024-03,Buluspesantren,0.636234448574969,0.6512,0.1237,0.9118,0.10420467300103942
2024,3,2024-03,Ambal,0.582470267591675,0.5698,0.0976,0.9762000000000001,0.12737313795138872
2024,3,2024-03,Mirit,0.6077060163551402,0.616325,0.0351,0.9275500000000001,0.1279178907866793
2024,3,2024-03,Prembun,0.7023407594936709,0.7372500000000001,0.3912,0.8865000000000001,0.10511173474784656
2024,3,2024-03,Kutowinangun,0.7009792920353983,0.7256,0.36635,0.8901,0.10944390220780799
2024,3,2024-03,Alian,0.7955036286019211,0.81515,0.4711,0.9436500000000001,0.08211432276959375
2024,3,2024-03,Kebumen,0.6690885170603675,0.6727000000000001,0.28775,0.8964500000000001,0.1151499036804511
2024,3,2024-03,Pejagoan,0.7840442439862544,0.8270500000000001,0.44645,0.9196500000000001,0.10858775188519187
2024,3,2024-03,Sruweng,0.7684378706199462,0.8006,0.4289,0.9309000000000001,0.10303243510209209
2024,3,2024-03,Adimulyo,0.7635482590529249,0.7735750000000001,0.5146000000000001,0.8662000000000001,0.053191299269708996
2024,3,2024-03,Kuwarasan,0.7264057167235496,0.7292500000000001,0.49685,0.8857,0.06484313538903069
2024,3,2024-03,Rowokele,0.7489436323366556,0.7643000000000001,0.39130000000000004,0.94215,0.0942806214866743
2024,3,2024-03,Sempor,0.7040441486068112,0.735,0.04555,0.93315,0.12493779915506621
2024,3,2024-03,Gombong,0.7091586102719034,0.7261000000000001,0.37055,0.91625,0.11828739526693206
2024,3,2024-03,Karanganyar,0.797931359223301,0.81225,0.42785,0.92745,0.08457916399810614
2024,3,2024-03,Karanggayam,0.7650157205240175,0.793825,0.2519,0.94825,0.11119455824313958
2024,3,2024-03,Sadang,0.7718504127966977,0.79745,0.26680000000000004,0.9534,0.10867375530784264
2024,3,2024-03,Bonorowo,0.6480563888888888,0.6714,0.27290000000000003,0.9116500000000001,0.12798674475969024
2024,3,2024-03,Padureso,0.8111086009174312,0.84765,0.31575000000000003,0.9175500000000001,0.09312230644151552
2024,3,2024-03,Poncowarno,0.7921662637362638,0.8079000000000001,0.4884,0.9077000000000001,0.07581498503113421
2024,3,2024-03,Karangsambung,0.7820225464190982,0.81055,0.3482,0.9441,0.10051479121908562
2024,4,2024-04,Ayah,0.7682707224334602,0.7993,0.078,0.9378500000000001,0.12417691725036939
2024,4,2024-04,Buayan,0.7582098030438675,0.81725,0.276,0.94435,0.14695034455450642
2024,4,2024-04,Puring,0.6545117994100296,0.67915,0.21505000000000002,0.86955,0.12678847625986367
2024,4,2024-04,Petanahan,0.6025259784075574,0.59495,0.0529,0.8735,0.138224991624535
2024,4,2024-04,Klirong,0.6443947813822285,0.6629,0.0699,0.88365,0.1305733351310179
2024,4,2024-04,Buluspesantren,0.6081767073170733,0.6221,0.24330000000000002,0.8633000000000001,0.1381728544742001
2024,4,2024-04,Ambal,0.5835537639877926,0.59185,0.1322,0.84535,0.15482505988021036
2024,4,2024-04,Mirit,0.6227366742596812,0.6258,0.1381,0.8446,0.11483798369425612
2024,4,2024-04,Prembun,0.6339882278481013,0.6405000000000001,0.13795000000000002,0.8570000000000001,0.13592367690617746
2024,4,2024-04,Kutowinangun,0.6385029203539823,0.67625,0.27140000000000003,0.8683500000000001,0.1433346626844664
2024,4,2024-04,Alian,0.7697211846318036,0.8105,0.39315,0.91535,0.119282025481513
2024,4,2024-04,Kebumen,0.5634490813648294,0.54705,0.2627,0.88985,0.13254028974114973
2024,4,2024-04,Pejagoan,0.7502866838487973,0.81755,0.34900000000000003,0.9013,0.13737070724916997
2024,4,2024-04,Sruweng,0.7086260107816712,0.7458500000000001,0.27545000000000003,0.9328000000000001,0.15994332279506904
2024,4,2024-04,Adimulyo,0.5822285515320335,0.586925,0.29810000000000003,0.7938000000000001,0.09294096532630243
2024,4,2024-04,Kuwarasan,0.5457198805460751,0.552125,0.3032,0.77225,0.1015090407790525
2024,4,2024-04,Rowokele,0.7617368217054263,0.81305,0.2792,0.9248000000000001,0.1274682070025001
2024,4,2024-04,Sempor,0.7853444582043343,0.8186,0.23485,0.91005,0.10213715663999133
2024,4,2024-04,Gombong,0.5422770392749244,0.54655,0.28650000000000003,0.8772500000000001,0.10763643412035952
2024,4,2024-04,Karanganyar,0.718090291262136,0.7805000000000001,0.387,0.92305,0.1505560478254141
2024,4,2024-04,Karanggayam,0.8280311681222708,0.8371000000000001,0.55305,0.9386,0.04732701972462879
2024,4,2024-04,Sadang,0.8191253353973168,0.83945,0.5477500000000001,0.9326000000000001,0.0605227509314098
2024,4,2024-04,Bonorowo,0.6573019444444446,0.6681,0.41350000000000003,0.7824500000000001,0.07139564147214546
2024,4,2024-04,Padureso,0.8270676605504587,0.843175,0.3966,0.9036500000000001,0.06065678248555104
2024,4,2024-04,Poncowarno,0.7830002197802198,0.8069500000000001,0.45170000000000005,0.8873500000000001,0.08249144251292848
2024,4,2024-04,Karangsambung,0.8159147656940761,0.83375,0.49125,0.9516,0.07224814597135269
2024,5,2024-05,Ayah,0.7311900152439025,0.7572000000000001,0.0119,0.9815,0.1160992970327283
2024,5,2024-05,Buayan,0.7567987466427932,0.7918000000000001,0.3678,0.95165,0.11084921516796138
2024,5,2024-05,Puring,0.6217973393574298,0.6436250000000001,0.06255000000000001,0.8634000000000001,0.14278073329989563
2024,5,2024-05,Petanahan,0.5696875679347826,0.567725,0.22990000000000002,0.8642500000000001,0.15054221427741463
2024,5,2024-05,Klirong,0.6242952449567724,0.6294500000000001,0.1753,0.8499500000000001,0.11128845635435593
2024,5,2024-05,Buluspesantren,0.6109193779904306,0.6112500000000001,0.0236,0.8228000000000001,0.11116525193122931
2024,5,2024-05,Ambal,0.5878540338645418,0.60575,0.20400000000000001,0.8572000000000001,0.13177830660921275
2024,5,2024-05,Mirit,0.5840342342342342,0.5881750000000001,0.1274,0.85575,0.10965545258602527
2024,5,2024-05,Prembun,0.6337946835443038,0.64425,0.33180000000000004,0.8261000000000001,0.11178261219642711
2024,5,2024-05,Kutowinangun,0.6441573451327435,0.67795,0.32030000000000003,0.8371500000000001,0.12630611051031426
2024,5,2024-05,Alian,0.7448519210245464,0.7831,0.334,0.892,0.11635492598513182
2024,5,2024-05,Kebumen,0.5313865485564305,0.509525,0.30115000000000003,0.87385,0.11395362311611526
2024,5,2024-05,Pejagoan,0.7241476804123712,0.776725,0.36855000000000004,0.91125,0.1341438659375616
2024,5,2024-05,Sruweng,0.6694847035040431,0.697025,0.32245,0.94715,0.16064508925579093
2024,5,2024-05,Adimulyo,0.5281265320334262,0.538125,0.21930000000000002,0.73905,0.10128997045951335
2024,5,2024-05,Kuwarasan,0.5471650170648463,0.5459750000000001,0.34190000000000004,0.7685500000000001,0.08837259492553916
2024,5,2024-05,Rowokele,0.7233141749723146,0.75055,0.30245,0.9560500000000001,0.11644075256439819
2024,5,2024-05,Sempor,0.7390486068111456,0.7675500000000001,0.3131,0.9412,0.10228788695121468
2024,5,2024-05,Gombong,0.5255341389728097,0.5115000000000001,0.29495,0.84365,0.09634221786575119
2024,5,2024-05,Karanganyar,0.6855457281553399,0.7151500000000001,0.32535000000000003,0.89885,0.145059900085514
2024,5,2024-05,Karanggayam,0.7570980349344978,0.783625,0.37685,0.94235,0.09006266429828362
2024,5,2024-05,Sadang,0.7818933952528381,0.8037000000000001,0.4736,0.8819,0.06460104135058983
2024,5,2024-05,Bonorowo,0.5690518055555556,0.572975,0.36575,0.73755,0.07731008875385449
2024,5,2024-05,Padureso,0.7968396788990826,0.800325,0.49360000000000004,0.8815000000000001,0.03794269334585068
2024,5,2024-05,Poncowarno,0.7484478021978023,0.7483000000000001,0.52885,0.90085,0.0614516701514323
2024,5,2024-05,Karangsambung,0.7752727232537577,0.7955500000000001,0.49525,0.91325,0.07430844793251999
2024,6,2024-06,Ayah,0.7268583333333334,0.75175,0.0743,0.9902000000000001,0.12107041014748426
2024,6,2024-06,Buayan,0.7763266816143498,0.7896500000000001,0.30315000000000003,0.9623,0.07763409977119771
2024,6,2024-06,Puring,0.6957583739045765,0.70545,-0.11750000000000001,0.8767,0.0926181140839091
2024,6,2024-06,Petanahan,0.70135374832664,0.7308,-0.025400000000000002,0.8552500000000001,0.11574743097414605
2024,6,2024-06,Klirong,0.71838502170767,0.7331500000000001,0.1967,0.84965,0.07440218233259939
2024,6,2024-06,Buluspesantren,0.7098043848964678,0.7304,0.2011,0.86605,0.09830590854856858
2024,6,2024-06,Ambal,0.7238976778656127,0.7414000000000001,0.17600000000000002,0.8689,0.10190084167286997
2024,6,2024-06,Mirit,0.6420875573394497,0.656,0.16570000000000001,0.8481000000000001,0.10414729748206535
2024,6,2024-06,Prembun,0.6972655696202533,0.7081000000000001,0.4355,0.8793500000000001,0.09430743190906604
2024,6,2024-06,Kutowinangun,0.7406249557522124,0.7501,0.38185,0.85485,0.06186551505024161
2024,6,2024-06,Alian,0.7461736392742797,0.7596,0.4621,0.9044500000000001,0.07331152010158569
2024,6,2024-06,Kebumen,0.6088143044619423,0.604825,0.28895000000000004,0.8646,0.12156813802898281
2024,6,2024-06,Pejagoan,0.7290778350515464,0.768225,0.4002,0.8663500000000001,0.10531020471264331
2024,6,2024-06,Sruweng,0.739733962264151,0.7647,0.41805000000000003,0.9145000000000001,0.0973835782159053
2024,6,2024-06,Adimulyo,0.666299651810585,0.6900250000000001,0.34800000000000003,0.8627,0.08855950879531897
2024,6,2024-06,Kuwarasan,0.7552849829351537,0.7554750000000001,0.5478500000000001,0.8869,0.05604017761008324
2024,6,2024-06,Rowokele,0.7862390919158362,0.8043,0.29425,0.9308500000000001,0.07929275738213272
2024,6,2024-06,Sempor,0.7599407430340558,0.77785,0.1625,0.9255500000000001,0.0794872364663523
2024,6,2024-06,Gombong,0.6371457703927492,0.646,0.4006,0.8299000000000001,0.0894732148492715
2024,6,2024-06,Karanganyar,0.7610788349514563,0.7745000000000001,0.47185000000000005,0.9065500000000001,0.07139675102478465
2024,6,2024-06,Karanggayam,0.7686188318777293,0.7822,0.5056,0.9079,0.06019562117438434
2024,6,2024-06,Sadang,0.7758803405572756,0.7965500000000001,0.49935,0.8788,0.06748504702310465
2024,6,2024-06,Bonorowo,0.6232880555555556,0.63505,0.311,0.7727,0.0848439646029844
2024,6,2024-06,Padureso,0.7947277522935781,0.8002750000000001,0.459,0.8763500000000001,0.04983707743387097
2024,6,2024-06,Poncowarno,0.7540945054945056,0.76585,0.5346000000000001,0.91015,0.06366495199611442
2024,6,2024-06,Karangsambung,0.7641441202475686,0.78135,0.43360000000000004,0.932,0.06802182318327998
2024,7,2024-07,Ayah,0.7859791124713082,0.8087000000000001,0.1583,0.9745,0.09772373644466215
2024,7,2024-07,Buayan,0.7716059982094897,0.793,0.44755,0.9257500000000001,0.08352296900653713
2024,7,2024-07,Puring,0.7070737721021613,0.7226,0.1135,0.8542000000000001,0.07900694440341166
2024,7,2024-07,Petanahan,0.7468411290322581,0.766975,-0.0728,0.8567,0.09437648913908542
2024,7,2024-07,Klirong,0.7361025622254759,0.7402000000000001,0.39130000000000004,0.863,0.06182898127377654
2024,7,2024-07,Buluspesantren,0.6778304744525547,0.693975,0.0334,0.8295,0.11313822004922246
2024,7,2024-07,Ambal,0.6773129929221436,0.6880000000000001,0.024300000000000002,0.83165,0.09149426449417239
2024,7,2024-07,Mirit,0.6750321878579612,0.6929500000000001,0.0011,0.8486,0.09779212852532351
2024,7,2024-07,Prembun,0.706900253164557,0.71185,0.4257,0.8431000000000001,0.06764068732807488
2024,7,2024-07,Kutowinangun,0.7204035398230089,0.72555,0.41945000000000005,0.8487,0.06134955947394117
2024,7,2024-07,Alian,0.7753681963713981,0.7806500000000001,0.5920500000000001,0.8691500000000001,0.045443199059012576
2024,7,2024-07,Kebumen,0.6800870734908137,0.6937,0.32305,0.8682500000000001,0.09680742204072192
2024,7,2024-07,Pejagoan,0.7685630584192441,0.7937750000000001,0.48305000000000003,0.86775,0.07872911456812172
2024,7,2024-07,Sruweng,0.7879820080862535,0.8027500000000001,0.51875,0.8893000000000001,0.05730497110507111
2024,7,2024-07,Adimulyo,0.7786540389972144,0.7817750000000001,0.57345,0.85555,0.040848766415520904
2024,7,2024-07,Kuwarasan,0.7613949658703072,0.7678,0.5557500000000001,0.84845,0.046278699013009426
2024,7,2024-07,Rowokele,0.7740399224806201,0.7853,0.47575,0.9121,0.07314277935638125
2024,7,2024-07,Sempor,0.7588289164086688,0.7783,0.14235,0.9014000000000001,0.08287002624911263
2024,7,2024-07,Gombong,0.6924077039274924,0.71465,0.35555000000000003,0.8739,0.10117133911127169
2024,7,2024-07,Karanganyar,0.782929708737864,0.7986000000000001,0.51495,0.8692000000000001,0.06238291021043291
2024,7,2024-07,Karanggayam,0.7811147652838429,0.7955500000000001,0.4802,0.8743000000000001,0.054516392926912384
2024,7,2024-07,Sadang,0.805229979360165,0.8219000000000001,0.48275,0.90595,0.05908960798242448
2024,7,2024-07,Bonorowo,0.7418569444444444,0.749625,0.39540000000000003,0.86975,0.0683574272084056
2024,7,2024-07,Padureso,0.7818213302752294,0.7895000000000001,0.51915,0.8791,0.052734518503617246
2024,7,2024-07,Poncowarno,0.7472861538461539,0.7519,0.56465,0.8754000000000001,0.060816026621264146
2024,7,2024-07,Karangsambung,0.7856984526967287,0.7969,0.52535,0.90175,0.057068006956877824
2024,8,2024-08,Ayah,0.6925429331306991,0.7245250000000001,0.1373,0.9326000000000001,0.13722288847080916
2024,8,2024-08,Buayan,0.6150392952720787,0.6162500000000001,0.29560000000000003,0.9036500000000001,0.1426407674644858
2024,8,2024-08,Puring,0.6360667311411993,0.62845,0.1584,0.8888,0.10881807862901238
2024,8,2024-08,Petanahan,0.6303583665338646,0.6232,0.03885,0.8895500000000001,0.10815763827634974
2024,8,2024-08,Klirong,0.6117705967976711,0.59745,0.3719,0.86395,0.10880782774477935
2024,8,2024-08,Buluspesantren,0.5878091019417475,0.58425,0.23950000000000002,0.8235,0.11207119630910815
2024,8,2024-08,Ambal,0.5563279175050302,0.5460750000000001,0.2243,0.85845,0.11779626397568393
2024,8,2024-08,Mirit,0.5802801596351198,0.5879500000000001,0.21530000000000002,0.78515,0.0817677124694281
2024,8,2024-08,Prembun,0.5628163291139241,0.5683,0.37175,0.7426,0.08088307723329478
2024,8,2024-08,Kutowinangun,0.5604665486725664,0.561,0.31725000000000003,0.7913,0.09429010850786324
2024,8,2024-08,Alian,0.6322948239060834,0.63395,0.2989,0.8854500000000001,0.09316566654074199
2024,8,2024-08,Kebumen,0.547211220472441,0.5498000000000001,0.2721,0.8240500000000001,0.11442434271371556
2024,8,2024-08,Pejagoan,0.6048876288659795,0.6026750000000001,0.3305,0.9244,0.1258235144499461
2024,8,2024-08,Sruweng,0.5948173180592993,0.583375,0.2953,0.88175,0.11799762009890985
2024,8,2024-08,Adimulyo,0.57340856545961,0.5866,0.28605,0.87995,0.08711708502889058
2024,8,2024-08,Kuwarasan,0.5027668941979522,0.503375,0.27735000000000004,0.8650500000000001,0.10176082430410162
2024,8,2024-08,Rowokele,0.587975415282392,0.5901500000000001,0.10505,0.9058,0.11287747813943083
2024,8,2024-08,Sempor,0.5475272755417957,0.557,0.09125,0.89375,0.13139149964968597
2024,8,2024-08,Gombong,0.49837220543806654,0.512,0.2427,0.7562500000000001,0.09174611509659313
2024,8,2024-08,Karanganyar,0.6096570873786408,0.6022000000000001,0.28025,0.8976500000000001,0.11603592665641009
2024,8,2024-08,Karanggayam,0.644912827510917,0.65795,0.3317,0.9115500000000001,0.10654441944681316
2024,8,2024-08,Sadang,0.7081728586171311,0.72545,0.27195,0.9286000000000001,0.1264010054375599
2024,8,2024-08,Bonorowo,0.6242601388888889,0.62405,0.39565,0.8665,0.07118843598532185
2024,8,2024-08,Padureso,0.693481995412844,0.6999500000000001,0.33015,0.8816,0.07067363834089363
2024,8,2024-08,Poncowarno,0.6409994505494506,0.6386000000000001,0.37470000000000003,0.8552500000000001,0.08990503955319047
2024,8,2024-08,Karangsambung,0.65853700265252,0.6685,0.34575,0.9162,0.10278048900628203
2024,9,2024-09,Ayah,0.6250490487062406,0.64115,0.085,0.9014500000000001,0.14063117467941808
2024,9,2024-09,Buayan,0.583293682795699,0.5831,0.14675000000000002,0.9208500000000001,0.1277666011559172
2024,9,2024-09,Puring,0.5802228184553662,0.58055,0.2983,0.9301,0.11361121872615164
2024,9,2024-09,Petanahan,0.6000372535211268,0.6205750000000001,-0.014150000000000001,0.9143,0.1323947449445624
2024,9,2024-09,Klirong,0.6023363309352519,0.6092000000000001,0.13,0.8240000000000001,0.10578749028560255
2024,9,2024-09,Buluspesantren,0.5848745133819951,0.595825,0.13,0.81305,0.09479795253491431
2024,9,2024-09,Ambal,0.5662470528455286,0.565775,0.23770000000000002,0.8363,0.10045596055804495
2024,9,2024-09,Mirit,0.5553485730593607,0.555625,0.21825,0.9604,0.09804167446715999
2024,9,2024-09,Prembun,0.5787530379746836,0.58835,0.20285,0.7875500000000001,0.10147300272441903
2024,9,2024-09,Kutowinangun,0.5757867256637168,0.58285,0.33715,0.7844,0.0764648366226019
2024,9,2024-09,Alian,0.5518494130202775,0.5558000000000001,0.13395,0.85535,0.10579653383339294
2024,9,2024-09,Kebumen,0.47051633858267716,0.46695,0.16815000000000002,0.8026000000000001,0.1147319048003375
2024,9,2024-09,Pejagoan,0.5679998281786941,0.5779000000000001,0.1902,0.8679,0.12562898619948343
2024,9,2024-09,Sruweng,0.5664285040431267,0.5767500000000001,0.24930000000000002,0.8674000000000001,0.11762450242590916
2024,9,2024-09,Adimulyo,0.5898515320334262,0.606075,0.26885000000000003,0.83335,0.09114085549756686
2024,9,2024-09,Kuwarasan,0.5724712457337885,0.586525,0.2758,0.85275,0.12244659536592896
2024,9,2024-09,Rowokele,0.5812292912513843,0.57665,0.183,0.8697,0.12132134860163202
2024,9,2024-09,Sempor,0.5785337770897833,0.59125,0.0859,0.8999,0.12433008637366927
2024,9,2024-09,Gombong,0.42912688821752265,0.4248,0.2202,0.7333500000000001,0.08939767591102489
2024,9,2024-09,Karanganyar,0.5693732038834951,0.5739000000000001,0.23550000000000001,0.8379000000000001,0.11855012745189836
2024,9,2024-09,Karanggayam,0.6267138100436682,0.634425,0.2368,0.89015,0.1097740043991083
2024,9,2024-09,Sadang,0.6664270381836946,0.6849000000000001,0.2549,0.91715,0.12795589241659622
2024,9,2024-09,Bonorowo,0.5306434722222222,0.53315,0.29735,0.7119000000000001,0.07710945309103956
2024,9,2024-09,Padureso,0.6354428899082568,0.6421,0.21910000000000002,0.8765000000000001,0.09294035213485681
2024,9,2024-09,Poncowarno,0.599241098901099,0.60655,0.23075,0.8354,0.1010406245298683
2024,9,2024-09,Karangsambung,0.5990167550839964,0.5949,0.22205,0.9174500000000001,0.12619357702162562
2024,10,2024-10,Ayah,0.6916167049808429,0.7219,0.0765,0.88275,0.11533275461894346
2024,10,2024-10,Buayan,0.6886002685765443,0.7039500000000001,0.37410000000000004,0.8425,0.09680720054735116
2024,10,2024-10,Puring,0.6009315142576205,0.6002000000000001,0.327,0.83255,0.08356133998028002
2024,10,2024-10,Petanahan,0.5861790476190477,0.5990500000000001,0.2091,0.8098000000000001,0.09459432694537995
2024,10,2024-10,Klirong,0.6002433717579251,0.60945,0.049800000000000004,0.8295,0.08894635922385356
2024,10,2024-10,Buluspesantren,0.5844529733009709,0.5881750000000001,0.32325000000000004,0.7663000000000001,0.08289606239415476
2024,10,2024-10,Ambal,0.5528856716417911,0.55205,0.1781,0.7483500000000001,0.09883880491430078
2024,10,2024-10,Mirit,0.5486608922363847,0.55615,0.22365000000000002,0.8098000000000001,0.09056187882560143
2024,10,2024-10,Prembun,0.6245906329113925,0.629,0.46780000000000005,0.79205,0.06356207681047076
2024,10,2024-10,Kutowinangun,0.6098384955752213,0.61185,0.3269,0.8635,0.08968095169954825
2024,10,2024-10,Alian,0.6582771611526147,0.6631,0.38385,0.81055,0.07387203779677605
2024,10,2024-10,Kebumen,0.5243209973753281,0.514325,0.31070000000000003,0.8467,0.08895170136601172
2024,10,2024-10,Pejagoan,0.6669533505154639,0.6915,0.4178,0.84275,0.09064794376909178
2024,10,2024-10,Sruweng,0.6633769541778977,0.6912500000000001,0.3004,0.8674000000000001,0.09162975191795006
2024,10,2024-10,Adimulyo,0.6502769498607243,0.656325,0.46335000000000004,0.78835,0.05465870921513184
2024,10,2024-10,Kuwarasan,0.6243598976109216,0.63765,0.39625000000000005,0.71965,0.0562424030909977
2024,10,2024-10,Rowokele,0.7054636766334441,0.7061000000000001,0.41485,0.89095,0.081560207014945
2024,10,2024-10,Sempor,0.6876426315789476,0.7084,0.26805,0.8649,0.0953468880145834
2024,10,2024-10,Gombong,0.5409048338368581,0.5428000000000001,0.36065,0.7957500000000001,0.07370685869666468
2024,10,2024-10,Karanganyar,0.6915793203883496,0.7115,0.46380000000000005,0.87885,0.08659375874124063
2024,10,2024-10,Karanggayam,0.6824148471615721,0.68935,0.40955,0.8459500000000001,0.06908029782093475
2024,10,2024-10,Sadang,0.7121437048503613,0.74365,0.41345000000000004,0.8764500000000001,0.09805532121288793
2024,10,2024-10,Bonorowo,0.6436488888888889,0.655625,0.34600000000000003,0.8433,0.07613718721192168
2024,10,2024-10,Padureso,0.6888377293577982,0.6956,0.44535,0.8324,0.07001226795925349
2024,10,2024-10,Poncowarno,0.6558464835164836,0.6555500000000001,0.40105,0.84185,0.0753521644011772
2024,10,2024-10,Karangsambung,0.6900292219274978,0.6975,0.42850000000000005,0.85765,0.0777456451921534
2024,11,2024-11,Ayah,0.5767171802773498,0.5764,0.016300000000000002,0.9952000000000001,0.2067644933778216
2024,11,2024-11,Buayan,0.5053233661593555,0.52,-0.0748,0.9875,0.19932336068040393
2024,11,2024-11,Puring,0.49232989999999993,0.5161,-0.020200000000000003,0.8742000000000001,0.19533746710754188
2024,11,2024-11,Petanahan,0.4950706684856753,0.48310000000000003,0.004,0.8423,0.16149481257163548
2024,11,2024-11,Klirong,0.5180949926362298,0.5313,0.1041,0.8632000000000001,0.1454090565626816
2024,11,2024-11,Buluspesantren,0.43309674593241554,0.4423,-0.0056,0.8259000000000001,0.15329687824781343
2024,11,2024-11,Ambal,0.37125181451612904,0.3708,-0.0057,0.9469000000000001,0.1385663017351125
2024,11,2024-11,Mirit,0.4192562867215041,0.4333,0.0252,0.8128000000000001,0.1303802433878789
2024,11,2024-11,Prembun,0.4953374683544304,0.5114000000000001,0.0637,0.768,0.15239485227915578
2024,11,2024-11,Kutowinangun,0.4989801769911505,0.5188,-0.0465,0.8420000000000001,0.17125762623924642
2024,11,2024-11,Alian,0.6787981856990394,0.6928000000000001,0.1754,0.9717,0.16490875303336028
2024,11,2024-11,Kebumen,0.43792690288713915,0.42675,0.061700000000000005,0.9311,0.12491384084966213
2024,11,2024-11,Pejagoan,0.6408312714776632,0.6219,0.25120000000000003,0.919,0.1534133924653595
2024,11,2024-11,Sruweng,0.6337059299191375,0.6068,0.12190000000000001,0.9893000000000001,0.19931650578830862
2024,11,2024-11,Adimulyo,0.4707807799442898,0.47545000000000004,0.0378,0.8207,0.1166071591922175
2024,11,2024-11,Kuwarasan,0.40062593856655293,0.38565000000000005,0.0489,0.9987,0.16277850560475646
2024,11,2024-11,Rowokele,0.5397382059800665,0.5578000000000001,0.12040000000000001,0.9901000000000001,0.18791974369007183
2024,11,2024-11,Sempor,0.5544057585139319,0.5707,0.0502,0.9672000000000001,0.18039481220435663
2024,11,2024-11,Gombong,0.43225589123867075,0.4153,0.1212,0.872,0.14313397286230717
2024,11,2024-11,Karanganyar,0.626946796116505,0.6137,0.08220000000000001,0.9576,0.191252389145372
2024,11,2024-11,Karanggayam,0.7273879912663754,0.7884,0.1316,0.9974000000000001,0.14267965507216102
2024,11,2024-11,Sadang,0.6849308565531476,0.7007,0.0852,0.9958,0.1638013467732664
2024,11,2024-11,Bonorowo,0.43195999999999996,0.41960000000000003,0.0485,0.7754000000000001,0.13099347931184294
2024,11,2024-11,Padureso,0.5767316513761469,0.5720000000000001,0.1499,0.9192,0.14016583136625724
2024,11,2024-11,Poncowarno,0.669347912087912,0.6735,0.2884,0.9770000000000001,0.12752396418201392
2024,11,2024-11,Karangsambung,0.6625870910698497,0.6397,0.31120000000000003,0.9494,0.12821878686301744
2024,12,2024-12,Ayah,0.6222693121693122,0.6668000000000001,0.0332,0.87265,0.18321496697187425
2024,12,2024-12,Buayan,0.6017233452593919,0.63085,0.1223,0.8554,0.1386495096964918
2024,12,2024-12,Puring,0.42885123274161735,0.47787500000000005,-0.0366,0.67795,0.18808207248983114
2024,12,2024-12,Petanahan,0.43094299191374674,0.44535,0.06545000000000001,0.73035,0.1612306877779319
2024,12,2024-12,Klirong,0.4868094117647059,0.49902500000000005,0.0786,0.72975,0.14737025158126238
2024,12,2024-12,Buluspesantren,0.47324188351920693,0.4728,0.0786,0.7473000000000001,0.16112624903488218
2024,12,2024-12,Ambal,0.46155879120879123,0.46295000000000003,0.0553,0.8821,0.13910373258549946
2024,12,2024-12,Mirit,0.39472195259593684,0.396525,0.0497,0.73965,0.11320926985732022
2024,12,2024-12,Prembun,0.5468449367088608,0.56165,-0.10450000000000001,0.8629,0.1756477109996779
2024,12,2024-12,Kutowinangun,0.5757663716814159,0.58125,0.2068,0.8667,0.1581811544723269
2024,12,2024-12,Alian,0.6065007470651015,0.62385,0.15965000000000001,0.871,0.12350496502913764
2024,12,2024-12,Kebumen,0.4292150262467192,0.4011,0.15355000000000002,0.79995,0.12204854327930491
2024,12,2024-12,Pejagoan,0.570312027491409,0.5911500000000001,0.23475000000000001,0.7832,0.11893380989192343
2024,12,2024-12,Sruweng,0.5459819407008086,0.569075,0.15125,0.85235,0.15840275745308355
2024,12,2024-12,Adimulyo,0.3663271587743733,0.37835,-0.01225,0.7654000000000001,0.13108595616793683
2024,12,2024-12,Kuwarasan,0.4064144197952219,0.421125,-0.12435,0.76985,0.14896076404430586
2024,12,2024-12,Rowokele,0.5203701550387597,0.50615,0.20040000000000002,0.86965,0.1372096907230896
2024,12,2024-12,Sempor,0.4589981424148607,0.45615,0.16005,0.7742,0.09007840733015661
2024,12,2024-12,Gombong,0.5006342900302115,0.5142,0.2349,0.77325,0.11005079949372897
2024,12,2024-12,Karanganyar,0.592882427184466,0.6214500000000001,0.2086,0.9211,0.1611722297351442
2024,12,2024-12,Karanggayam,0.6100684770742358,0.6071000000000001,0.29905000000000004,0.88975,0.10567142063336779
2024,12,2024-12,Sadang,0.690053818369453,0.6994,0.40525,0.8824500000000001,0.08638785034467776
2024,12,2024-12,Bonorowo,0.3892327777777778,0.38555000000000006,0.0315,0.7328,0.1438042027590739
2024,12,2024-12,Padureso,0.7382815366972477,0.745225,0.31445,0.9023500000000001,0.08479807280285873
2024,12,2024-12,Poncowarno,0.6632275824175824,0.66825,0.3793,0.84955,0.09766663901544313
2024,12,2024-12,Karangsambung,0.6388838638373122,0.6427,0.30425,0.8965000000000001,0.10470679515381873
2025,1,2025-01,Ayah,0.6713774464831805,0.6976,0.14785,0.9138000000000001,0.09830983029651254
2025,1,2025-01,Buayan,0.6964183318465657,0.7061000000000001,0.0235,0.8716,0.07846081040655004
2025,1,2025-01,Puring,0.6286071428571428,0.65725,0.038700000000000005,0.9025500000000001,0.11075550976248347
2025,1,2025-01,Petanahan,0.6757027479892761,0.69325,0.22390000000000002,0.87455,0.09516506917583847
2025,1,2025-01,Klirong,0.7197694842406878,0.73485,0.24630000000000002,0.87455,0.07702052944253186
2025,1,2025-01,Buluspesantren,0.7736836585365855,0.78795,0.2194,0.9113,0.09948450140369575
2025,1,2025-01,Ambal,0.7715152087475149,0.7953,0.0978,0.9177000000000001,0.1099197661585579
2025,1,2025-01,Mirit,0.7041414772727274,0.73685,0.12135,0.8964000000000001,0.11478487173680968
2025,1,2025-01,Prembun,0.7480912658227848,0.7675500000000001,0.4359,0.9001,0.08822507109971402
2025,1,2025-01,Kutowinangun,0.7785956637168142,0.8089500000000001,0.34125,0.8994000000000001,0.09556966135475282
2025,1,2025-01,Alian,0.7294950373532552,0.74285,0.31930000000000003,0.89905,0.0984973570899608
2025,1,2025-01,Kebumen,0.6185874015748032,0.6150249999999999,0.25725000000000003,0.8995500000000001,0.136801183203195
2025,1,2025-01,Pejagoan,0.6453773195876289,0.632925,0.30610000000000004,0.8607,0.10131463551964554
2025,1,2025-01,Sruweng,0.6472701482479785,0.6581250000000001,0.3522,0.8328,0.08833676527225277
2025,1,2025-01,Adimulyo,0.527140877437326,0.558725,0.07485,0.7333000000000001,0.11843281061668322
2025,1,2025-01,Kuwarasan,0.5834327645051195,0.5882000000000001,0.2728,0.8183,0.096876506712242
2025,1,2025-01,Rowokele,0.6911072535991142,0.69965,0.3533,0.9014000000000001,0.07688551440661064
2025,1,2025-01,Sempor,0.6783832198142414,0.6958000000000001,0.14455,0.8655,0.08630918462136179
2025,1,2025-01,Gombong,0.5902780966767374,0.6009,0.30355000000000004,0.79435,0.09032315604945311
2025,1,2025-01,Karanganyar,0.617855145631068,0.6223500000000001,0.325,0.81935,0.08418699832583838
2025,1,2025-01,Karanggayam,0.6417525927947599,0.6462,0.27835,0.8748,0.06650684481134216
2025,1,2025-01,Sadang,0.7160836945304437,0.71945,0.40275,0.90535,0.08276876291152735
2025,1,2025-01,Bonorowo,0.6871565277777778,0.703425,0.38730000000000003,0.8413,0.08319789881427499
2025,1,2025-01,Padureso,0.7744883027522935,0.7832000000000001,0.3189,0.89575,0.07389212251070948
2025,1,2025-01,Poncowarno,0.8111367032967033,0.82425,0.5866,0.92325,0.05505434581872127
2025,1,2025-01,Karangsambung,0.7352831122900089,0.7424000000000001,0.3269,0.92445,0.10055042392720445
2025,2,2025-02,Ayah,0.7500908715251691,0.77075,0.092,0.9267000000000001,0.12095129867153082
2025,2,2025-02,Buayan,0.7852308652988403,0.80545,0.1953,0.9687,0.0959366155978235
2025,2,2025-02,Puring,0.7299793912175649,0.7517,0.08750000000000001,0.93515,0.11195193540197573
2025,2,2025-02,Petanahan,0.7121715862068965,0.7437,-0.0123,0.8683000000000001,0.12420221764734489
2025,2,2025-02,Klirong,0.6967946991404012,0.7206250000000001,0.0753,0.8638,0.1050223465126819
2025,2,2025-02,Buluspesantren,0.6982071859903382,0.705125,0.4419,0.8841,0.08315444796205204
2025,2,2025-02,Ambal,0.7085508,0.725225,0.14,0.8891,0.10343441731048714
2025,2,2025-02,Mirit,0.7134651653363739,0.7217,0.0988,0.8892500000000001,0.10383574783965127
2025,2,2025-02,Prembun,0.7271096202531646,0.73445,0.35850000000000004,0.8733000000000001,0.07808833173413522
2025,2,2025-02,Kutowinangun,0.7153042477876106,0.73145,0.38005,0.87565,0.08179920775310691
2025,2,2025-02,Alian,0.7584177161152615,0.7735000000000001,0.43235,0.9379500000000001,0.07250408026579898
2025,2,2025-02,Kebumen,0.6992734251968504,0.719775,0.33965,0.9342,0.11408842054552464
2025,2,2025-02,Pejagoan,0.723702147766323,0.7324250000000001,0.38685,0.9516,0.0886327964287228
2025,2,2025-02,Sruweng,0.7666785040431267,0.7825,0.4247,0.9539500000000001,0.08489235711981262
2025,2,2025-02,Adimulyo,0.7885798746518107,0.7925,0.40085000000000004,0.90885,0.05359781580342558
2025,2,2025-02,Kuwarasan,0.7686366040955632,0.777175,0.5623,0.87475,0.05407666403111461
2025,2,2025-02,Rowokele,0.7712383720930233,0.8036500000000001,0.37515000000000004,0.9687,0.10688905772872158
2025,2,2025-02,Sempor,0.7618038699690404,0.79125,0.017,0.9477000000000001,0.11326901398161368
2025,2,2025-02,Gombong,0.7287166163141996,0.7492000000000001,0.41960000000000003,0.90075,0.1040013264441653
2025,2,2025-02,Karanganyar,0.7890733009708738,0.80105,0.43025,0.9475,0.09174160510668097
2025,2,2025-02,Karanggayam,0.7912254093886463,0.8130250000000001,0.43645,0.9464,0.09400637598199967
2025,2,2025-02,Sadang,0.7636957688338493,0.76975,0.42115,0.9278500000000001,0.0713748621143996
2025,2,2025-02,Bonorowo,0.7359136111111111,0.7393500000000001,0.49115000000000003,0.8784500000000001,0.06578603930558088
2025,2,2025-02,Padureso,0.7271314220183487,0.731225,0.3729,0.9044000000000001,0.07164568391832583
2025,2,2025-02,Poncowarno,0.7558525274725274,0.765,0.35595000000000004,0.9357000000000001,0.08553940695354119
2025,2,2025-02,Karangsambung,0.7639677718832891,0.76715,0.41900000000000004,0.9334,0.07201784346256392
2025,3,2025-03,Ayah,0.8021115773115773,0.85175,0.1985,0.91915,0.10935758352396996
2025,3,2025-03,Buayan,0.7547859249329759,0.7893,0.30775,0.9293,0.11994656026650197
2025,3,2025-03,Puring,0.6497380487804879,0.6789000000000001,0.0776,0.8709,0.11985107841063736
2025,3,2025-03,Petanahan,0.6340898211829435,0.6229,0.34515,0.9437000000000001,0.10189969762686592
2025,3,2025-03,Klirong,0.6442440528634361,0.6443,0.4601,0.86675,0.09040148545956142
2025,3,2025-03,Buluspesantren,0.606774787363305,0.60685,0.34885,0.8487,0.11472296436749638
2025,3,2025-03,Ambal,0.5929578635014837,0.59775,0.0748,0.8530500000000001,0.12083566774914174
2025,3,2025-03,Mirit,0.6277999423298732,0.6295000000000001,0.08410000000000001,0.85175,0.08529984664665945
2025,3,2025-03,Prembun,0.6559997468354432,0.6489,0.42985,0.81435,0.08256410574152628
2025,3,2025-03,Kutowinangun,0.6728126548672567,0.6867000000000001,0.33185000000000003,0.8331500000000001,0.09776883574283374
2025,3,2025-03,Alian,0.78133068303095,0.7945,0.56405,0.88495,0.06129860291804558
2025,3,2025-03,Kebumen,0.6147470472440945,0.61095,0.28465,0.8704000000000001,0.1105818738668115
2025,3,2025-03,Pejagoan,0.7429116838487972,0.784725,0.46755,0.9056500000000001,0.11052742631717556
2025,3,2025-03,Sruweng,0.7093702156334232,0.7474000000000001,0.3743,0.9408500000000001,0.14025345858084504
2025,3,2025-03,Adimulyo,0.6220348189415041,0.622025,0.39615,0.8008000000000001,0.08164631226054954
2025,3,2025-03,Kuwarasan,0.5964122866894198,0.59835,0.40805,0.7932,0.07662779101516108
2025,3,2025-03,Rowokele,0.7544831672203766,0.7722,0.464,0.92535,0.08503530039669852
2025,3,2025-03,Sempor,0.7733829102167185,0.81405,0.03735,0.91695,0.1001371005785252
2025,3,2025-03,Gombong,0.5401504531722054,0.5249,0.3603,0.85775,0.08811875976803961
2025,3,2025-03,Karanganyar,0.7301154368932039,0.7936500000000001,0.39855,0.92,0.13133851918201922
2025,3,2025-03,Karanggayam,0.8157293668122272,0.822775,0.5985,0.9061,0.039128680959323696
2025,3,2025-03,Sadang,0.8015731682146543,0.81615,0.52485,0.9255,0.05772999997563103
2025,3,2025-03,Bonorowo,0.6445363888888889,0.645775,0.49235,0.7589,0.04861898458380098
2025,3,2025-03,Padureso,0.7919321100917432,0.812025,0.43970000000000004,0.8865000000000001,0.06853413049230656
2025,3,2025-03,Poncowarno,0.752931978021978,0.7564000000000001,0.5058,0.8884000000000001,0.06804300986649418
2025,3,2025-03,Karangsambung,0.803557382847038,0.8162,0.6106,0.8983000000000001,0.05155886715554946
2025,4,2025-04,Ayah,0.7668809778456838,0.8205,0.35100000000000003,0.9332,0.1155438960512611
2025,4,2025-04,Buayan,0.749235338680927,0.815625,0.23455,0.9295500000000001,0.14453948392066118
2025,4,2025-04,Puring,0.6005373149062191,0.6306,-0.04,0.84745,0.14593662230235185
2025,4,2025-04,Petanahan,0.5543014150943396,0.5594750000000001,0.11030000000000001,0.8406,0.1624540700423798
2025,4,2025-04,Klirong,0.6072534256559767,0.62395,0.20470000000000002,0.8934000000000001,0.15154336354384923
2025,4,2025-04,Buluspesantren,0.5751269975786926,0.5965,0.15275,0.8401000000000001,0.1713943311752877
2025,4,2025-04,Ambal,0.5516997534516765,0.564025,0.031900000000000005,0.8509,0.18862683152312143
2025,4,2025-04,Mirit,0.5826504022988506,0.5845,0.14945,0.8328,0.132254728018213
2025,4,2025-04,Prembun,0.5950756962025318,0.6002000000000001,0.17625000000000002,0.8459500000000001,0.1602451572892045
2025,4,2025-04,Kutowinangun,0.6181658407079647,0.66915,0.19755,0.8345,0.1674118989053337
2025,4,2025-04,Alian,0.7449427427961579,0.7798,0.3694,0.9008,0.11351934162887752
2025,4,2025-04,Kebumen,0.5211810367454068,0.49395,0.234,0.8784500000000001,0.13170169226717635
2025,4,2025-04,Pejagoan,0.7248614261168386,0.790775,0.28325,0.89805,0.1458943676590459
2025,4,2025-04,Sruweng,0.6779273584905661,0.756,0.2501,0.89705,0.18101583777048405
2025,4,2025-04,Adimulyo,0.510808426183844,0.510875,0.17675000000000002,0.75315,0.10473612137416397
2025,4,2025-04,Kuwarasan,0.5045412116040956,0.5200500000000001,0.19340000000000002,0.79335,0.1281258735239665
2025,4,2025-04,Rowokele,0.7465208748615725,0.8016000000000001,0.3159,0.88195,0.12398776637848985
2025,4,2025-04,Sempor,0.7679990712074304,0.80495,0.15460000000000002,0.9043,0.1089281002634358
2025,4,2025-04,Gombong,0.47504577039274926,0.4556,0.2451,0.9025000000000001,0.12815240677714593
2025,4,2025-04,Karanganyar,0.7029266019417476,0.78075,0.21025000000000002,0.9094000000000001,0.17582956907271843
2025,4,2025-04,Karanggayam,0.8140413755458515,0.8336,0.5551,0.9188000000000001,0.06196667340470896
2025,4,2025-04,Sadang,0.8049004643962849,0.8330500000000001,0.45425000000000004,0.91525,0.07871538784167978
2025,4,2025-04,Bonorowo,0.5235509722222222,0.5294000000000001,0.18775,0.7562500000000001,0.11774664328973132
2025,4,2025-04,Padureso,0.7974057339449542,0.81245,0.30265000000000003,0.8873500000000001,0.06908279869055713
2025,4,2025-04,Poncowarno,0.739190989010989,0.74705,0.33655,0.9083,0.08729915030558318
2025,4,2025-04,Karangsambung,0.7889899646330681,0.81315,0.48465,0.904,0.07645686262371897
2025,5,2025-05,Ayah,0.7454296720061022,0.78785,0.0908,0.9988,0.13864957308177395
2025,5,2025-05,Buayan,0.7996704200178731,0.8194,0.1413,0.9479500000000001,0.09122212934343556
2025,5,2025-05,Puring,0.7089039244186047,0.7494500000000001,0.0656,0.8752000000000001,0.12646587580768326
2025,5,2025-05,Petanahan,0.6466619333333334,0.6868500000000001,-0.0367,0.8389500000000001,0.1460404442871753
2025,5,2025-05,Klirong,0.7001415593705295,0.71175,0.20090000000000002,0.87295,0.08620493842838976
2025,5,2025-05,Buluspesantren,0.7130074754901962,0.7339500000000001,0.2787,0.8460500000000001,0.08709934352592136
2025,5,2025-05,Ambal,0.6822339882121808,0.7060500000000001,0.07300000000000001,0.86855,0.11424697136303694
2025,5,2025-05,Mirit,0.630420391705069,0.6416000000000001,0.0309,0.9038,0.10021067556788965
2025,5,2025-05,Prembun,0.6832227848101267,0.7030500000000001,0.42335,0.8448,0.09167478526292999
2025,5,2025-05,Kutowinangun,0.6973613274336283,0.71735,0.3824,0.8692500000000001,0.10104600881894307
2025,5,2025-05,Alian,0.7526393810032017,0.7902,0.30115000000000003,0.8923000000000001,0.1215505364893748
2025,5,2025-05,Kebumen,0.5718468503937009,0.56505,0.3088,0.87705,0.12827562768018969
2025,5,2025-05,Pejagoan,0.7557535223367698,0.79825,0.4302,0.9359000000000001,0.1155068706788443
2025,5,2025-05,Sruweng,0.7437636118598382,0.746575,0.4343,0.9396500000000001,0.11118043324501913
2025,5,2025-05,Adimulyo,0.6387099582172702,0.666925,0.27945000000000003,0.8316,0.11564572621614487
2025,5,2025-05,Kuwarasan,0.7473226109215018,0.7514500000000001,0.562,0.86545,0.05372181144968633
2025,5,2025-05,Rowokele,0.789519988925803,0.8097500000000001,0.30510000000000004,0.9450500000000001,0.08362624604365035
2025,5,2025-05,Sempor,0.7724304643962849,0.7961,0.06585,0.914,0.09288159880728776
2025,5,2025-05,Gombong,0.696051510574018,0.72075,0.3267,0.8837,0.09860858139128742
2025,5,2025-05,Karanganyar,0.7659731067961165,0.7869,0.459,0.9016500000000001,0.09721584317952038
2025,5,2025-05,Karanggayam,0.8198178220524017,0.8362750000000001,0.5457500000000001,0.9366000000000001,0.05758011475768033
2025,5,2025-05,Sadang,0.8054462332301342,0.82955,0.44,0.90485,0.06849227528515271
2025,5,2025-05,Bonorowo,0.6225147222222223,0.631075,0.3734,0.7761,0.0802199585856188
2025,5,2025-05,Padureso,0.8169215596330276,0.8257750000000001,0.20655,0.89485,0.05884743203963354
2025,5,2025-05,Poncowarno,0.7701964835164835,0.77375,0.5912000000000001,0.89905,0.059397809453330216
2025,5,2025-05,Karangsambung,0.8119875331564986,0.8281000000000001,0.47345000000000004,0.9064000000000001,0.06295831508115585
2025,6,2025-06,Ayah,0.7887466514459665,0.826325,0.1505,0.9534,0.11031545527693597
2025,6,2025-06,Buayan,0.7955259606791779,0.8077500000000001,0.4732,0.9248500000000001,0.0675127064685722
2025,6,2025-06,Puring,0.7586164872798434,0.7669,0.1013,0.9032,0.07011712852095976
2025,6,2025-06,Petanahan,0.7788593070652174,0.792975,0.14550000000000002,0.87055,0.07191392352246428
2025,6,2025-06,Klirong,0.7652020863309353,0.7747,0.4938,0.87165,0.053086362167370345
2025,6,2025-06,Buluspesantren,0.7729235401459854,0.778475,0.5117,0.86355,0.04940019334160101
2025,6,2025-06,Ambal,0.7681815631262525,0.776025,0.42000000000000004,0.8752500000000001,0.055405779089139
2025,6,2025-06,Mirit,0.722048709315376,0.7393000000000001,0.01955,0.9046000000000001,0.09407676475455723
2025,6,2025-06,Prembun,0.7834430379746836,0.7911,0.48605000000000004,0.87915,0.05512861942202348
2025,6,2025-06,Kutowinangun,0.7838256637168142,0.7917500000000001,0.37765000000000004,0.887,0.05916118267972594
2025,6,2025-06,Alian,0.77899386339381,0.78905,0.4938,0.89505,0.056394873365917406
2025,6,2025-06,Kebumen,0.6851595800524934,0.700025,0.3043,0.8612500000000001,0.10187759790137552
2025,6,2025-06,Pejagoan,0.7796784364261168,0.8124750000000001,0.48550000000000004,0.89315,0.07757123687403032
2025,6,2025-06,Sruweng,0.801620013477089,0.8128250000000001,0.514,0.87905,0.048654962727128416
2025,6,2025-06,Adimulyo,0.7902309888579389,0.791275,0.65985,0.8655,0.03616480774093227
2025,6,2025-06,Kuwarasan,0.7651656996587032,0.7637750000000001,0.6117,0.8703000000000001,0.04813263521388939
2025,6,2025-06,Rowokele,0.801931561461794,0.81265,0.3549,0.8958,0.05251032530957852
2025,6,2025-06,Sempor,0.8040809287925698,0.8218000000000001,0.12245,0.9584,0.06431365756666108
2025,6,2025-06,Gombong,0.7053986404833837,0.72345,0.40715,0.8472000000000001,0.09290856811873581
2025,6,2025-06,Karanganyar,0.7896300970873787,0.8076500000000001,0.5036,0.8814500000000001,0.059033903842649574
2025,6,2025-06,Karanggayam,0.8163662663755459,0.8224750000000001,0.62815,0.9198500000000001,0.03851858257705803
2025,6,2025-06,Sadang,0.8105086171310629,0.8197,0.67645,0.87855,0.03916359538993869
2025,6,2025-06,Bonorowo,0.7774086111111113,0.785175,0.54495,0.86275,0.05250647706885408
2025,6,2025-06,Padureso,0.8220746559633028,0.827625,0.45255,0.9005500000000001,0.0457646310000388
2025,6,2025-06,Poncowarno,0.7982418681318683,0.7985500000000001,0.69955,0.88075,0.0330526782313979
2025,6,2025-06,Karangsambung,0.8035041114058356,0.8108000000000001,0.63165,0.9126000000000001,0.04035833880860172
2025,7,2025-07,Ayah,0.759074367816092,0.7775500000000001,-0.0742,0.9619500000000001,0.1201386339681236
2025,7,2025-07,Buayan,0.748997314234557,0.7898000000000001,0.37755,0.9216000000000001,0.11411750878785046
2025,7,2025-07,Puring,0.6591135448136958,0.67705,0.2467,0.8519,0.09814017850904268
2025,7,2025-07,Petanahan,0.678076220362622,0.69825,0.09330000000000001,0.8480000000000001,0.0900663896390774
2025,7,2025-07,Klirong,0.6747360787172012,0.6768500000000001,-0.0119,0.8378500000000001,0.08874336356373952
2025,7,2025-07,Buluspesantren,0.6321138014527846,0.628925,0.2982,0.8925000000000001,0.10002667097515644
2025,7,2025-07,Ambal,0.6301029324055666,0.6397250000000001,0.3175,0.82775,0.10473403340049209
2025,7,2025-07,Mirit,0.6683887990762126,0.68605,0.15180000000000002,0.8525,0.09605992417019278
2025,7,2025-07,Prembun,0.6973050632911394,0.7091500000000001,0.40985,0.8469500000000001,0.07418771964762755
2025,7,2025-07,Kutowinangun,0.7116661061946903,0.7315,0.34490000000000004,0.8434,0.0820632988843145
2025,7,2025-07,Alian,0.7765435432230523,0.7881,0.5317500000000001,0.8809,0.05321850558447826
2025,7,2025-07,Kebumen,0.6556474409448818,0.6586750000000001,0.27215,0.86955,0.10888248594132838
2025,7,2025-07,Pejagoan,0.7480292955326462,0.7863,0.44665000000000005,0.90175,0.09946773007603858
2025,7,2025-07,Sruweng,0.7111929919137467,0.722925,0.36160000000000003,0.8888,0.1184170922371665
2025,7,2025-07,Adimulyo,0.633874442896936,0.6330500000000001,0.30485,0.8078000000000001,0.08855562341297198
2025,7,2025-07,Kuwarasan,0.5665215017064846,0.5681750000000001,0.35760000000000003,0.7923,0.06750585828551721
2025,7,2025-07,Rowokele,0.7720774086378737,0.79625,0.42775,0.91205,0.08757042136375309
2025,7,2025-07,Sempor,0.7729934984520125,0.8099500000000001,0.184,0.89605,0.09784564628244613
2025,7,2025-07,Gombong,0.5188140483383686,0.50355,0.2715,0.8421000000000001,0.0926684596039193
2025,7,2025-07,Karanganyar,0.705308640776699,0.7533000000000001,0.35960000000000003,0.91905,0.12864321548902763
2025,7,2025-07,Karanggayam,0.7930684497816595,0.8043750000000001,0.4319,0.9222,0.055388233513887795
2025,7,2025-07,Sadang,0.8233272961816306,0.84065,0.5335500000000001,0.9074000000000001,0.05656791214763923
2025,7,2025-07,Bonorowo,0.7026644444444444,0.7101000000000001,0.52525,0.80645,0.05060303185605277
2025,7,2025-07,Padureso,0.8025136467889907,0.8161750000000001,0.3929,0.8895500000000001,0.06180111247368719
2025,7,2025-07,Poncowarno,0.7841558241758242,0.7907000000000001,0.5301,0.9043,0.05017055585570271
2025,7,2025-07,Karangsambung,0.7938212643678161,0.80295,0.5776,0.8859,0.05140679930818733
2025,8,2025-08,Ayah,0.7444881221719457,0.766475,0.0443,0.9453,0.1225798031542944
2025,8,2025-08,Buayan,0.7127737924865832,0.738,0.306,0.9202,0.11575621728442871
2025,8,2025-08,Puring,0.656892509920635,0.6677500000000001,0.1398,0.88785,0.12987997871107765
2025,8,2025-08,Petanahan,0.6194007432432433,0.60565,0.20120000000000002,0.9147000000000001,0.13312317975962135
2025,8,2025-08,Klirong,0.6643664254703329,0.65105,0.39505,0.8406,0.10421454615179714
2025,8,2025-08,Buluspesantren,0.6767188725490197,0.684675,0.0618,0.8300500000000001,0.10210015993392359
2025,8,2025-08,Ambal,0.6418637948207172,0.6359250000000001,0.2535,0.81925,0.10123250407805823
2025,8,2025-08,Mirit,0.6132434832756632,0.61345,0.14575000000000002,0.8147500000000001,0.09400369348850904
2025,8,2025-08,Prembun,0.6284087341772152,0.6385500000000001,0.391,0.79915,0.0986577289133855
2025,8,2025-08,Kutowinangun,0.6712969026548673,0.6930000000000001,0.3466,0.8237500000000001,0.09278251057805838
2025,8,2025-08,Alian,0.6972101921024546,0.6989500000000001,0.38885000000000003,0.8923500000000001,0.08263716074718347
2025,8,2025-08,Kebumen,0.578687467191601,0.56765,0.3367,0.8557,0.10085037800547576
2025,8,2025-08,Pejagoan,0.6988653780068729,0.709325,0.44215000000000004,0.9206000000000001,0.10920280448945562
2025,8,2025-08,Sruweng,0.6710663746630727,0.669125,0.43935,0.90915,0.10790954528840438
2025,8,2025-08,Adimulyo,0.6325376044568246,0.65335,0.36745,0.81025,0.10831785106290343
2025,8,2025-08,Kuwarasan,0.6841279010238908,0.6908500000000001,0.4264,0.8250000000000001,0.0850554690153245
2025,8,2025-08,Rowokele,0.7201864894795128,0.73265,0.4198,0.88995,0.09278319914391536
2025,8,2025-08,Sempor,0.6624811764705881,0.66195,0.40465,0.8892,0.10193244819742113
2025,8,2025-08,Gombong,0.6246220543806648,0.6449,0.3568,0.8414,0.10203250768939659
2025,8,2025-08,Karanganyar,0.687616796116505,0.7004,0.4299,0.90015,0.09723760212198859
2025,8,2025-08,Karanggayam,0.6594559497816594,0.6652750000000001,0.3801,0.90075,0.11225448221506804
2025,8,2025-08,Sadang,0.7222894736842106,0.73955,0.3859,0.9164500000000001,0.10302712985772192
2025,8,2025-08,Bonorowo,0.5709926388888888,0.56855,0.35525,0.7342500000000001,0.06968032338219576
2025,8,2025-08,Padureso,0.7396663990825688,0.7599750000000001,0.3235,0.8901,0.07905469669395263
2025,8,2025-08,Poncowarno,0.7444167032967034,0.7478,0.5265500000000001,0.88205,0.055335835179979115
2025,8,2025-08,Karangsambung,0.7336464190981433,0.7446,0.4435,0.8945000000000001,0.08186160591232056
2025,9,2025-09,Ayah,0.6761598846153846,0.695875,0.050300000000000004,0.93415,0.1460153719923475
2025,9,2025-09,Buayan,0.753886660698299,0.7857500000000001,0.25315,0.9145500000000001,0.10869054610733392
2025,9,2025-09,Puring,0.6019596097560976,0.62355,0.1136,0.8617,0.15299841932180105
2025,9,2025-09,Petanahan,0.554047641509434,0.548125,0.20520000000000002,0.8502000000000001,0.15492428401683916
2025,9,2025-09,Klirong,0.6050037845705968,0.6063000000000001,0.29550000000000004,0.87955,0.1222908235488278
2025,9,2025-09,Buluspesantren,0.6439440853658536,0.6522,0.097,0.8361500000000001,0.10264937217689052
2025,9,2025-09,Ambal,0.6275323267326732,0.6378,0.0926,0.80545,0.10493194110654913
2025,9,2025-09,Mirit,0.5718724431818182,0.579975,0.129,0.8845500000000001,0.10720141312696035
2025,9,2025-09,Prembun,0.696379746835443,0.7053,0.387,0.8747,0.08703367321533446
2025,9,2025-09,Kutowinangun,0.6814158407079646,0.6879000000000001,0.34285000000000004,0.9197500000000001,0.10538767585692028
2025,9,2025-09,Alian,0.7082828708644612,0.7330500000000001,0.35715,0.9431,0.11291236802171148
2025,9,2025-09,Kebumen,0.5360725721784777,0.51825,0.2602,0.91235,0.11314683560094493
2025,9,2025-09,Pejagoan,0.6953625429553265,0.704475,0.33325,0.9055000000000001,0.1270475711729904
2025,9,2025-09,Sruweng,0.6431728436657682,0.640125,0.2788,0.91635,0.1382871063917554
2025,9,2025-09,Adimulyo,0.5984802924791086,0.6091500000000001,0.22875,0.7667,0.08504314040122014
2025,9,2025-09,Kuwarasan,0.6050968430034129,0.63275,0.17345000000000002,0.7776000000000001,0.10549898084896316
2025,9,2025-09,Rowokele,0.7599825581395349,0.7887000000000001,0.39315,0.9269000000000001,0.10446458368513212
2025,9,2025-09,Sempor,0.7204227554179568,0.75355,0.1781,0.96935,0.12367589323441443
2025,9,2025-09,Gombong,0.6046700906344411,0.6103500000000001,0.27305,0.83665,0.0935110771650063
2025,9,2025-09,Karanganyar,0.6784186407766991,0.6844,0.28915,0.88485,0.11111359831357882
2025,9,2025-09,Karanggayam,0.7170344432314412,0.7518,0.17975000000000002,0.9336000000000001,0.1159990962042982
2025,9,2025-09,Sadang,0.766746697626419,0.79635,0.38020000000000004,0.91705,0.09967899587273388
2025,9,2025-09,Bonorowo,0.589928888888889,0.595275,0.31995,0.82975,0.08780989424058777
2025,9,2025-09,Padureso,0.7382014908256882,0.745325,0.39135000000000003,0.9259000000000001,0.08554631547102043
2025,9,2025-09,Poncowarno,0.7106931868131868,0.71365,0.40890000000000004,0.8903000000000001,0.08224366542798926
2025,9,2025-09,Karangsambung,0.7148723253757737,0.7366,0.18095,0.9226000000000001,0.11712446344394901
2025,10,2025-10,Ayah,0.5951074845679013,0.6057,0.0,0.9861000000000001,0.15940362310726186
2025,10,2025-10,Buayan,0.6123128801431128,0.6376000000000001,0.0184,0.9399000000000001,0.15892955065134323
2025,10,2025-10,Puring,0.509726959247649,0.5076,-0.0786,0.9751000000000001,0.1682928005385714
2025,10,2025-10,Petanahan,0.49263540740740747,0.48410000000000003,0.1247,0.9072,0.16851328495277387
2025,10,2025-10,Klirong,0.5572625920471281,0.554,0.15910000000000002,0.8288000000000001,0.1016220013014385
2025,10,2025-10,Buluspesantren,0.5601680387409201,0.5715,0.12660000000000002,0.7531,0.10279073370150825
2025,10,2025-10,Ambal,0.5479667689161554,0.5705,0.0458,0.9338000000000001,0.1489358101051822
2025,10,2025-10,Mirit,0.4874092272202999,0.48810000000000003,0.0543,0.8994000000000001,0.13801890634151293
2025,10,2025-10,Prembun,0.5127106329113924,0.5242,0.1715,0.8056000000000001,0.10479136976908182
2025,10,2025-10,Kutowinangun,0.5423504424778761,0.5514,0.0777,0.9846,0.15266454620489267
2025,10,2025-10,Alian,0.5218689434364995,0.5348,0.0814,0.9167000000000001,0.10764924943144107
2025,10,2025-10,Kebumen,0.46316535433070866,0.4521,0.1428,0.8404,0.11508532647228058
2025,10,2025-10,Pejagoan,0.5666649484536084,0.61455,0.1721,0.9404,0.12507136097029958
2025,10,2025-10,Sruweng,0.4584128032345014,0.4582,0.12940000000000002,0.7524000000000001,0.12421253408227038
2025,10,2025-10,Adimulyo,0.4425380222841226,0.44625000000000004,0.10880000000000001,0.7259,0.09624795951236975
2025,10,2025-10,Kuwarasan,0.4491672354948805,0.45775,0.0818,0.7457,0.11750267044326905
2025,10,2025-10,Rowokele,0.6656004429678849,0.6848000000000001,0.1361,0.9898,0.16363179630410632
2025,10,2025-10,Sempor,0.7110695975232199,0.773,0.1268,0.9325,0.15490740367542252
2025,10,2025-10,Gombong,0.507529003021148,0.4995,0.26730000000000004,0.8669,0.09825185224718673
2025,10,2025-10,Karanganyar,0.6058842718446603,0.597,0.1421,0.8795000000000001,0.17955730049316326
2025,10,2025-10,Karanggayam,0.7416699781659389,0.7827000000000001,0.22460000000000002,0.9680000000000001,0.10432624825360114
2025,10,2025-10,Sadang,0.7256406604747162,0.8009000000000001,0.2151,0.9725,0.15031864963211036
2025,10,2025-10,Bonorowo,0.3966669444444444,0.39695,0.0108,0.7716000000000001,0.1464005494509924
2025,10,2025-10,Padureso,0.5662032110091743,0.5915,0.10830000000000001,0.9125000000000001,0.13127225277067348
2025,10,2025-10,Poncowarno,0.5925936263736263,0.6109,0.11040000000000001,0.9900000000000001,0.1714909161181001
2025,10,2025-10,Karangsambung,0.6033088417329797,0.6131,0.12380000000000001,0.9875,0.13218159671710422
2025,11,2025-11,Ayah,0.6755467851739788,0.7395499999999999,-0.0454,0.8958,0.1994032849865237
2025,11,2025-11,Buayan,0.6644826494201607,0.73155,0.05405,0.9069,0.18850333915231082
2025,11,2025-11,Puring,0.4713139296187684,0.5132,0.02215,0.8402000000000001,0.19156720360890744
2025,11,2025-11,Petanahan,0.4333855731225297,0.4345,0.06895,0.7284,0.16007292859734534
2025,11,2025-11,Klirong,0.4694558992805756,0.49115000000000003,0.1422,0.799,0.15187988831965166
2025,11,2025-11,Buluspesantren,0.39186918886198546,0.407725,0.0368,0.7270500000000001,0.14635881663310477
2025,11,2025-11,Ambal,0.4296082582582583,0.43735,0.043000000000000003,0.76685,0.126687096579759
2025,11,2025-11,Mirit,0.47443826185101584,0.48645000000000005,0.07475,0.7945500000000001,0.10235563746740124
2025,11,2025-11,Prembun,0.5064786075949368,0.5074000000000001,0.0687,0.7785000000000001,0.13377531968300077
2025,11,2025-11,Kutowinangun,0.5236781415929204,0.5528000000000001,0.10805000000000001,0.7691,0.15936932296353667
2025,11,2025-11,Alian,0.6915773212379935,0.72475,0.20315,0.87185,0.12965822981507735
2025,11,2025-11,Kebumen,0.43003792650918643,0.404725,0.11760000000000001,0.8781500000000001,0.13656236609895783
2025,11,2025-11,Pejagoan,0.6932916666666666,0.7647250000000001,0.2601,0.90215,0.16314581110857174
2025,11,2025-11,Sruweng,0.626233153638814,0.7366250000000001,0.11805,0.8884000000000001,0.22331971038186732
2025,11,2025-11,Adimulyo,0.32203878830083565,0.32682500000000003,-0.0109,0.64775,0.11725558418525957
2025,11,2025-11,Kuwarasan,0.3420870307167236,0.33537500000000003,0.026250000000000002,0.67335,0.12993749285801895
2025,11,2025-11,Rowokele,0.6461576411960134,0.6822,-0.05435,0.85675,0.14700773498108843
2025,11,2025-11,Sempor,0.6750561919504644,0.7066,0.1481,0.8902,0.1273654465953288
2025,11,2025-11,Gombong,0.4088903323262839,0.38665,0.21685000000000001,0.8474,0.12042453866960355
2025,11,2025-11,Karanganyar,0.6412931067961165,0.72665,0.12995,0.8992,0.21098597313625078
2025,11,2025-11,Karanggayam,0.7556041211790393,0.7643000000000001,0.46715,0.8966000000000001,0.07609348580228195
2025,11,2025-11,Sadang,0.7408692982456141,0.7644500000000001,0.42345,0.8726,0.0811810209797179
2025,11,2025-11,Bonorowo,0.46485194444444444,0.46940000000000004,0.18510000000000001,0.67645,0.10025699128626737
2025,11,2025-11,Padureso,0.7058136467889908,0.72455,0.34825,0.8923500000000001,0.07736549946566938
2025,11,2025-11,Poncowarno,0.6384740659340659,0.6518,0.3163,0.89795,0.09774296083789508
2025,11,2025-11,Karangsambung,0.7492788682581787,0.77785,0.3539,0.88905,0.09114635780474753
2025,12,2025-12,Ayah,0.6515618902439025,0.6684,0.04145,0.9302,0.14282761074328135
2025,12,2025-12,Buayan,0.7301351917930419,0.74265,0.1789,0.9523,0.11808286439101394
2025,12,2025-12,Puring,0.6832882121807466,0.7366,0.10490000000000001,0.8818,0.14164645746756319
2025,12,2025-12,Petanahan,0.6680633744855967,0.6716500000000001,0.2467,0.8796,0.08892941589322073
2025,12,2025-12,Klirong,0.5958061863173217,0.59435,0.2884,0.8895500000000001,0.1180550542085128
2025,12,2025-12,Buluspesantren,0.6457308261405673,0.6601,0.17700000000000002,0.92325,0.1251287616440076
2025,12,2025-12,Ambal,0.6938392857142857,0.7288000000000001,0.0455,0.88385,0.13840245133161647
2025,12,2025-12,Mirit,0.6939197038724374,0.727225,0.14555,0.8874000000000001,0.12497993954804887
2025,12,2025-12,Prembun,0.6951788607594938,0.73045,0.27515,0.8923500000000001,0.12507513368288176
2025,12,2025-12,Kutowinangun,0.6740036283185841,0.7311500000000001,0.23155,0.8813500000000001,0.15652823186821943
2025,12,2025-12,Alian,0.7134461045891142,0.7333500000000001,0.18050000000000002,0.9248000000000001,0.12146352394956822
2025,12,2025-12,Kebumen,0.5618409448818897,0.5442,0.10655,0.9126500000000001,0.14893594675867364
2025,12,2025-12,Pejagoan,0.6975096219931272,0.716675,0.2258,0.94745,0.1535050394368314
2025,12,2025-12,Sruweng,0.6564099056603774,0.65595,0.29005000000000003,0.93755,0.1337464033307044
2025,12,2025-12,Adimulyo,0.578266852367688,0.5864750000000001,0.21300000000000002,0.8580500000000001,0.1116434101911863
2025,12,2025-12,Kuwarasan,0.5963028156996587,0.594725,0.23075,0.8526,0.1066862043937366
2025,12,2025-12,Rowokele,0.7532435215946843,0.7826000000000001,0.1368,0.94425,0.11847861947196953
2025,12,2025-12,Sempor,0.7587571207430341,0.7889,0.050100000000000006,0.9275500000000001,0.11189451469970838
2025,12,2025-12,Gombong,0.631281419939577,0.6303000000000001,0.3279,0.89395,0.0983611402284826
2025,12,2025-12,Karanganyar,0.7109394174757282,0.74105,0.21155000000000002,0.9134500000000001,0.1427916984466945
2025,12,2025-12,Karanggayam,0.7684812227074235,0.81015,0.31925000000000003,0.9499000000000001,0.11186932998747065
2025,12,2025-12,Sadang,0.7378399896800826,0.76995,0.375,0.9111,0.12507637209913722
2025,12,2025-12,Bonorowo,0.70275,0.7317,0.31585,0.85485,0.1043810106719076
2025,12,2025-12,Padureso,0.7596907110091743,0.7798,0.2952,0.94765,0.09769193458158473
2025,12,2025-12,Poncowarno,0.7257316483516484,0.7322000000000001,0.46325,0.92125,0.08669317278294207
2025,12,2025-12,Karangsambung,0.7112194076038905,0.72285,0.3423,0.905,0.11116546978453574
